year	index_on_site	source_page	bibliography	doi_links	relevance_review_hint	identity_review_state
2021	1	https://www.itp.nsc.ru/publikacii/2021/2021stati.html	Minakov A.V., Guzei D.V., Pryazhnikov M.I., Filimonov S. A., Voronenkova Y.O. 3D pore-scale modeling of nanofluids-enhanced oil recovery // Petroleum Exploration and Development. - 2021. - Vol. 48, iss. 4. - P. 956-967. DOI ; WOS , Q1; SCOPUS ; РИНЦ		NOT_KEYWORD_MATCHED	NEEDS_DOI_VERSION_AND_AFFILIATION_REVIEW
2021	2	https://www.itp.nsc.ru/publikacii/2021/2021stati.html	"Messerle V.E., Askarova A.S., Bolegenova S.A., Maximov V.Y., Nugymanova A.O. 3D simulation of heat and mass transfer for testing of ""clean energy"" production technologies // Thermophysics and Aeromechanics. - 2021. - Vol. 28, iss. 2. - P. 271 - 280. DOI ; WOS, Q4; SCOPUS ; РИНЦ (Мессерле В.Е., Аскарова А.С., Болегенова С.А., Максимов В.Ю., Нугыманова А.О. 3d моделирование процессов тепломассопереноса при использовании ""чистых технологий"" производства энергии // Теплофизика и аэромеханика. - 2021. - Т. 28, № 2. - С. 291-301. РИНЦ )."		NOT_KEYWORD_MATCHED	NEEDS_DOI_VERSION_AND_AFFILIATION_REVIEW
2021	3	https://www.itp.nsc.ru/publikacii/2021/2021stati.html	Shestakov M.V., Markovich D.M. 3D structure of the flow in a near wake behind a cylinder in the slot channel // Thermophysics and Aeromechanics. - 2021. - Vol. 28, iss. 6. - P. 765 - 770. DOI; WOS , Q4; SCOPUS; РИНЦ (Шестаков М.В., Маркович Д.М., Трехмерная структура потока в ближнем следе за цилиндром в щелевом канале// Теплофизика и аэромеханика. – 2021. – Т. 28, № 6. – С. 807-812. РИНЦ ).		NOT_KEYWORD_MATCHED	NEEDS_DOI_VERSION_AND_AFFILIATION_REVIEW
2021	4	https://www.itp.nsc.ru/publikacii/2021/2021stati.html	Shadrin E.Yu., Anufriev I.S., Alekseenko S.V. 3D-LDA diagnostics of a swirled flow in the model of an improved four-vortex furnace // Journal of Physics: Conference Series. - 2021. - Vol. 2088, iss. 1. - 012041. - 4 p. DOI ; SCOPUS ; РИНЦ		NOT_KEYWORD_MATCHED	NEEDS_DOI_VERSION_AND_AFFILIATION_REVIEW
2021	5	https://www.itp.nsc.ru/publikacii/2021/2021stati.html	Voulgaropoulos V., Kadivar M., Moghimi M.A., Maher M., Alawadi H., Matar O.K., Markides C.N. A combined experimental and computational study of phase-change dynamics and flow inside a sessile water droplet freezing due to interfacial heat transfer // International Journal of Heat and Mass Transfer. - 2021. - Vol.180. - 121803. - 15 p. DO I; WOS , Q1; SCOPUS ; РИНЦ		KEYWORD_CANDIDATE	NEEDS_DOI_VERSION_AND_AFFILIATION_REVIEW
2021	6	https://www.itp.nsc.ru/publikacii/2021/2021stati.html	Gorbachev M., Terekhov V. A comparative analysis of schemes of indirect evaporation type apparatuses // Journal of Physics: Conference Series. - 2021. - Vol. 2057. - 012130. - 6 p. DOI ; SCOPUS ; РИНЦ		KEYWORD_CANDIDATE	NEEDS_DOI_VERSION_AND_AFFILIATION_REVIEW
2021	7	https://www.itp.nsc.ru/publikacii/2021/2021stati.html	Shvetsov D.A., Pavlenko A.N., Brester A.E., Zhukov V.I. A map of regimes of evaporation and boiling in the horizontal liquid layer on the modified surface // Journal of Physics: Conference Series. – 2021. – Vol. 2039, iss. 1. - 012033. - 6 p. DOI; SCOPUS ; РИНЦ		KEYWORD_CANDIDATE	NEEDS_DOI_VERSION_AND_AFFILIATION_REVIEW
2021	8	https://www.itp.nsc.ru/publikacii/2021/2021stati.html	Karelin V.A., Salomatov V.V. A review of modern numerical and analytical models of heat transfer in a dielectric layer during melting due to microwave radiation // Journal of Physics: Conference Series. - 2021. - Vol. 2119, iss. 1. - 012074. - 6 p. DOI ; SCOPUS ; РИНЦ		KEYWORD_CANDIDATE	NEEDS_DOI_VERSION_AND_AFFILIATION_REVIEW
2021	9	https://www.itp.nsc.ru/publikacii/2021/2021stati.html	Koehler M., Pomaska M., Procel P., Santbergen R., Zamchiy A., Macco B., Lambertz A., Duan W., Cao P., Klingebiel B. A silicon carbide-based highly transparent passivating contact for crystalline silicon solar cells approaching efficiencies of 24% // Nature energy. – 2021. – Vol. 6, iss. 5. – P. 529-537. - 8 p. DOI ; WOS , Q1; SCOPUS ; РИНЦ		NOT_KEYWORD_MATCHED	NEEDS_DOI_VERSION_AND_AFFILIATION_REVIEW
2021	10	https://www.itp.nsc.ru/publikacii/2021/2021stati.html	Semenov D.O., Dvoynishnikov S.V., Kulikov D.V., Meledin V.G., Chybov A.S. A software and hardware system for synchronous control of the optical system for visual control of dynamic objects // Journal of Physics: Conference Series. - 2021. - Vol. 2057. - 012089. - 5 p. DOI ; SCOPUS ; РИНЦ		NOT_KEYWORD_MATCHED	NEEDS_DOI_VERSION_AND_AFFILIATION_REVIEW
2021	11	https://www.itp.nsc.ru/publikacii/2021/2021stati.html	Palkin E., Mullyadzhanov R., Hadziabdic M., Hanjalic K. Active heat transfer and flow control over a cylinder by rotary oscillations // AIP Conference Proceedings. – 2021. – Vol. 2351. – 040044. - 4 p. DOI ; SCOPUS ; РИНЦ		KEYWORD_CANDIDATE	NEEDS_DOI_VERSION_AND_AFFILIATION_REVIEW
2021	12	https://www.itp.nsc.ru/publikacii/2021/2021stati.html	Kozyulin N.N., Bobrov M.S., Hrebtov M.Y. Adjoint shape optimization of a duct for a wall jet film cooling setup // Journal of Physics: Conference Series. – 2021. – Vol. 2119, iss. 1. – 012018. - 6 p. DOI ; SCOPUS ; РИНЦ		KEYWORD_CANDIDATE	NEEDS_DOI_VERSION_AND_AFFILIATION_REVIEW
2021	13	https://www.itp.nsc.ru/publikacii/2021/2021stati.html	Gorelikov E., Litvinov I., Shtork S. Aerodynamics and characteristics of the premixed swirl flame // AIP Conference Proceedings. – 2021. – Vol. 2351. - 030082. - 7 p. DOI ; SCOPUS ; РИНЦ		NOT_KEYWORD_MATCHED	NEEDS_DOI_VERSION_AND_AFFILIATION_REVIEW
2021	14	https://www.itp.nsc.ru/publikacii/2021/2021stati.html	Bozheeva D.M., Dekterev D.A., Dekterev Ar.A., Dekterev A.A., Platonov D.V. Aerodynamics of airfoil moving along a circular trajectory // Journal of Physics: Conference Series. – 2021. – Vol. 2119, iss. 1. – 012154. - 5 p. DOI ; SCOPUS ; РИНЦ		NOT_KEYWORD_MATCHED	NEEDS_DOI_VERSION_AND_AFFILIATION_REVIEW
2021	15	https://www.itp.nsc.ru/publikacii/2021/2021stati.html	Kuznetsov A.V., Abaimov N.A., Butakov E.B., Osipov P.V., Ryzhkov A.F. Air-blown conversion of micronized coal: numerical simulation and experiment // Combustion, Explosion and Shock Waves. – 2021. – Vol. 57, iss. 1. – P. 67-73. DOI ; WOS, Q4; SCOPUS ; РИНЦ (Кузнецов А.В., Абаимов Н.А., Бутаков Е.Б., Осипов П.В., Рыжков А.Ф. Исследование воздушной конверсии угля микропомола: численное моделирование и эксперимент // Физика горения и взрыва. – 2021. – Т. 57, № 1. – С. 72-79. DOI; РИНЦ ).		NOT_KEYWORD_MATCHED	NEEDS_DOI_VERSION_AND_AFFILIATION_REVIEW
2021	16	https://www.itp.nsc.ru/publikacii/2021/2021stati.html	Gigola T.G., Cheverda V.V., Karchevsky A.L., Kabov O.A. An experimental investigation of the heat transfer dynamics during drop impact onto a liquid layer // Journal of Physics: Conference Series. – 2021. - Vol. 1867, iss. 1. - 012035. - 5 p. DOI ; SCOPUS ; РИНЦ		KEYWORD_CANDIDATE	NEEDS_DOI_VERSION_AND_AFFILIATION_REVIEW
2021	17	https://www.itp.nsc.ru/publikacii/2021/2021stati.html	Shamirzaev A.S. An experimental study of flow boiling heat transfer of zeotropic mixture R32/R134a in a microchannel heat exchanger // Journal of Physics: Conference Series. - 2021. - Vol. 2119, iss. 1. - 012072. - 5 p. DOI ; SCOPUS ; РИНЦ		KEYWORD_CANDIDATE	NEEDS_DOI_VERSION_AND_AFFILIATION_REVIEW
2021	18	https://www.itp.nsc.ru/publikacii/2021/2021stati.html	Moran H.R., Zogg D., Voulgaropoulos V., Van den Bergh W.J., Dirker J., Meyer J.P., Matar O.K., Markides C.N. An experimental study of the thermohydraulic characteristics of flow boiling in horizontal pipes: linking spatiotemporally resolved and integral measurements // Applied Thermal Engineering. – 2021. – Vol. 194. – 117085. - 53 p. DOI ; WOS , Q1; SCOPUS ; РИНЦ		KEYWORD_CANDIDATE	NEEDS_DOI_VERSION_AND_AFFILIATION_REVIEW
2021	19	https://www.itp.nsc.ru/publikacii/2021/2021stati.html	Gogonin I.I. Analysis of heat and mass transfer characteristics of distillation column with structured packings with different geometrical parameters // Journal of Engineering Thermophysics. – 2021. – Vol. 30, iss. 4. – P. 597–606. DOI ; WOS , Q4; SCOPUS ; РИНЦ		NOT_KEYWORD_MATCHED	NEEDS_DOI_VERSION_AND_AFFILIATION_REVIEW
2021	20	https://www.itp.nsc.ru/publikacii/2021/2021stati.html	Usov E.V., Lobanov P.D., Klimonov I.A, Sycheva T.V., Chuhno V.I., Butov A.A., Kudashov I.G. Analysis of the cladding melt relocation along the surface of the fuel pin with help of the SAFR module // Journal of Physics: Conference Series. - 2021. - Vol. 2057. - 012126. - 5 p. DOI ; SCOPUS ; РИНЦ		NOT_KEYWORD_MATCHED	NEEDS_DOI_VERSION_AND_AFFILIATION_REVIEW
2021	21	https://www.itp.nsc.ru/publikacii/2021/2021stati/2.html	Perepelitsa B.V., Sukhorukova E.Y., Ovchinnikov V.V. Analysis of the shape of a capillary liquid bridge in a gap between large diameter spheres // Thermophysics and Aeromechanics. - 2021. - Vol. 28, iss. 5. - P. 677-687. DOI ; WOS, Q4; SCOPUS ; РИНЦ (Перепелица Б.В., Сухорукова Е.Ю., Овчинников В.В. Анализ формы капиллярного жидкого мостика в зазоре между сферами большого диаметра // Теплофизика и аэромеханика. – 2021. – Т. 28, № 5. – С. 719-729. РИНЦ ).		KEYWORD_CANDIDATE	NEEDS_DOI_VERSION_AND_AFFILIATION_REVIEW
2021	22	https://www.itp.nsc.ru/publikacii/2021/2021stati/2.html	Filimonov S.A., Meshkova V.D., Dekterev A.A. Gavrilov A.A., Litvintsev K.Yu., Shebelev A.V. Analysis of vortex structures formed in the winter in the atmosphere of Krasnoyarsk city // Journal of Physics: Conference Series. - 2021. - Vol. 2088, iss.1. - 012014. - 7 p. DOI ; SCOPUS ; РИНЦ		NOT_KEYWORD_MATCHED	NEEDS_DOI_VERSION_AND_AFFILIATION_REVIEW
2021	23	https://www.itp.nsc.ru/publikacii/2021/2021stati/2.html	Lukashov V.V., Turgambaeva A.E., Igumenov I.K. Analytical model of the process of thermal barrier coating by the mo cvd method // Coatings. – 2021. – Vol. 11, iss. 11. – 1390. - 8 p. DOI ; WOS , Q2; SCOPUS ; РИНЦ		NOT_KEYWORD_MATCHED	NEEDS_DOI_VERSION_AND_AFFILIATION_REVIEW
2021	24	https://www.itp.nsc.ru/publikacii/2021/2021stati/2.html	Sharifullin B.R., Naumov I.V. Angular momentum transfer across the interface of two immiscible liquids // Thermophysics and Aeromechanics. – 2021. – Vol. 28, iss. 1. – P. 65-76. DOI ; WOS , Q4; SCOPUS ; РИНЦ (Шарифуллин Б.Р., Наумов И.В. Передача углового момента через границу раздела двух несмешиваемых жидкостей // Теплофизика и аэромеханика. - 2021. - Т. 28, № 1. - С. 67-78 РИНЦ ).		NOT_KEYWORD_MATCHED	NEEDS_DOI_VERSION_AND_AFFILIATION_REVIEW
2021	25	https://www.itp.nsc.ru/publikacii/2021/2021stati/2.html	Tarkov S.M, Popov V. P, Nadolinny V.A, Podlesny S.N, Timoshenko N.I, Rebrov A.K, Yemelyanov A.A, Yudin I.B, Plotnikov M.Yu, Volodin V. A, Vdovin V.I. Applicability of gas-jet MPCVD polycrystalline diamond films on silicon with NV centers in quantum magnetometry // Journal of Physycs: Conference Series. - 2021. - Vol. 2119, iss. 1. - 012120. - 6 p. DOI ; SCOPUS ; РИНЦ		NOT_KEYWORD_MATCHED	NEEDS_DOI_VERSION_AND_AFFILIATION_REVIEW
2021	26	https://www.itp.nsc.ru/publikacii/2021/2021stati/2.html	Rakhmanov V.V., Dvoynishnikov S.V., Meledin V.G., Pavlov V.A., Semenov D.O. Application features of micro-pixel avalanche photodetectors in the laser Doppler anemometers // Journal of Physics: Conference Series. - 2021. - Vol. 2057. - 012088. - 6 p. DOI ; SCOPUS ; РИНЦ		NOT_KEYWORD_MATCHED	NEEDS_DOI_VERSION_AND_AFFILIATION_REVIEW
2021	27	https://www.itp.nsc.ru/publikacii/2021/2021stati/2.html	Semenov A.A., Peschenyuk Y.A., Vozhakov I.S. Application of aqueous solutions of surfactants in pulsating heat pipe // Journal of Engineering Thermophysics. – 2021. – Vol. 30, iss. 1. – P. 58-63. DOI ; WOS , Q4; SCOPUS ; РИНЦ		KEYWORD_CANDIDATE	NEEDS_DOI_VERSION_AND_AFFILIATION_REVIEW
2021	28	https://www.itp.nsc.ru/publikacii/2021/2021stati/2.html	Stebeleva O.P., Minakov A.V. Application of cavitation in oil processing: an overview of mechanisms and results of treatment // ACS Omega. - 2021. - Vol. 6, iss. 47. - P. 31411–31420. DOI ; WOS , Q2; SCOPUS ; РИНЦ		NOT_KEYWORD_MATCHED	NEEDS_DOI_VERSION_AND_AFFILIATION_REVIEW
2021	29	https://www.itp.nsc.ru/publikacii/2021/2021stati/2.html	Pryazhnikov M.I., Minakov A.V., Pryazhnikov A.I., Denisov I.A., Yakimov A.S., Nemtsev I.V. Application of microfluidic technologies for enhanced oil recovery // Journal of Physics: Conference Series. - 2021. - Vol. 2119, iss. 1. - 012067. - 6 p. DOI ; SCOPUS ; РИНЦ		KEYWORD_CANDIDATE	NEEDS_DOI_VERSION_AND_AFFILIATION_REVIEW
2021	30	https://www.itp.nsc.ru/publikacii/2021/2021stati/2.html	Litvintsev K.Yu., Sentyabov A.V. Application of the finite volume method for calculating radiation heat transfer in applied problems // Bulletin of the South Ural State University. Mathematical Modelling, Programming and Computer Software. - 2021. - Vol. 14, iss. 3. - P. 77-91. DO I; WOS ; SCOPUS ; РИНЦ (Литвинцев К.Ю., Сентябов А.В. Применение метода конечных объемов для расчета переноса излучения в прикладных задачах // Вестник Южно-Уральского государственного университета. Серия: Математическое моделирование и программирование. – 2021. – Т.14, №3. – С. 77-91)		KEYWORD_CANDIDATE	NEEDS_DOI_VERSION_AND_AFFILIATION_REVIEW
2021	31	https://www.itp.nsc.ru/publikacii/2021/2021stati/2.html	Plotnikov M.Y., Shkarupa E.V. Application of the heat balance for estimating the hydrogen dissociation rate constant on the tantalum surface // Thermophysics and Aeromechanics. - 2021. - Vol. 28, iss. 4. - P. 555-562. DOI; WOS , Q4; SCOPUS ; РИНЦ (Плотников М.Ю., Шкарупа Е.В. Использование теплового баланса для оценки константы скорости диссоциации водорода на поверхности тантала // Теплофизика и аэромеханика. - 2021. - Vol. 28, № 4. - С. 591-598. РИНЦ)		NOT_KEYWORD_MATCHED	NEEDS_DOI_VERSION_AND_AFFILIATION_REVIEW
2021	32	https://www.itp.nsc.ru/publikacii/2021/2021stati/2.html	Bartkus G.V., Kuznetsov V.V. Application of the laser-induced fluorescence to study local characteristics of a gas-liquid flow in rectangular microchannel // Journal of Physics: Conference Series. – 2021. – Vol. 2127, iss. 1. – 012008. - 5 p. DOI ; SCOPUS ; РИНЦ		KEYWORD_CANDIDATE	NEEDS_DOI_VERSION_AND_AFFILIATION_REVIEW
2021	33	https://www.itp.nsc.ru/publikacii/2021/2021stati/2.html	Salnikov M. V. Approximate determination of the plasma potential spatial distribution in the isolated dust particle vicinity // Journal of Physics Conference Series – 2021 - Vol. 2119, iss. 1. - 012169. - 6 p. DOI ; SCOPUS ; РИНЦ		NOT_KEYWORD_MATCHED	NEEDS_DOI_VERSION_AND_AFFILIATION_REVIEW
2021	34	https://www.itp.nsc.ru/publikacii/2021/2021stati/2.html	Dulin V., Sharaborin D., Tolstoguzov R., Lobasov A., Chikishev L., Markovich D., Wang S., Fu C., Liu X., Li Y., Gao Y. Assessment of single-shot temperature measurements by thermally-assisted OH PLIF using excitation in the A 2 Sigma + -X 2 П (1-0) band // Proceedings of the Combustion Institute. - 2021. - Vol. 38, iss. 1. - P. 1877-1883. DOI ; WOS , Q1; SCOPUS ; РИНЦ		NOT_KEYWORD_MATCHED	NEEDS_DOI_VERSION_AND_AFFILIATION_REVIEW
2021	35	https://www.itp.nsc.ru/publikacii/2021/2021stati/2.html	Shadrin E.Y., Anufriev I.S. Sharypov O.V. Atomization and combustion of coal-water slurry fuel sprayed by a pneumatic nozzle // Journal of Applied Mechanics and Technical Physics. – 2021. - Vol. 62, iss. 3. – P. 490-495. DOI ; WOS ; Q4; SCOPUS ; РИНЦ (Шадрин Е.Ю., Ануфриев И.С., Шарыпов О.В. Исследование процесса распыления и сжигания водоугольного топлива с использованием пневматической форсунки // Прикладная механика и техническая физика. - 2021. - Т. 62, № 3. - С. 165-171. DOI ; РИНЦ ).		KEYWORD_CANDIDATE	NEEDS_DOI_VERSION_AND_AFFILIATION_REVIEW
2021	36	https://www.itp.nsc.ru/publikacii/2021/2021stati/2.html	Fedotova Y.V., Epifanov R.U., Karpenko A.A., Mullyadzhanov R.I. Automatically hemodynamic analysis of AAA from CT images based on deep learning and CFD approaches // Journal of Physics: Conference Series. – 2021. – Vol. 2119, iss. 1. – 012069. - 6 p. DOI ; SCOPUS ; РИНЦ		NOT_KEYWORD_MATCHED	NEEDS_DOI_VERSION_AND_AFFILIATION_REVIEW
2021	37	https://www.itp.nsc.ru/publikacii/2021/2021stati/2.html	Misyura S.Y. Behavior of microparticles in colloidal solution // AIP Conference Proceedings. – 2021. – Vol. 2422. – 020001. - 4 p. DOI ; SCOPUS ; РИНЦ		NOT_KEYWORD_MATCHED	NEEDS_DOI_VERSION_AND_AFFILIATION_REVIEW
2021	38	https://www.itp.nsc.ru/publikacii/2021/2021stati/2.html	Lukashov V.V., Naumkin V.S. Calculating the effective thickness of the thermal barrier coating // Journal of Physics: Conference Series. - Vol. 2057. - 012135. - 6 p. DOI ; SCOPUS ; РИНЦ		NOT_KEYWORD_MATCHED	NEEDS_DOI_VERSION_AND_AFFILIATION_REVIEW
2021	39	https://www.itp.nsc.ru/publikacii/2021/2021stati/2.html	Dekterev A.A., Kuznetsov V.A., Tepfer E.S. Calculation analysis of heat transfer in a four-vortex furnace of a pulverized coal boiler when operating at various loads // Journal of Physics: Conference Series. - 2021. - Vol. 2119, iss. 1. - 012149. - 5 p. DOI ; SCOPUS ; РИНЦ		KEYWORD_CANDIDATE	NEEDS_DOI_VERSION_AND_AFFILIATION_REVIEW
2021	40	https://www.itp.nsc.ru/publikacii/2021/2021stati/2.html	Geshev P.I. Calculation of evaporation length of a liquid bridge flowing between inclined hot tubes // Journal of Physics: Conference Series. – 2021. – Vol. 2119, iss. 1. – 012056. - 8 p. DOI ; SCOPUS ; РИНЦ		KEYWORD_CANDIDATE	NEEDS_DOI_VERSION_AND_AFFILIATION_REVIEW
2021	41	https://www.itp.nsc.ru/publikacii/2021/2021stati/3.html	Brester A.E., Zhukov V.I., Shvetsov D.A., Pavlenko A.N. Calculation of heat transfer coefficients for explosive boiling of a liquid under conditions of low pressure // Journal of Physics: Conference Series. – 2021. – Vol. 2119, iss. 1. – 012080. - 6 p. DOI ; SCOPUS ; РИНЦ		KEYWORD_CANDIDATE	NEEDS_DOI_VERSION_AND_AFFILIATION_REVIEW
2021	42	https://www.itp.nsc.ru/publikacii/2021/2021stati/3.html	Trifonov Y.Y. Calculation of linear and nonlinear stability of two-layer liquid flow in a horizontal plane channel // Journal of Applied Mechanics and Technical Physics. – 2021. – Vol. 62, iss. 3. – P. 429-440. DOI ; WOS , Q4; SCOPUS ; РИНЦ (Трифонов Ю.Я. Расчет линейной и нелинейной устойчивости двухслойного течения жидкости в горизонтальном плоском канале // Прикладная механика и техническая физика. - 2021. - Т. 62, № 3 (367). - С. 91-104. DOI ; РИНЦ ).		NOT_KEYWORD_MATCHED	NEEDS_DOI_VERSION_AND_AFFILIATION_REVIEW
2021	43	https://www.itp.nsc.ru/publikacii/2021/2021stati/3.html	Borodulin V.Yu., Nizovtsev M.I. Calculation of the efficiency of regenerative air heat exchanger with intermediate heat carrier // Journal of Construction Research. – 2021. – Vol. 3, iss. 1. – P. 30-36. DOI ; РИНЦ		NOT_KEYWORD_MATCHED	NEEDS_DOI_VERSION_AND_AFFILIATION_REVIEW
2021	44	https://www.itp.nsc.ru/publikacii/2021/2021stati/3.html	Glavnyi V.G., Rakhmanov V.V., Dvoynishnikov S.V., Krotov S.V., Meledin V.G. Calibration platform controller of the laser Doppler anemometer // Journal of Physics: Conference Series. - 2021. - Vol. 2057. - 012092. - 5 p. DOI ; SCOPUS ; РИНЦ		NOT_KEYWORD_MATCHED	NEEDS_DOI_VERSION_AND_AFFILIATION_REVIEW
2021	45	https://www.itp.nsc.ru/publikacii/2021/2021stati/3.html	Agazhanov A.Sh., Samoshkin D.A., Stankus S.V. Caloric and transport properties of zirconium alloy E-110 in a wide temperature range // Thermophysics and Aeromechanics. – 2021. – Vol. 28, iss. 4. - P. 577 - 581. DOI ; WOS , Q4; SCOPUS; РИНЦ (Агажанов А.Ш., Самошкин Д.А., Станкус С.В. Калорические и переносные свойства циркониевого сплава Э-110 в широком интервале температур // Теплофизика и аэромеханика. – 2021. – Т. 28, № 4. – С. 615-619. РИНЦ )		NOT_KEYWORD_MATCHED	NEEDS_DOI_VERSION_AND_AFFILIATION_REVIEW
2021	46	https://www.itp.nsc.ru/publikacii/2021/2021stati/3.html	Derzho O.G. Capillary-gravitational waves and storage of liquid CO 2 in the oceans // Journal of Physics: Conference Series. – 2021. – Vol. 2119, iss. 1. – 012057. – 5 p. DOI ; SCOPUS ; РИНЦ		KEYWORD_CANDIDATE	NEEDS_DOI_VERSION_AND_AFFILIATION_REVIEW
2021	47	https://www.itp.nsc.ru/publikacii/2021/2021stati/3.html	Morozov V.S. Change in velocity inside a sessile drop after another droplet falls // AIP Conference Proceedings. – 2021. – Vol. 2422. – 020004. - 5 p. DOI ; SCOPUS ; РИНЦ		NOT_KEYWORD_MATCHED	NEEDS_DOI_VERSION_AND_AFFILIATION_REVIEW
2021	48	https://www.itp.nsc.ru/publikacii/2021/2021stati/3.html	Lemanov V.V., Terekhov V.I., Sharov K.A., Shumeiko A.A. Characteristics of the circular subsonic laminar jets flow with an initial Poiseuille profile // Journal of Physics: Conference Series. – 2021. - Vol. 2119, iss. 1. - 012021. - 6 p. DO I; SCOPUS ; РИНЦ		NOT_KEYWORD_MATCHED	NEEDS_DOI_VERSION_AND_AFFILIATION_REVIEW
2021	49	https://www.itp.nsc.ru/publikacii/2021/2021stati/3.html	Pinaev V. A. Charged particles density distribution in the cathode fall region of the glow discharge in helium // Journal of Physics: Conference Series. - 2021. - Vol. 2119, iss. 1. - 012111. - 5 p. DOI; SCOPUS ; РИНЦ		NOT_KEYWORD_MATCHED	NEEDS_DOI_VERSION_AND_AFFILIATION_REVIEW
2021	50	https://www.itp.nsc.ru/publikacii/2021/2021stati/3.html	Sulyaeva V.S., Gatapova E.Y., Kozhevnikov A.K., Rogilo D.I.,Saraev A.A., Yushina I.V., Khomyakov M.N., Shapovalova A.A., Shayapov V.R., Bhaskar N.,Tu R., Kosinova M.L. Chemical structure and functional properties of amorphous boron carbonitride films // Journal of Structural Chemistry. - 2021. - Vol. 62, iss. 8. - P. 1309-1324. DOI ; WOS , Q4; SCOPUS ; РИНЦ		NOT_KEYWORD_MATCHED	NEEDS_DOI_VERSION_AND_AFFILIATION_REVIEW
2021	51	https://www.itp.nsc.ru/publikacii/2021/2021stati/3.html	Anufriev I., Kovyev E., Alekseenko S., Sharypov O., Butakov E., Vigriyanov M., Sadkin I. Cleaner crude oil combustion during superheated steam atomization // Thermal Science. – 2021. – Vol. 25, iss. 1, pt. A. – P. 331-345. DOI ; WOS , Q4; SCOPUS ; РИНЦ		NOT_KEYWORD_MATCHED	NEEDS_DOI_VERSION_AND_AFFILIATION_REVIEW
2021	52	https://www.itp.nsc.ru/publikacii/2021/2021stati/3.html	Chernyavskiy A.N., Malakhov I.P. CNN-based visual analysis to study local boiling characteristics // Journal of Physics: Conference Series. – 2021. – Vol. 2119, iss. 1. – 012068. - 4 p. DOI ; SCOPUS ; РИНЦ		KEYWORD_CANDIDATE	NEEDS_DOI_VERSION_AND_AFFILIATION_REVIEW
2021	53	https://www.itp.nsc.ru/publikacii/2021/2021stati/3.html	Shadrin E. Y., Anufriev I. S., Butakov, E. B., Kopyev E. P., Alekseenko S. V., Maltsev L. I., Sharypov O. V. Coal-water slurry atomization in a new pneumatic nozzle and combustion in a low-power industrial burner // Fuel. – 2021. – Vol. 303. – 121182. - 11 p. DOI ; WOS , Q1; SCOPUS ; РИНЦ		NOT_KEYWORD_MATCHED	NEEDS_DOI_VERSION_AND_AFFILIATION_REVIEW
2021	54	https://www.itp.nsc.ru/publikacii/2021/2021stati/3.html	Agazhanov A.Sh., Abdullaev R.N., Samoshkin D.A., Stankus S.V. Coefficients of heat transfer for liquid alloys of the Rb–Bi system // Russian Journal of Physical Chemistry A. – 2021. – Vol. 95, iss. 7. – P. 1291-1294. DOI ; WOS , Q4; SCOPUS ; РИНЦ (Агажанов А.Ш., Абдуллаев Р.Н., Самошкин Д.А., Станкус С.В. Коэффициенты переноса тепла жидких сплавов системы Rb-Bi // Журнал физической химии. – 2021. – Т. 95, № 7. – С. 971-974. DOI ; РИНЦ )		KEYWORD_CANDIDATE	NEEDS_DOI_VERSION_AND_AFFILIATION_REVIEW
2021	55	https://www.itp.nsc.ru/publikacii/2021/2021stati/3.html	Misyura Sergey Combustion of double gas hydrate // AIP Conference Proceedings. - 2021. - Vol. 2337. - 020013. - 4 p. DOI ; WOS ; SCOPUS ; РИНЦ		NOT_KEYWORD_MATCHED	NEEDS_DOI_VERSION_AND_AFFILIATION_REVIEW
2021	56	https://www.itp.nsc.ru/publikacii/2021/2021stati/3.html	Kopyev E.P., Anufriev I.S., Mukhina M.A., Sadkin I.S. Combustion of kerosene sprayed with a jet of superheated steam // Journal of Physycs: Conference Series. – 2021. – Vol. 2119, iss. 1. – 012040. - 6 p. DOI ; SCOPUS ; РИНЦ		KEYWORD_CANDIDATE	NEEDS_DOI_VERSION_AND_AFFILIATION_REVIEW
2021	57	https://www.itp.nsc.ru/publikacii/2021/2021stati/3.html	Kostogrud I.A., Boyko E.V., Matochkin P.E., Sorokin D.V. Comparing the methods of copper substrate polishing for CVD graphene synthesis // Journal of Physics: Conference Series. - 2021. - Vol. 2057. - 012121. - 6 p. DOI ; SCOPUS ; РИНЦ		NOT_KEYWORD_MATCHED	NEEDS_DOI_VERSION_AND_AFFILIATION_REVIEW
2021	58	https://www.itp.nsc.ru/publikacii/2021/2021stati/3.html	Morozov V.S. Comparison of emission concentrations during the combustion of a double hydrate propane-methane at different temperatures in a muffle furnace // Journal of Physics: Conference Series. – 2021. – Vol. 1867, iss. 1. – 12007. - 4 p. DOI ; SCOPUS ; РИНЦ		NOT_KEYWORD_MATCHED	NEEDS_DOI_VERSION_AND_AFFILIATION_REVIEW
2021	59	https://www.itp.nsc.ru/publikacii/2021/2021stati/3.html	Minakov A.V., Mikhienkova E.I., Neverov A.L., Rudyak V.Y. Comprehensive numerical study of the effect of nanoparticle additives on the cutting transport performance in horizontal boreholes // Journal of Computational Design and Engineering. – 2021. – Vol. 8, iss. 1. – P. 283-297. DOI ; WOS , Q1; SCOPUS ; РИНЦ .		NOT_KEYWORD_MATCHED	NEEDS_DOI_VERSION_AND_AFFILIATION_REVIEW
2021	60	https://www.itp.nsc.ru/publikacii/2021/2021stati/3.html	Meshkova V D, Dekterev A A. Computational fluid dynamics as a method for studying wind comfort // Journal of Physics: Conference Series. - 2021. - Vol. 2119, iss. 1. - 012155. - 5 p. DOI ; SCOPUS ; РИНЦ		NOT_KEYWORD_MATCHED	NEEDS_DOI_VERSION_AND_AFFILIATION_REVIEW
2021	61	https://www.itp.nsc.ru/publikacii/2021/2021stati/4.html	Guzei D.V., Ivanova S.V., Platonov D.V., Pryazhnikov A.I. Computational study of enhanced oil recovery from a porous medium using nanosuspension // Journal of Physics: Conference Series. - 2021. - Vol. 1867, iss. 1. - 012025. - 5 p. DOI ; SCOPUS ; РИНЦ		NOT_KEYWORD_MATCHED	NEEDS_DOI_VERSION_AND_AFFILIATION_REVIEW
2021	62	https://www.itp.nsc.ru/publikacii/2021/2021stati/4.html	Mitin K.A., Berdnikov V.S., Bodneva N.I., Ryabov V.O. Conjugate heat transfer in the mode of thermal gravitational-capillary convection in the model of a fuel tank, after a sudden heating of the sidewall // Journal of Physics: Conference Series. - 2021. - Vol. 2119, iss. 1. - 012164. - 6 p. DOI ; SCOPUS ; РИНЦ		KEYWORD_CANDIDATE	NEEDS_DOI_VERSION_AND_AFFILIATION_REVIEW
2021	63	https://www.itp.nsc.ru/publikacii/2021/2021stati/4.html	Kochkin D.Y., Bogoslovtseva A.L., Kabov O.A. Contact line dynamics on a substrate coated with a fluoropolymer // Journal of Physics: Conference Series. - 2021. - Vol. 2119, iss. 1. - 012132. - 4 p. DOI ; SCOPUS ; РИНЦ		NOT_KEYWORD_MATCHED	NEEDS_DOI_VERSION_AND_AFFILIATION_REVIEW
2021	64	https://www.itp.nsc.ru/publikacii/2021/2021stati/4.html	Lebedev A.S., Sorokin M.I., Markovich D.M. Control of flow separation over a circular cylinder using synthetic jet // Journal of Physics: Conference Series. – 2021. – Vol. 2119, iss. 1. - 012025. - 4 p. DOI ; SCOPUS ; РИНЦ		NOT_KEYWORD_MATCHED	NEEDS_DOI_VERSION_AND_AFFILIATION_REVIEW
2021	65	https://www.itp.nsc.ru/publikacii/2021/2021stati/4.html	Lebedev A., Dobroselsky K., Safonov A., Starinskiy S., Sulyaeva V., Lobasov A., Dulin V., Markides C.N. Control of the turbulent wake flow behind a circular cylinder by asymmetric sectoral hydrophobic coatings // Physics of Fluids. - 2021. - Vol. 33, iss. 12. - 121703. - 11 p. DOI ; WOS , Q1; SCOPUS ; РИНЦ		NOT_KEYWORD_MATCHED	NEEDS_DOI_VERSION_AND_AFFILIATION_REVIEW
2021	66	https://www.itp.nsc.ru/publikacii/2021/2021stati/4.html	Prikhodko V.G., Yarygin I.V., Yarygin V.N. Controlling the spatial flow structure behind a supersonic nozzle in vacuum // Thermophysics and Aeromechanics. - 2021. - Vol.28, iss. 4. - P. 595-598. DOI ; WOS ; Q4; SCOPUS ; РИНЦ (Приходько В.Г., Ярыгин И.В., Ярыгин В.Н. Управление пространственной структурой течения за сверхзвуковым соплом в вакууме // Теплофизика и аэромеханика. - 2021. - Т. 28, № 4. - С. 633-636. РИНЦ )		NOT_KEYWORD_MATCHED	NEEDS_DOI_VERSION_AND_AFFILIATION_REVIEW
2021	67	https://www.itp.nsc.ru/publikacii/2021/2021stati/4.html	Misyura S.Y., Bilsky A.V., Gobyzov O.A., Ryabov M.N., Morozov V.S. Convection in an evaporating drop of aqueous solution at a high concentration of microscopic particles // Journal of Physics: Conference Series. - 2021. - Vol. 2057. - 012100. - 5 p. DOI ; SCOPUS ; РИНЦ		KEYWORD_CANDIDATE	NEEDS_DOI_VERSION_AND_AFFILIATION_REVIEW
2021	68	https://www.itp.nsc.ru/publikacii/2021/2021stati/4.html	Ponomarenko T.G., Litvintceva A.A. Convection in droplets of various liquids into the air flow // Thermophysical Basis of Energy Technologies. – 2021. – Vol. 2337. – 020019. - 5 p. DOI ; WOS ; SCOPUS ; РИНЦ		NOT_KEYWORD_MATCHED	NEEDS_DOI_VERSION_AND_AFFILIATION_REVIEW
2021	69	https://www.itp.nsc.ru/publikacii/2021/2021stati/4.html	Gigola T.G., Litvintceva A.A. Convection inside a drop of aqueous salt solution of LiBr on a heated structured wall // AIP Conference Proceedings. - 2021. - Vol. 2422. - 020006. - 4 p. DOI ; SCOPUS ; РИНЦ		NOT_KEYWORD_MATCHED	NEEDS_DOI_VERSION_AND_AFFILIATION_REVIEW
2021	70	https://www.itp.nsc.ru/publikacii/2021/2021stati/4.html	Khomutov N., Misyura S., Piskunov M., Semyonova A., Strizhak P., Volkov R. Convective heat transfer in droplets of fuel microemulsions during conductive heating // Experimental Thermal and Fluid Science. - 2021. - Vol 120. - 110258. - 12 p. DOI ; WOS , Q1; SCOPUS ; РИНЦ		KEYWORD_CANDIDATE	NEEDS_DOI_VERSION_AND_AFFILIATION_REVIEW
2021	71	https://www.itp.nsc.ru/publikacii/2021/2021stati/4.html	Khandekar S., Sahu G., Muralidhar K., Gatapova E.Y., Kabov O.A., Hu R, Luo X., Zhao L. Cooling of high-power LEDs by liquid sprays: Challenges and prospects // Applied Thermal Engineering. - 2021. - Vol. 184. - 115640. - 61 p. DOI ; WOS , Q1; SCOPUS ; РИНЦ		KEYWORD_CANDIDATE	NEEDS_DOI_VERSION_AND_AFFILIATION_REVIEW
2021	72	https://www.itp.nsc.ru/publikacii/2021/2021stati/4.html	Naumov I.V., Skripkin S.G., Shtern V.N. Counterflow slip in a two-fluid whirlpool // Physics of Fluids. – 2021. – Vol. 33, iss. 6. – 061705. - 7 p. DOI ; WOS , Q1; SCOPUS ; РИНЦ		NOT_KEYWORD_MATCHED	NEEDS_DOI_VERSION_AND_AFFILIATION_REVIEW
2021	73	https://www.itp.nsc.ru/publikacii/2021/2021stati/4.html	Nikitin E.D., Popov A.P., Bogatishcheva N.S., Faizullin M.Z. Critical temperatures, pressures, heat capacities, and thermal diffusivities of three furanic biofuels // Journal of Chemical Thermodynamics. – 2021. – Vol. 161. – 106539. - 7 p. DOI ; WOS , Q2; SCOPUS ; РИНЦ		NOT_KEYWORD_MATCHED	NEEDS_DOI_VERSION_AND_AFFILIATION_REVIEW
2021	74	https://www.itp.nsc.ru/publikacii/2021/2021stati/4.html	Komarov S.G., Stankus S.V. Density and speed of sound in refrigerant vapor R-125 (31 wt. %) + R-134A (69 wt. %) // Journal of Physics: Conference Series. - 2021. - Vol. 2057. - 012105. - 4 p. DOI ; SCOPUS ; РИНЦ		NOT_KEYWORD_MATCHED	NEEDS_DOI_VERSION_AND_AFFILIATION_REVIEW
2021	75	https://www.itp.nsc.ru/publikacii/2021/2021stati/4.html	Abdullaev R.N., Khairulin R.A., Kozlovskii Y.M., Stankus S.V. Density and thermal expansion of high purity cobalt over the temperature range from 140 k to 2073 k // Metallurgical and Materials Transactions. A: Physical Metallurgy and Materials Science. - 2021. - Vol. 52, iss.12. - P. 5449-5456. DOI ; WOS , Q1; SCOPUS ; РИНЦ		NOT_KEYWORD_MATCHED	NEEDS_DOI_VERSION_AND_AFFILIATION_REVIEW
2021	76	https://www.itp.nsc.ru/publikacii/2021/2021stati/4.html	Khairulin R.A., Stankus S.V. Density of perfluorooctane on the line of liquid-vapor equilibriu // Russian Journal of Physical Chemistry. A. – 2021. – Vol. 95, iss. 4. – P. 677-681. DOI ; WOS , Q4; SCOPUS ; РИНЦ (Хайрулин Р.А., Станкус С.В. Плотность перфтороктана на линии равновесия жидкость-пар // Журнал физической химии. - 2021. - Т. 95, № 4. - С. 529-533. DO I; РИНЦ ).		NOT_KEYWORD_MATCHED	NEEDS_DOI_VERSION_AND_AFFILIATION_REVIEW
2021	77	https://www.itp.nsc.ru/publikacii/2021/2021stati/4.html	Sibiryakov N. Dependence of the surfactant solutions surface tension on the concentration and on the temperature // Journal of Physics: Conference Series. - 2021. - Vol. 1867, iss. 1. - 012026. - 4 p. DOI ; SCOPUS ; РИНЦ		NOT_KEYWORD_MATCHED	NEEDS_DOI_VERSION_AND_AFFILIATION_REVIEW
2021	78	https://www.itp.nsc.ru/publikacii/2021/2021stati/4.html	Mikhaylov A.V., Grishkov V.A., Berdnikov V.S. Dependence of the temperature fields of a thin vertical wall on the intensity of the oncoming flow of a heated liquid // Journal of Physics: Conference Series. – 2021. - Vol. 1867, iss. 1. - 012040. - 7 p. DOI ; SCOPUS ; РИНЦ		NOT_KEYWORD_MATCHED	NEEDS_DOI_VERSION_AND_AFFILIATION_REVIEW
2021	79	https://www.itp.nsc.ru/publikacii/2021/2021stati/4.html	Melnik A.V., Petrova A.V., Bogoslovtseva A.L., Safonov A.I. Deposition of fluoropolymer coating on a metal mesh for manufacturing of oil-water emulsion separating membranes // Journal of Physics: Conference Series. - 2021. - Vol. 1867, iss. 1. - 012012. - 4 p. DO I; SCOPUS ; РИНЦ		NOT_KEYWORD_MATCHED	NEEDS_DOI_VERSION_AND_AFFILIATION_REVIEW
2021	80	https://www.itp.nsc.ru/publikacii/2021/2021stati/4.html	Petrova A.V., Bogoslovtseva A.L., Safonov A.I. Deposition of fluoropolymer coating on stainless steel surface from plasma of glow discharge // Journal of Physics: Conference Series. - 2021. - Vol. 2119, iss. 1. - 012125. - 4 p. DOI ; SCOPUS ; РИНЦ		NOT_KEYWORD_MATCHED	NEEDS_DOI_VERSION_AND_AFFILIATION_REVIEW
2021	81	https://www.itp.nsc.ru/publikacii/2021/2021stati/5.html	Rodionov A.A., Starinskiy S.V, Shukhov Yu.G., Bulgakov A.V. Deposition of oxide nanostructures by nanosecond laser ablation of silicon in an oxygen-containing background gas // Thermophysics and Aeromechanics. - 2021. - Vol. 28, iss. 4. - P. 549-554. DOI ; WOS , Q4; SCOPUS ; РИНЦ (Родионов А.А., Старинский С.В., Шухов Ю.Г., Булгаков А.В. Осаждение оксидных наноструктур наносекундной лазерной абляцией кремния в кислородсодержащем фоновом газе // Теплофизика и аэромеханика. – 2021. – Т. 21, № 4. – С. 585-590. РИНЦ .)		NOT_KEYWORD_MATCHED	NEEDS_DOI_VERSION_AND_AFFILIATION_REVIEW
2021	82	https://www.itp.nsc.ru/publikacii/2021/2021stati/5.html	Petrova I.V., Ermolov V.I., Rebrov A.K. Design features of a high-vacuum steam jet pump and some results of its tests // Journal of Physics: Conference Series. - 2021. - Vol. 2119, iss. 1. - 012167. - 5 p. DOI ; SCOPUS ; РИНЦ		NOT_KEYWORD_MATCHED	NEEDS_DOI_VERSION_AND_AFFILIATION_REVIEW
2021	83	https://www.itp.nsc.ru/publikacii/2021/2021stati/5.html	Shtork S.I., Litvinov I.V., Gorelikov E.Yu., Suslov D.A. Determination of the parameters of an axial pico-hydroturbine for various operating regimes // Thermophysics and Aeromechanics. - 2021. - Vol. 28, iss. 4. - P. 599-602. DOI; WOS , Q4; SCOPUS ; РИНЦ (Шторк С.И., Литвинов И.В., Гореликов Е.Ю., Суслов Д.А. Определение параметров осевой пикогидротурбины для различных режимов работы // Теплофизика и аэромеханика. – 2021. - Т. 28, № 4. – С. 637-640. РИНЦ ).		NOT_KEYWORD_MATCHED	NEEDS_DOI_VERSION_AND_AFFILIATION_REVIEW
2021	84	https://www.itp.nsc.ru/publikacii/2021/2021stati/5.html	Usov E.V., Lobanov P.D., Pribaturin N.A. Developing approaches to analysis of melt motion on the surface of a fuel pin // Thermal Engineering. – 2021. – Vol. 68, iss. 4. – P. 278-284. DOI ; WOS ; SCOPUS ; РИНЦ (Усов Э.В., Лобанов П.Д., Прибатурин Н.А. Развитие подходов к анализу движения расплава по поверхности тепловыделяющего элемента // Теплоэнергетика. – 2021. – № 4. – С. 27-34. DOI ; РИНЦ ).		NOT_KEYWORD_MATCHED	NEEDS_DOI_VERSION_AND_AFFILIATION_REVIEW
2021	85	https://www.itp.nsc.ru/publikacii/2021/2021stati/5.html	Meledin V.G., Dvoinishnikov S.V., Kabardin I.K., Chubov A.S., Bakakin G.V., Kabardin A.K., Pavlov V.A., Pravdina M.Kn., Yavorsky N.I. Developing the laser doppler anemometry method for the diagnostics of kinematic parameters of a turbulent flow in the near wall region // Journal of Physics: Conference Series. - 2021. - Vol. 2057. - 012096. - 6 p. DOI ; SCOPUS ; РИНЦ		NOT_KEYWORD_MATCHED	NEEDS_DOI_VERSION_AND_AFFILIATION_REVIEW
2021	86	https://www.itp.nsc.ru/publikacii/2021/2021stati/5.html	Strelnik A.S., Dvoinishnikov S.V., Meledin V.G., Rahmanov V.V., Bakakin G.V., Kabardin I.K., Kabardin A.K. Developing the software and hardware complex to diagnose the ascent of gas bubbles in a liquid metal by the Doppler anemometry method // Journal of Physics: Conference Series. - 2021. - Vol. 2057. - 012093. - 6 p. DOI ; SCOPUS ; РИНЦ		NOT_KEYWORD_MATCHED	NEEDS_DOI_VERSION_AND_AFFILIATION_REVIEW
2021	87	https://www.itp.nsc.ru/publikacii/2021/2021stati/5.html	Cherdantsev M.V., Isaenkov S.V., Cherdantsev A.V., Markovich D.M. Development and interaction of disturbance waves in downward annular gas-liquid flow // International Journal of Multiphase Flow. - 2021. - Vol. 138. - 103614. - 17 p. DOI ; WOS , Q1; SCOPUS ; РИНЦ		NOT_KEYWORD_MATCHED	NEEDS_DOI_VERSION_AND_AFFILIATION_REVIEW
2021	88	https://www.itp.nsc.ru/publikacii/2021/2021stati/5.html	Zhigarev V. A., Minakov A. V., Guzei D. V., Pryazhnikov M. I., Panteleev V. I. Development of a mathematical model of diesel-generator units with a valve-inductor generator // Journal of Physics: Conference Series. - 2021. - Vol. 2057, iss.1. - 012076. - 6 p. DOI ; SCOPUS ; РИНЦ		NOT_KEYWORD_MATCHED	NEEDS_DOI_VERSION_AND_AFFILIATION_REVIEW
2021	89	https://www.itp.nsc.ru/publikacii/2021/2021stati/5.html	Pavlenko A.N., Kuznetsov D.V. Development of methods for heat transfer enhancement during nitrogen boiling to ensure the stabilization of HTS devices // Journal of Engineering Thermophysics. – 2021. – Vol. 30, iss. 4. – P. 526-562. DOI ; WOS , Q4; SCOPUS ; РИНЦ		KEYWORD_CANDIDATE	NEEDS_DOI_VERSION_AND_AFFILIATION_REVIEW
2021	90	https://www.itp.nsc.ru/publikacii/2021/2021stati/5.html	Gordienko M.R., Kabardin I.K., Meledin V.G., Kabardin A.K., Pravdina M.Kh., Rahmanov V.V., Kakaulin S.V., Pavlov V.A., Yavorsky N.I. Development of the method of laser Doppler anemometry for diagnostics of turbulent flows at high speed // Journal of Physics: Conference Series. – 2021. – Vol. 2119, iss. 1. – P. 012110. - 6 p. DOI ; SCOPUS ; РИНЦ		NOT_KEYWORD_MATCHED	NEEDS_DOI_VERSION_AND_AFFILIATION_REVIEW
2021	91	https://www.itp.nsc.ru/publikacii/2021/2021stati/5.html	Meledin V.G., Dvoinishnikov S.V., Kabardin I.K., Chubov A.S., Bakakin G.V., Kabardin A.K. Development of the method of laser Doppler spectroscopy of nanoparticles in liquids and implementation of the method in the LAD-079 spectrometer // Journal of Physics: Conference Series. - 2021. - Vol. 2057. - 012094. - 6 p. DOI ; SCOPUS ; РИНЦ		NOT_KEYWORD_MATCHED	NEEDS_DOI_VERSION_AND_AFFILIATION_REVIEW
2021	92	https://www.itp.nsc.ru/publikacii/2021/2021stati/5.html	Mitina A.V., Berdnikov V.S., Mitin K.A. Development of unsteady boundary layers on the generatrices of a vertical silicon rod heated by electric current in the mode of conjugate radiation-convective heat transfer // Journal of Physics: Conference Series. - 2021. - Vol. 2119, iss. 1. - 012163. - 7 p. DOI ; SCOPUS ; РИНЦ		KEYWORD_CANDIDATE	NEEDS_DOI_VERSION_AND_AFFILIATION_REVIEW
2021	93	https://www.itp.nsc.ru/publikacii/2021/2021stati/5.html	Kabov O.A., Zubavichus Ya.V., Cooper K.E., Pukhovoy M.V., Vinokurov V.V., Finnikov K.A., Ronshin F.V., Nikitin A.A., Bykovskaya E.F., Vinokurov V.A., Mungalov A.S., Marchuk I.V. Device cooling features in wiggler synchrotron workstations // Journal of Physics: Conference Series. - 2021. - Vol. 2119. - 012129. - 7 p. DOI ; РИНЦ		KEYWORD_CANDIDATE	NEEDS_DOI_VERSION_AND_AFFILIATION_REVIEW
2021	94	https://www.itp.nsc.ru/publikacii/2021/2021stati/5.html	Anufriev I.S., Kopyev E.P. , Sadkin I.S., Mukhina M.A. Diesel and waste oil combustion in a new steam burner with low NO x emission // Fuel. - 2021. - Vol. 290. - 120100. - 9 p. DOI ; WOS , Q1; SCOPUS ; РИНЦ		NOT_KEYWORD_MATCHED	NEEDS_DOI_VERSION_AND_AFFILIATION_REVIEW
2021	95	https://www.itp.nsc.ru/publikacii/2021/2021stati/5.html	Misyura S.Y. Different modes of heat transfer and crystallization in a drop of NaCl solution: The influence of key factors on the crystallization rate and the heat transfer coefficient // International Journal of Thermal Sciences. - 2021. - Vol. 159. - 106602. - 9 p. DOI ; WOS , Q1; SCOPUS ; РИНЦ		KEYWORD_CANDIDATE	NEEDS_DOI_VERSION_AND_AFFILIATION_REVIEW
2021	96	https://www.itp.nsc.ru/publikacii/2021/2021stati/5.html	Misyura S.Y., Donskoy I.G. Dissociation and combustion of a layer of methane hydrate powder: ways to increase the efficiency of combustion and degassing // Energies. – 2021. – Vol. 14, iss. 16. – 4855. - 16 p. DOI ; WOS , Q3; SCOPUS ; РИНЦ		NOT_KEYWORD_MATCHED	NEEDS_DOI_VERSION_AND_AFFILIATION_REVIEW
2021	97	https://www.itp.nsc.ru/publikacii/2021/2021stati/5.html	Marasanov N.V., Glezer V.V. Dissociation of methane hydrate in a layer of powder at various low temperatures // AIP Conference Proceedings. - 2021. - Vol. 2422. - 020008. - 4 p. DOI ; SCOPUS ; РИНЦ		NOT_KEYWORD_MATCHED	NEEDS_DOI_VERSION_AND_AFFILIATION_REVIEW
2021	98	https://www.itp.nsc.ru/publikacii/2021/2021stati/5.html	Misyura S. Dissociation of the gas hydrate of complex composition during combustion // AIP Conference Proceedings. - 2021. - Vol. 2337. - 020014. - 5 p. DOI ; WOS ; SCOPUS ; РИНЦ		NOT_KEYWORD_MATCHED	NEEDS_DOI_VERSION_AND_AFFILIATION_REVIEW
2021	99	https://www.itp.nsc.ru/publikacii/2021/2021stati/5.html	Isupov M.V. Distributed ferromagnetic enhanced inductive plasma source for plasma processing // Journal of Physics: Conference Series. - 2021. - Vol. 2119, iss. 1. - 012115. - 4 p. DOI ; SCOPUS ; РИНЦ		NOT_KEYWORD_MATCHED	NEEDS_DOI_VERSION_AND_AFFILIATION_REVIEW
2021	100	https://www.itp.nsc.ru/publikacii/2021/2021stati/5.html	Pervunin K.S., Timoshevskiy M.V., Ilyushin B.B. Distribution of probability of the vapor phase occurrence in a cavitating flow based on the concentration of PIV tracers in liquid // Experiments in Fluids. - 2021. - Vol. 62, iss. 12. - 247. - 12 p. DOI ; WOS , Q2; SCOPUS ; РИНЦ		NOT_KEYWORD_MATCHED	NEEDS_DOI_VERSION_AND_AFFILIATION_REVIEW
2021	101	https://www.itp.nsc.ru/publikacii/2021/2021stati/6.html	Pakhomov M.A., Terekhov V.I. Droplet evaporation in a gas-droplet mist dilute turbulent flow behind a backward-facing step // Water. – 2021. – Vol. 13, iss. 17. – 2333. - 16 p. DOI ; WOS , Q2; SCOPUS ; РИНЦ		KEYWORD_CANDIDATE	NEEDS_DOI_VERSION_AND_AFFILIATION_REVIEW
2021	102	https://www.itp.nsc.ru/publikacii/2021/2021stati/6.html	Plotnikov M., Shkarupa E. DSMC simulation of two-step dissociation-recombination of hydrogen on tantalum surface // Computers & Fluids. – 2021. – Vol. 214. – 104778. - 11 p. DOI ; WOS , Q2; SCOPUS ; РИНЦ		NOT_KEYWORD_MATCHED	NEEDS_DOI_VERSION_AND_AFFILIATION_REVIEW
2021	103	https://www.itp.nsc.ru/publikacii/2021/2021stati/6.html	Skripkin S.G., Sharifullin B.R., Naumov I.V., Shtern V.N. Dual vortex breakdown in a two-fluid whirlpool // Scientific Reports. - 2021`. - Vol. 11, iss. 1. - 23085. - 7 p. DOI ; WOS, Q1; SCOPUS ; РИНЦ		NOT_KEYWORD_MATCHED	NEEDS_DOI_VERSION_AND_AFFILIATION_REVIEW
2021	104	https://www.itp.nsc.ru/publikacii/2021/2021stati/6.html	Bolshukhin M.A., Budnikov A.V., Shmelev E.I., Kulikov D.A., Loginov A.V., Pribaturin N.A., Lobanov P.D., Meledin V.G., Suvorov A.S., Stulenkov A.V. Dynamic measurements of the flow and structure oscillations to validate FSI calculations // Nuclear Engineering and Design. - 2021. - Т. 381. - 111336. - 8 p. DOI ; WOS , Q2; РИНЦ		NOT_KEYWORD_MATCHED	NEEDS_DOI_VERSION_AND_AFFILIATION_REVIEW
2021	105	https://www.itp.nsc.ru/publikacii/2021/2021stati/6.html	Ronshin F., Sielaff A., Tadrist L., Stephan P., Kabov O. Dynamics of bubble growth during boiling at microgravity // Journal of Physics: Conference Series – 2021. - Vol. 2119, iss. 1. - 012170. - 5 p. DOI ; SCOPUS ; РИНЦ		KEYWORD_CANDIDATE	NEEDS_DOI_VERSION_AND_AFFILIATION_REVIEW
2021	106	https://www.itp.nsc.ru/publikacii/2021/2021stati/6.html	Kochkin D.Y., Mungalov A.S., Derevyannikov I.A. Dynamics of bubble growth under a heated substrate // Journal of Physics: Conference Series. - 2021. - Vol. 2119, iss. 1. - 012134. - 5 p. DOI ; SCOPUS ; РИНЦ		NOT_KEYWORD_MATCHED	NEEDS_DOI_VERSION_AND_AFFILIATION_REVIEW
2021	107	https://www.itp.nsc.ru/publikacii/2021/2021stati/6.html	Kochkin D.Y. Dynamics of the contact line on a non-uniformly heated silicon substrate // AIP Conference Proceedings. - 2021. - Vol. 2422. - 040010. - 4 p. DOI ; SCOPUS ; РИНЦ		NOT_KEYWORD_MATCHED	NEEDS_DOI_VERSION_AND_AFFILIATION_REVIEW
2021	108	https://www.itp.nsc.ru/publikacii/2021/2021stati/6.html	Kondaurova L.P., Andryushchenko V.A. Dynamics, properties and spectrum of reconnecting vortex loops in superfluid helium (Review article) // Low Temperature Physics. - 2021. - Vol. 47, iss. 9. - P. 740-753. DOI ; WOS , Q4; SCOPUS ; РИНЦ		NOT_KEYWORD_MATCHED	NEEDS_DOI_VERSION_AND_AFFILIATION_REVIEW
2021	109	https://www.itp.nsc.ru/publikacii/2021/2021stati/6.html	Barsukov A.V., Terekhov V.V., Terekhov V.I. Effect of a passive disturbance on the flow structure and heat transfer in the separation region behind a backward-facing step // High Temperature. - 2021. - Vol. 59, iss. 1. - P. 115-120. DOI ; WOS , Q4; SCOPUS ; РИНЦ ( Барсуков А.В., Терехов В.В., Терехов В.И. Влияние пассивного возмущения на структуру течения и теплообмен в отрывной области за обратной ступенькой // Теплофизика высоких температур. – 2021. – Т. 59, № 1. – С. 126-132. DOI ; РИНЦ )		KEYWORD_CANDIDATE	NEEDS_DOI_VERSION_AND_AFFILIATION_REVIEW
2021	110	https://www.itp.nsc.ru/publikacii/2021/2021stati/6.html	Alekseev A.V., Strekalov V.V., Khasin A.A., Predtechenskiy M.R. Effect of additives of carbon nanotubes and oxide nanofibers on the mechanical properties of aluminum ADO after thermomechanical processing // Inorganic Materials-Applied Research. – 2021. – Vol. 12, iss. 5. – P. 1302-1309. DOI ; WOS ; SCOPUS ; РИНЦ		NOT_KEYWORD_MATCHED	NEEDS_DOI_VERSION_AND_AFFILIATION_REVIEW
2021	111	https://www.itp.nsc.ru/publikacii/2021/2021stati/6.html	Safonov A.I., Bogoslovtseva A.L., Sulyaeva V.S., Kiseleva M.S., Zhidkov I.S., Starinskiy S.V. Effect of annealing on the structure and properties of thin fluoropolymer coatings prepared by HW CVD // Journal of Structural Chemistry. - 2021. - Vol. 62, iss. 9. - P. 1441 - 1446. DOI ; WOS , Q4; SCOPUS ; РИНЦ (Сафонов А.И., Богословцева А.Л., Суляева В.С., Киселева М.С., Жидков И.С., Старинский С.В. Влияние отжига на строение и свойства тонких фторполимерных покрытий, полученных методом HW CVD // Журнал структурной химии. - 2021. - Т. 62, №9. - С. 1539-1545. DOI ; РИНЦ ).		NOT_KEYWORD_MATCHED	NEEDS_DOI_VERSION_AND_AFFILIATION_REVIEW
2021	112	https://www.itp.nsc.ru/publikacii/2021/2021stati/6.html	Semenov A.A., Zaitsev D.V., Kabov O.A. Effect of coatings with vertically and horizontally oriented carbon nanotubes on evaporation of water droplets // Interfacial Phenomena and Heat Transfer. - 2021. - Vol. 9, iss. 1. - P. 87-96. DOI ; WOS ; SCOPUS ; РИНЦ		KEYWORD_CANDIDATE	NEEDS_DOI_VERSION_AND_AFFILIATION_REVIEW
2021	113	https://www.itp.nsc.ru/publikacii/2021/2021stati/6.html	Lobasov A.S. Effect of coherent structures on convective heat transfer in a swirling impinging jet // Journal of Physics: Conference Series. – 2021. – Vol. 2119, iss. 1. - 012014. - 6 p. DOI ; SCOPUS ; РИНЦ		KEYWORD_CANDIDATE	NEEDS_DOI_VERSION_AND_AFFILIATION_REVIEW
2021	114	https://www.itp.nsc.ru/publikacii/2021/2021stati/6.html	Vladimirov V.Yu., Khmel S.Ya., Safonov A.I., Semionov V.V., Chinnov E.A. Effect of fluoropolymer spots on pool boiling heat transfer // Journal of Physics: Conference Series. - 2021. - Vol. 2119, iss. 1. - 012087. - 6 p. DOI ; SCOPUS ; РИНЦ		KEYWORD_CANDIDATE	NEEDS_DOI_VERSION_AND_AFFILIATION_REVIEW
2021	115	https://www.itp.nsc.ru/publikacii/2021/2021stati/6.html	Misyura S.Y., Feoktistov D.V., Morozov V.S., Orlova E.G., Kuznetsov G.V., Islamova A.G. Effect of heat treatment on corrosion of laser-textured aluminum alloy surfaces // Journal of Materials Science. – 2021. – Vol. 56, iss. 22. – P. 12845-12863. - 19 p. DOI; WOS , Q2; SCOPUS ; РИНЦ		NOT_KEYWORD_MATCHED	NEEDS_DOI_VERSION_AND_AFFILIATION_REVIEW
2021	116	https://www.itp.nsc.ru/publikacii/2021/2021stati/6.html	Geshev P.I. Effect of intermittency on thickness and heat transfer of turbulent falling liquid film // Thermophysics and Aeromechanics. – 2021. – Vol. 28, iss. 2. – P. 209-222. DOI ; WOS , Q4; SCOPUS ; РИНЦ (Гешев П.И. Влияние перемежаемости на толщину и теплообмен турбулентной стекающей пленки жидкости // Теплофизика и аэромеханика. - 2021. - Т. 28, № 2. - С. 225-238. РИНЦ ).		KEYWORD_CANDIDATE	NEEDS_DOI_VERSION_AND_AFFILIATION_REVIEW
2021	117	https://www.itp.nsc.ru/publikacii/2021/2021stati/6.html	Sakhnov A., Lukashov V.V. Effect of local turbulent structures on the hot jet in transitional flow // Journal of Physics: Conference Series. - 2021. - Vol. 2119, iss. 1. - 012009. - 6 p. DOI ; SCOPUS ; РИНЦ		NOT_KEYWORD_MATCHED	NEEDS_DOI_VERSION_AND_AFFILIATION_REVIEW
2021	118	https://www.itp.nsc.ru/publikacii/2021/2021stati/6.html	Zaitsev D.V., Kabov O.A., Batishcheva K.A., Kuznetsov G.V., Orlova E.G. Effect of mechanical polishing of aluminum alloy surfaces on wetting and droplet evaporation at constant and cyclically varying pressure in the chamber // Journal of Materials Science. - 2021. - Vol. 56, iss. 36. - P. 20154–20168. DOI ; WOS , Q2; SCOPUS ; РИНЦ		KEYWORD_CANDIDATE	NEEDS_DOI_VERSION_AND_AFFILIATION_REVIEW
2021	119	https://www.itp.nsc.ru/publikacii/2021/2021stati/6.html	Zhukov V.E., Slesareva E.Y., Pavlenko A.N. Effect of modification of heat-release surface on heat transfer in nucleate boiling at free convection of freon // Journal of Engineering Thermophysics. – 2021. – Vol. 30, iss. 1. – P. 1-13. DOI ; WOS , Q4; SCOPUS , РИНЦ		KEYWORD_CANDIDATE	NEEDS_DOI_VERSION_AND_AFFILIATION_REVIEW
2021	120	https://www.itp.nsc.ru/publikacii/2021/2021stati/6.html	Nizovtsev M.I, Letushko V.N. Effect of phase transitions on operation of air-to-air heat exchangers with drop irrigation // Journal of Physics: Conference Series. - 2021. - Vol. 2119, iss. 1. - 012076. - 7 p. DOI ; SCOPUS ; РИНЦ		NOT_KEYWORD_MATCHED	NEEDS_DOI_VERSION_AND_AFFILIATION_REVIEW
2021	121	https://www.itp.nsc.ru/publikacii/2021/2021stati/7.html	Barsukov A.V., Terekhov V.V., Terekhov V.I. Effect of the attack angle of the ribs on the flow and heat transfer in a flat channel // Journal of Physics: Conference Series. – 2021. – Vol. 2119, iss. 1. – 012027. - 4 p. DO I; SCOPUS ; РИНЦ		KEYWORD_CANDIDATE	NEEDS_DOI_VERSION_AND_AFFILIATION_REVIEW
2021	122	https://www.itp.nsc.ru/publikacii/2021/2021stati/7.html	Vladimirov V.Yu., Khmel S.Ya. Effect of the distance between the micro/nanostructures on pool boiling heat transfer with water on a copper heater // Journal of Physics: Conference Series. - 2021. - V. 2119, iss. 1. - 012081. - 6 p. DOI ; SCOPUS ; РИНЦ		KEYWORD_CANDIDATE	NEEDS_DOI_VERSION_AND_AFFILIATION_REVIEW
2021	123	https://www.itp.nsc.ru/publikacii/2021/2021stati/7.html	Fedyaeva O.N., Shishkin A.V., Vostrikov A.A. Effect of the fuel equivalence ratio on the mechanisms of thiophene oxidation in water vapor at Increased density of the reagents // ACS Omega. - 2021. - Vol. 6, iss. 20. - P. 13134 - 13143. DOI ; WOS , Q2; SCOPUS ; РИНЦ		NOT_KEYWORD_MATCHED	NEEDS_DOI_VERSION_AND_AFFILIATION_REVIEW
2021	124	https://www.itp.nsc.ru/publikacii/2021/2021stati/7.html	Emelyanov A.A, Plotnikov M.Yu, Timoshenko N.I., Yudin I.B. Effective cooling of substrates with low thermal conductivity under conditions of gas-jet MPCVD diamond synthesis // Journal of Physycs: Conference Series. - 2021. - Vol. 2119, iss. 1. - 012119. - 6 p. DOI ; SCOPUS ; РИНЦ		KEYWORD_CANDIDATE	NEEDS_DOI_VERSION_AND_AFFILIATION_REVIEW
2021	125	https://www.itp.nsc.ru/publikacii/2021/2021stati/7.html	Ushakov K.Y., Petrov I.Y., Bogomolov A.R. Effects of technological parameters on Barzas coals thermal conversions in various media // Bulletin of the Tomsk Polytechnic University. Geo Assets Engineering. - 2021. - Vol. 332, iss. 9. - P. 196-209. DOI ; WOS ; SCOPUS ; РИНЦ (Ушаков К.Ю., Петров И.Я., Богомолов А.Р. Влияние технологических параметров на термические превращения Барзасских углей в различных средах // Известия Томского политехнического университета. Инжиниринг георесурсов. - 2021. - Т. 332, № 9. - 196–209. DOI ; РИНЦ ).		NOT_KEYWORD_MATCHED	NEEDS_DOI_VERSION_AND_AFFILIATION_REVIEW
2021	126	https://www.itp.nsc.ru/publikacii/2021/2021stati/7.html	Zaikovskii A.V., Iurchenkova A.A., Kozlachkov D.V., Fedorovskaya E.O. Effects of tin on the morphological and electrochemical properties of arc-discharge nanomaterials // JOM. - 2021. - Vol. 73, iss. 3. - P. 847-855. DOI ; WOS , Q2; SCOPUS ; РИНЦ		NOT_KEYWORD_MATCHED	NEEDS_DOI_VERSION_AND_AFFILIATION_REVIEW
2021	127	https://www.itp.nsc.ru/publikacii/2021/2021stati/7.html	Stepanov K.I., Mukhin D.G. Efficiency of a lithium bromide absorption thermotransformer with two-stage absorption in the structure of gasified power plants // Thermal Engineering. – 2021. – Vol. 68, iss.1. – P. 37-44. DOI ; WOS; SCOPUS ; РИНЦ (Степанов К.И., Мухин Д.Г. Анализ эффективности абсорбционного бромистолитиевого термотрансформатора (АБТТ) с двухступенчатой абсорбцией в составе газифицированных энергетических установок // Теплоэнергетика. - 2021. – № 1 – С. 43-51. DOI ; РИНЦ ).		NOT_KEYWORD_MATCHED	NEEDS_DOI_VERSION_AND_AFFILIATION_REVIEW
2021	128	https://www.itp.nsc.ru/publikacii/2021/2021stati/7.html	Baranov E.A., Konstantinov V.O., Shchukin V.G., Zamchiy A.O., Merkulova I.E., Lunev N.A., Volodin V.A. Electron-beam crystallization of thin films of amorphous silicon suboxide // Technical Physics Letters. - 2021. - Vol. 47, iss. 3. - P. 263-265. DOI ; WOS , Q4; SCOPUS ; РИНЦ (Баранов Е.А., Константинов В.О., Щукин В.Г., Замчий А.О., Меркулова И.Е., Лунёв Н.А., Володин В.А. Электронно-пучковая кристаллизация тонких пленок аморфного субоксида кремния // Письма в Журнал технической физики. – 2021. – Т. 47, № 6. – С. 26-28. DOI ; РИНЦ )		NOT_KEYWORD_MATCHED	NEEDS_DOI_VERSION_AND_AFFILIATION_REVIEW
2021	129	https://www.itp.nsc.ru/publikacii/2021/2021stati/7.html	Domarov P.V., Anshakov A.S., Faleev V A. Electroplasma processing of medical and biological waste // Journal of Physics: Conference Series. – 2021. – Vol. 2119, iss.1. – 012039. - 5 p. DOI; SCOPUS ; РИНЦ		NOT_KEYWORD_MATCHED	NEEDS_DOI_VERSION_AND_AFFILIATION_REVIEW
2021	130	https://www.itp.nsc.ru/publikacii/2021/2021stati/7.html	Misyura S.Y., Egorov R.I., Morozov V.S., Zaitsev A.S. Emergence and breakup of a cluster of ordered microparticles during the interaction of thermocapillary and thermogravitational convection // Powder Technology. – 2021. – Vol. 379. – P. 165-173. DOI ; WOS , Q1; SCOPUS; РИНЦ		KEYWORD_CANDIDATE	NEEDS_DOI_VERSION_AND_AFFILIATION_REVIEW
2021	131	https://www.itp.nsc.ru/publikacii/2021/2021stati/7.html	Stepanov K.I., Mukhin D.G. Energy efficiency of an absorption thermotransformer with two-stage absorption as part of a heat and cold supply complex based on a gas boiler house // Journal of Physics: Conference Series. - 2021. - Vol. 2119, iss. 1. - 012105. - 6 p. DOI ; SCOPUS ; РИНЦ		NOT_KEYWORD_MATCHED	NEEDS_DOI_VERSION_AND_AFFILIATION_REVIEW
2021	132	https://www.itp.nsc.ru/publikacii/2021/2021stati/7.html	Makarov M.S., Makarova S.N. Entropy change in a single Leontiev tube during energy separation of low-Prandtl gas mixture // Journal of Physics: Conference Series. - 2021. - Vol. 2057. - 012029. - 6 p. DOI ; SCOPUS ; РИНЦ .		NOT_KEYWORD_MATCHED	NEEDS_DOI_VERSION_AND_AFFILIATION_REVIEW
2021	133	https://www.itp.nsc.ru/publikacii/2021/2021stati/7.html	Anshakov A.S., Domarov P.V. Erosion of thermionic cathodes in a plasma torch // Thermophysics and Aeromechanics. - 2021. - Vol. 28, iss. 5. - P. 745-750. DOI ; WOS , Q4; SCOPUS ; РИНЦ (Аньшаков А.С., Домаров П.В. Эрозия термоэмиссионных катодов в плазмотроне // Теплофизика и аэромеханика – 2021. – Т. 28, № 5. – С. 787-792. РИНЦ ).		NOT_KEYWORD_MATCHED	NEEDS_DOI_VERSION_AND_AFFILIATION_REVIEW
2021	134	https://www.itp.nsc.ru/publikacii/2021/2021stati/7.html	Savitskii A.G., Sharaborin D.K., Lobasov A.S., Dulin V.M. Estimation of the turbulent Schmidt number in a model gas turbine combustor // Journal of Physics: Conference Series. - 2021. - Vol. 2057. - 012084. - 6 p. DOI ; SCOPUS ; РИНЦ		NOT_KEYWORD_MATCHED	NEEDS_DOI_VERSION_AND_AFFILIATION_REVIEW
2021	135	https://www.itp.nsc.ru/publikacii/2021/2021stati/7.html	Morozov V. Evaporating water droplet in a forced air flow // AIP Conference Proceedings. - 2021. - Vol. 2337. - 020015. - 4 p. DOI; SCOPUS ; РИНЦ		KEYWORD_CANDIDATE	NEEDS_DOI_VERSION_AND_AFFILIATION_REVIEW
2021	136	https://www.itp.nsc.ru/publikacii/2021/2021stati/7.html	Misyura S.Y. Evaporation behavior of aqueous salt solution on a structured wall: Effect of SiO 2 coating // AIP Conference Proceedings. – 2021. – Vol. 2422. – 020002. - 4 p. DOI ; SCOPUS ; РИНЦ		KEYWORD_CANDIDATE	NEEDS_DOI_VERSION_AND_AFFILIATION_REVIEW
2021	137	https://www.itp.nsc.ru/publikacii/2021/2021stati/7.html	Makarov M.S., Makarova S.N. Evaporation of aqueous solution of ethanol into an accelerated laminar boundary layer of air // Journal of Physics: Conference Series. - 2021. - Vol. 2057. - 012061. - 7 p. DOI ; SCOPUS; РИНЦ		KEYWORD_CANDIDATE	NEEDS_DOI_VERSION_AND_AFFILIATION_REVIEW
2021	138	https://www.itp.nsc.ru/publikacii/2021/2021stati/7.html	Misyura S.Y. , Bilsky A.V., Morozov V.S., Gobyzov O.A., Ryabov M.N. Evaporation of droplet of a heated colloid solution on a horizontal structured wall // Journal of Engineering Thermophysics. - 2021. - Vol. 30, iss. 4. - P. 654-660. DOI ; WOS , Q4; SCOPUS ; РИНЦ		KEYWORD_CANDIDATE	NEEDS_DOI_VERSION_AND_AFFILIATION_REVIEW
2021	139	https://www.itp.nsc.ru/publikacii/2021/2021stati/7.html	Kunts K.A., Zaitsev D.V., Kabov O.A. Evaporation of levitating liquid microdroplets over a dry heated surface // Journal of Physics: Conference Series. - 2021. - Vol. 2119, iss. 1. - 012128. - 5 p. DOI ; SCOPUS ; РИНЦ		KEYWORD_CANDIDATE	NEEDS_DOI_VERSION_AND_AFFILIATION_REVIEW
2021	140	https://www.itp.nsc.ru/publikacii/2021/2021stati/7.html	Gigola T.G., Litvintceva A.A. Evaporation of water droplets on a heated structured wall // AIP Conference Proceedings. - 2021. - Vol. 2422. - 020005. - 4 p. DOI ; SCOPUS ; РИНЦ		KEYWORD_CANDIDATE	NEEDS_DOI_VERSION_AND_AFFILIATION_REVIEW
2021	141	https://www.itp.nsc.ru/publikacii/2021/2021stati/8.html	Starinskaya E.M., Miskiv N.B., Nazarov A.D.,Terekhov V.V.,Terekhov V.I., , Rybdylova O., Sazhin S.S. Evaporation of water/ethanol droplets in an air flow: Experimental study and modelling // International Journal of Heat and Mass Transfer. - 2021. - Vol. 177. - 121502. - 7 p. DOI ; WOS ; Q1; SOPUS ; РИНЦ		KEYWORD_CANDIDATE	NEEDS_DOI_VERSION_AND_AFFILIATION_REVIEW
2021	142	https://www.itp.nsc.ru/publikacii/2021/2021stati/8.html	Kravtsova A.Y., Ianko P.E., Kashkarova M.V., Bilsky A.V., Kravtsov Y.V. Examination of the dominant factor affecting the mixing in the microchannel // Journal of Physics: Conference Series. - 2021. – Vol. 1867, iss. 1. - 012017. - 4 p. DOI ; SCOPUS ; РИНЦ		KEYWORD_CANDIDATE	NEEDS_DOI_VERSION_AND_AFFILIATION_REVIEW
2021	143	https://www.itp.nsc.ru/publikacii/2021/2021stati/8.html	Kokorin А.V., Nazarov A.D., Serov A.F. Experience in registration of evaporation of liquid drops on substrate by the capacitive method // Journal of Physics: Conference Series. - 2021. - Vol. 2119, iss. 1. - 012077. - 6 p. DOI ; SCOPUS ; РИНЦ		KEYWORD_CANDIDATE	NEEDS_DOI_VERSION_AND_AFFILIATION_REVIEW
2021	144	https://www.itp.nsc.ru/publikacii/2021/2021stati/8.html	Pukhovoy M.V., Bykovskaya E.F., Kabov O.A. Experimental achievements in mini- and micro- channel cooling // Journal of Physics: Conference Series. - 2021. - Vol. 2119, iss. 1. - 012131. - 6 p. DOI ; SCOPUS ; РИНЦ		KEYWORD_CANDIDATE	NEEDS_DOI_VERSION_AND_AFFILIATION_REVIEW
2021	145	https://www.itp.nsc.ru/publikacii/2021/2021stati/8.html	Belosludtsev V.V., Tkachenko Y.M., Zaitsev D.V. Experimental and numerical study of convective heat transfer in a 0.4 mm microchannel non-uniformly heated from the wall // AIP Conference Proceedings. – 2021. – Vol. 2337. – 020001. - 7 p. DOI ; WOS ; SCOPUS ; РИНЦ		KEYWORD_CANDIDATE	NEEDS_DOI_VERSION_AND_AFFILIATION_REVIEW
2021	146	https://www.itp.nsc.ru/publikacii/2021/2021stati/8.html	Mamonov V.N., Serov A.F. Experimental determination of the volume concentration of the gas phase in gas-liquid flow // Journal of Applied Mechanics and Technical Physics. - 2021. - Vol. 62, iss. 1. - P. 57-62. DOI ; WOS , Q4; SCOPUS ; РИНЦ (Мамонов В.Н., Серов А.Ф. Экспериментальное определение объемной концентрации газовой фазы в газожидкостном потоке // Прикладная механика и техническая физика. - 2021. - Т. 62, № 1 (365). - С. 63-69. DOI ; РИНЦ ).		NOT_KEYWORD_MATCHED	NEEDS_DOI_VERSION_AND_AFFILIATION_REVIEW
2021	147	https://www.itp.nsc.ru/publikacii/2021/2021stati/8.html	Philippov M.V., Chokhar I.A., Terekhov V.V., Terekhov V.I., Baranov I.N. Experimental investigation of heat and mass transfer of an annular impinging jet // Journal of Physics: Conference Series. - 2021. - Vol. 2039, iss. 1. - 012028. - 5 p. DOI ; SCOPUS		NOT_KEYWORD_MATCHED	NEEDS_DOI_VERSION_AND_AFFILIATION_REVIEW
2021	148	https://www.itp.nsc.ru/publikacii/2021/2021stati/8.html	Lun N.Y., Baranov I.N., Terekhov V.I., Chokhar I.A. Experimental investigation of pressure fields in a single trench dimple // Journal of Physics: Conference Series. - Vol. 2119, iss. 115. - 012033. - 7 P. DOI ; SCOPUS ; РИНЦ		NOT_KEYWORD_MATCHED	NEEDS_DOI_VERSION_AND_AFFILIATION_REVIEW
2021	149	https://www.itp.nsc.ru/publikacii/2021/2021stati/8.html	Pribaturin N.A., Lobanov P.D., Shchepikhin I.V., Meledin V.G., Svetonosov A.I. Experimental investigation of rod vibrations in longitudinal fluid flow // Thermophysics and Aeromechanics. - 2021. - Vol. 28, iss. 5. - P. 661-668. DOI ; WOS , Q4; SCOPUS; РИНЦ (Прибатурин Н.А., Лобанов П.Д., Щепихин И.В., Меледин В.Г., Светоносов А.И. Экспериментальное исследование колебаний стержня в продольном потоке жидкости // Теплофизика и аэромеханика. – 2021. – Т. 28, № 5. – С. 703-710. РИНЦ ).		NOT_KEYWORD_MATCHED	NEEDS_DOI_VERSION_AND_AFFILIATION_REVIEW
2021	150	https://www.itp.nsc.ru/publikacii/2021/2021stati/8.html	Anufriev I.S., Shadrin E.Y., Kopyev E.P., Sharypov O.V. Experimental investigation of size of fuel droplets formed by steam jet impact // Fuel. – 2021. – Vol. 303. – 121183. - 7 p. DOI ; WOS , Q1; SCOPUS ; РИНЦ		NOT_KEYWORD_MATCHED	NEEDS_DOI_VERSION_AND_AFFILIATION_REVIEW
2021	151	https://www.itp.nsc.ru/publikacii/2021/2021stati/8.html	Pribaturin N.A., Lobanov P.D., Randin V.V., Kashinsky O.N., Kurdyumov A.S., Vorobyev M.A., Volkov S.M. Experimental investigation of spacer grid effect on shear stress distribution in models of fuel assemblies // Thermophysics and Aeromechanics. - 2021. - Vol. 28, iss. 4. - P. 523-532. DOI ; WOS , Q4; SCOPUS ; РИНЦ (Прибатурин Н.А., Лобанов П.Д., Рандин В.В., Кашинский О.Н., Курдюмов А.С., Воробев М.А., Волков С.М. Экспериментальное исследование влияния дистанционирующей решётки на распределение напряжения трения в моделях тепловыделяющих сборок // Теплофизика и аэромеханика. – 2021. – Т. 28, № 4. – С. 557-567. РИНЦ )		NOT_KEYWORD_MATCHED	NEEDS_DOI_VERSION_AND_AFFILIATION_REVIEW
2021	152	https://www.itp.nsc.ru/publikacii/2021/2021stati/8.html	Naumov I.V., Okulova N.V., Sharifullin B.R., Lomakina V.A., Okulov V.L. Experimental investigation of the effect of nano- and microroughnesses on the intensity of swirled flow // Doklady Physics. - 2021. - Vol. 66, iss. 4. - P. 118-121. DO I; SCOPUS ; РИНЦ (Наумов И.В., Окулова Н.В., Шарифуллин Б.Р., Ломакина В.А., Окулов В.Л. Экспериментальное исследование влияния нано- и микрошероховатостей на интенсивность закрученного потока // Доклады Российской академии наук. Физика, технические науки. – 2021. – Т. 497, № 1. – С. 65-68. DOI ; РИНЦ )		NOT_KEYWORD_MATCHED	NEEDS_DOI_VERSION_AND_AFFILIATION_REVIEW
2021	153	https://www.itp.nsc.ru/publikacii/2021/2021stati/8.html	Dementyev Y.A., Ronshin F.V., Chinnov E.A., Evstrapov A.A., Karpich S.S., Gusev V.S., Kabov O.A. Experimental investigation of water-nitrogen flow in microchannel with high aspect ratio (with the 20 µm gap) // Journal of Physics: Conference Series. - 2021. - Vol. 2119, iss. 1. - 012070. - 6 p. DOI ; SCOPUS ; РИНЦ		KEYWORD_CANDIDATE	NEEDS_DOI_VERSION_AND_AFFILIATION_REVIEW
2021	154	https://www.itp.nsc.ru/publikacii/2021/2021stati/8.html	Ibarra R., Matar O.K., Markides C.N. Experimental investigations of upward-inclined stratified oil-water flows using simultaneous two-line planar laser-induced fluorescence and particle velocimetry // International Journal of Multiphase Flow. - 2021. - Vol. 135. - 103502. - 35 p. DOI ; WOS , Q2; SCOPUS ; РИНЦ		NOT_KEYWORD_MATCHED	NEEDS_DOI_VERSION_AND_AFFILIATION_REVIEW
2021	155	https://www.itp.nsc.ru/publikacii/2021/2021stati/8.html	Zaitsev D.V., Belosludtsev V.V. Experimental setup for studying two-phase flows in micro- and minichannels at ultra-high heat fluxes: methodology and first experimental results // Journal of Physics: Conference Series. - 2021. - Vol. 2119, iss. 1. - 012133. - 5 p. DOI ; SCOPUS ; РИНЦ		KEYWORD_CANDIDATE	NEEDS_DOI_VERSION_AND_AFFILIATION_REVIEW
2021	156	https://www.itp.nsc.ru/publikacii/2021/2021stati/8.html	Bondarchuk E.N., Pochtar A.S., Vinogradov S.V., Popov V.I. Experimental studies of in-line gasification of mechanically activated coal fuel // Journal of Physics: Conference Series. – 2021. – Vol. 2119, iss. 1. – 012158. - 4 p. DOI ; SCOPUS ; РИНЦ		NOT_KEYWORD_MATCHED	NEEDS_DOI_VERSION_AND_AFFILIATION_REVIEW
2021	157	https://www.itp.nsc.ru/publikacii/2021/2021stati/8.html	Vitovsky O.V. Experimental study of energy separation in a Ranque-Hilsch tube with a screw vortex generator // International Journal of Refrigeration. – 2021. – Vol. 126. – P. 272-279. DOI ; WOS , Q2; SCOPUS ; РИНЦ		NOT_KEYWORD_MATCHED	NEEDS_DOI_VERSION_AND_AFFILIATION_REVIEW
2021	158	https://www.itp.nsc.ru/publikacii/2021/2021stati/8.html	Sterlyagov A.N., Nizovtsev M.I., Letushko V.N. Experimental study of evaporation of droplets of water ethanol solution at high relative air humidity // Journal of Physics: Conference Series. - 2021. - Vol. 2057. - 012059. - 5 p. DOI ; SCOPUS ; РИНЦ		KEYWORD_CANDIDATE	NEEDS_DOI_VERSION_AND_AFFILIATION_REVIEW
2021	159	https://www.itp.nsc.ru/publikacii/2021/2021stati/8.html	Shestakov M.V. Experimental study of flow dynamics of a sweeping jet in a slot channel // Journal of Physics: Conference Series. – 2021. – Vol. 2119, iss. 1. - 012034. - 4 p. DOI ; SCOPUS ; РИНЦ		NOT_KEYWORD_MATCHED	NEEDS_DOI_VERSION_AND_AFFILIATION_REVIEW
2021	160	https://www.itp.nsc.ru/publikacii/2021/2021stati/8.html	Vyazov Y.N., Prihkodko V.G., Yarygin I.V. Experimental study of gas jet outflow from a supersonic nozzle with a screen into vacuum // Journal of Physics: Conference Series. – 2021. – Vol. 1867, iss. 1. – 012002. - 5 p. DOI ; SCOPUS ; РИНЦ		NOT_KEYWORD_MATCHED	NEEDS_DOI_VERSION_AND_AFFILIATION_REVIEW
2021	161	https://www.itp.nsc.ru/publikacii/2021/2021stati/9.html	Bartkus G.V., Kuznetsov V.V. Experimental study of gas-liquid flow patterns in slit channel with cross-junction mixer // Journal of Engineering Thermophysics. – 2021. – Vol. 30, iss. 1. – P. 14-18. DOI ; WOS , Q4; SCOPUS ; РИНЦ		NOT_KEYWORD_MATCHED	NEEDS_DOI_VERSION_AND_AFFILIATION_REVIEW
2021	162	https://www.itp.nsc.ru/publikacii/2021/2021stati/9.html	Shvetsov D.A., Pavlenko A.N., Brester A.E., Zhukov V.I. Experimental study of heat transfer during boiling in a thin layer of liquid on surfaces with structured porous coatings // Journal of Physics: Conference Series. – 2021. – Vol. 2119. – 012082. – 6 p. DOI ; SCOPUS ; РИНЦ		KEYWORD_CANDIDATE	NEEDS_DOI_VERSION_AND_AFFILIATION_REVIEW
2021	163	https://www.itp.nsc.ru/publikacii/2021/2021stati/9.html	Pecherkin N., Pavlenko A., Volodin O., Kataev A., Mironova I. Experimental study of heat transfer enhancement in a falling film of R21 on an array of horizontal tubes with MAO coating // International Communications in Heat and Mass Transfer. - 2021. - Vol. 129. - 105743. - 13 p. DOI ; WOS, Q; SCOPUS ; РИНЦ		KEYWORD_CANDIDATE	NEEDS_DOI_VERSION_AND_AFFILIATION_REVIEW
2021	164	https://www.itp.nsc.ru/publikacii/2021/2021stati/9.html	Nebuchinov A.S. Experimental study of heat transfer of impinging swirling jets and jets with chevrons // Journal of Physics: Conference Series. – 2021. – Vol. 2119, iss. 1. - 012023. - 7 p. DO I; SCOPUS ; РИНЦ		KEYWORD_CANDIDATE	NEEDS_DOI_VERSION_AND_AFFILIATION_REVIEW
2021	165	https://www.itp.nsc.ru/publikacii/2021/2021stati/9.html	Pavlenko A.N., Zhukov V.E., Stefanova K.V. Experimental study of liquid flow maldistribution in Sulzer 500X structured packing and Raschig super-ring random packing // Journal of Engineering Thermophysics. - 2021. - Vol. 30, iss. 2. - P. 171-183. DOI ; WOS , Q4, SCOPUS ; РИНЦ		NOT_KEYWORD_MATCHED	NEEDS_DOI_VERSION_AND_AFFILIATION_REVIEW
2021	166	https://www.itp.nsc.ru/publikacii/2021/2021stati/9.html	Adamova T.P., Manakov A.Y., Elistratov D.S., Pil'nik A.A., Chernov A.A. Experimental study of methane hydrate formation in aqueous foam stabilized by surfactants // International Journal of Heat and Mass Transfer. – 2021. – Vol. 180. – 121775. - 8 p. DOI ; WOS , Q1; SCOPUS ; РИНЦ		NOT_KEYWORD_MATCHED	NEEDS_DOI_VERSION_AND_AFFILIATION_REVIEW
2021	167	https://www.itp.nsc.ru/publikacii/2021/2021stati/9.html	Minakov A.V., Pryazhnikov M.I., Suleymana Y.N., Meshkova V.D., Guzei D.V. Experimental study of nanoparticle size and material effect on the oil wettability characteristics of various rock types // Journal of Molecular Liquids. - 2021. - Vol. 327. - 114906. - 10 p. DOI ; WOS , Q1; SCOPUS ; РИНЦ		NOT_KEYWORD_MATCHED	NEEDS_DOI_VERSION_AND_AFFILIATION_REVIEW
2021	168	https://www.itp.nsc.ru/publikacii/2021/2021stati/9.html	Raschektaeva E.P., Stankus S.V. Experimental study of R-32/R-125 (75/25 wt. %) thermal conductivity mixture in the vapor phase // Journal of Physics: Conference Series. – 2021. – Vol. 2119, iss. 1. – 012144. – 4 p. DOI ; SCOPUS ; РИНЦ		NOT_KEYWORD_MATCHED	NEEDS_DOI_VERSION_AND_AFFILIATION_REVIEW
2021	169	https://www.itp.nsc.ru/publikacii/2021/2021stati/9.html	Marasanov N.V., Glezer V.V. Experimental study of the dissociation of methane hydrate during combustion // AIP Conference Proceedings. - 2021. - Vol. 2422. - 020007. - 5 p. DOI ; SCOPUS ; РИНЦ		NOT_KEYWORD_MATCHED	NEEDS_DOI_VERSION_AND_AFFILIATION_REVIEW
2021	170	https://www.itp.nsc.ru/publikacii/2021/2021stati/9.html	Chokhar I.A., Dyachenko A.Y., Pakhomov M.A., Philippov M.V., Terekhov V.I. Experimental study of the effect of a transverse trench depth on film cooling effectiveness // Case Studies in Thermal Engineering. – 2021. – Vol. 25. – 100934. - 12 p. DOI ; WOS , Q1; SCOPUS ; РИНЦ		KEYWORD_CANDIDATE	NEEDS_DOI_VERSION_AND_AFFILIATION_REVIEW
2021	171	https://www.itp.nsc.ru/publikacii/2021/2021stati/9.html	Mikhienkova E.I., Minakov A.V., Matveev A.V., Lysakov S.V. Experimental study of the effect of adding nanoparticles on the rheological properties of oil-based drilling fluids // Journal of Physics: Conference Series. - 2021. - Vol. 2057, iss.1. - 012120. - 6 p. DOI ; SCOPUS ; РИНЦ		NOT_KEYWORD_MATCHED	NEEDS_DOI_VERSION_AND_AFFILIATION_REVIEW
2021	172	https://www.itp.nsc.ru/publikacii/2021/2021stati/9.html	Kvon A.Z., Guzanov V.V. Experimental study of the effect of surfactants on the characteristics of waves in three-dimensional wave regimes // Journal of Physics: Conference Series. – 2021. – Vol. 1867, iss. 1. - 012023. - 6 p. DO I; SCOPUS ; РИНЦ		NOT_KEYWORD_MATCHED	NEEDS_DOI_VERSION_AND_AFFILIATION_REVIEW
2021	173	https://www.itp.nsc.ru/publikacii/2021/2021stati/9.html	Guzanov V.V., Bobylev A.V., Kvon A.Z. Experimental study of the effect of various surfactants on the wave characteristics of the film flow // Journal of Physics: Conference Series. – 2021. – Vol. 2119, iss. 1. - 012064. - 6 p. DOI; SCOPUS ; РИНЦ		NOT_KEYWORD_MATCHED	NEEDS_DOI_VERSION_AND_AFFILIATION_REVIEW
2021	174	https://www.itp.nsc.ru/publikacii/2021/2021stati/9.html	Nebuchinov A.S. Experimental study of the flow structure in cross flows // Journal of Physics: Conference Series. – 2021. – Vol. 2119, iss. 1. - 012022. - 8 p. DOI ; SCOPUS ; РИНЦ		NOT_KEYWORD_MATCHED	NEEDS_DOI_VERSION_AND_AFFILIATION_REVIEW
2021	175	https://www.itp.nsc.ru/publikacii/2021/2021stati/9.html	Philippov M.V., Chokhar I.A., Terekhov V.V., Terekhov V.I. Experimental study of the heat transfer of two parallel impinging jets // Journal of Physics: Conference Series. - 2021. - Vol. 2119, iss. 1. - 012029. - 5 p. DOI ; SCOPUS ; РИНЦ		KEYWORD_CANDIDATE	NEEDS_DOI_VERSION_AND_AFFILIATION_REVIEW
2021	176	https://www.itp.nsc.ru/publikacii/2021/2021stati/9.html	Chinak A.V., Evdokimenko I.A., Kulikov D.V., Lobanov P.D. Experimental study of the local structure of a bubble flow in a flat channel with sudden expansion // Journal of Physics: Conference Series. - 2021. - Vol. 2057. - 012040. - 5 p. DOI ; SCOPUS ; РИНЦ		NOT_KEYWORD_MATCHED	NEEDS_DOI_VERSION_AND_AFFILIATION_REVIEW
2021	177	https://www.itp.nsc.ru/publikacii/2021/2021stati/9.html	Yagodnitsyna A.A., Kovalev A.V., Bilsky A.V. Experimental study of the plug flow of immiscible liquids with non-Newtonian properties in a T-shaped microchannel // Journal of Physics: Conference Series. - 2021. - Vol. 1867, iss. 1. - 012033. - 5 p. DOI ; SCOPUS ; РИНЦ		KEYWORD_CANDIDATE	NEEDS_DOI_VERSION_AND_AFFILIATION_REVIEW
2021	178	https://www.itp.nsc.ru/publikacii/2021/2021stati/9.html	Agazhanov A.Sh., Samoshkin D.A., Kozlovskii Yu.M., Stankus S.V. Experimental study of the thermophysical properties for aluminum-magnesium alloy AMg3 // Journal of Physics: Conference Series. - 2021. - Vol. 2057. - 012101. - 5 p. DOI ; SCOPUS ; РИНЦ		NOT_KEYWORD_MATCHED	NEEDS_DOI_VERSION_AND_AFFILIATION_REVIEW
2021	179	https://www.itp.nsc.ru/publikacii/2021/2021stati/9.html	Philippov M.V., Chokhar I.A., Zolotukhin A.V., Barsukov A.V., Terekhov V.V., Terekhov V.I., Baranov I.N. Experimental study of the three-dimensional flow structure in matrix channels // Journal of Physics: Conference Series. - 2021. - Vol. 2057. - 12027. - 7 p. DOI ; SCOPUS; РИНЦ		NOT_KEYWORD_MATCHED	NEEDS_DOI_VERSION_AND_AFFILIATION_REVIEW
2021	180	https://www.itp.nsc.ru/publikacii/2021/2021stati/9.html	Litvinov I., Suslov D., Gorelikov E., Shtork S. Experimental study of transient flow regimes in a model hydroturbine draft tube // Energies. – 2021. - Vol. 14, iss. 5. - 1240. - 13 p. DOI ; WOS , Q3; SCOPUS ; РИНЦ		NOT_KEYWORD_MATCHED	NEEDS_DOI_VERSION_AND_AFFILIATION_REVIEW
2021	181	https://www.itp.nsc.ru/publikacii/2021/2021stati/10.html	Pavlenko A.N., Kuznetsov D.V., Bessmeltsev V.P. Experimental study on heat transfer and critical heat flux during pool boiling of nitrogen on 3d printed structured copper capillary-porous coatings // Journal of Engineering Thermophysics. – 2021. – Vol. 30, iss. 3. – P. 341-349. DOI ; WOS , Q4; SCOPUS ; РИНЦ		KEYWORD_CANDIDATE	NEEDS_DOI_VERSION_AND_AFFILIATION_REVIEW
2021	182	https://www.itp.nsc.ru/publikacii/2021/2021stati/10.html	Starodubtseva I.P., Kuznetsov D.V., Pavlenko A.N. Experiments and modeling on cryogenic quenching enhancement by the structured capillary-porous coatings of surface // International Journal of Heat and Mass Transfer. – 2021. – Vol. 176. – 121388. - 16 p. DOI ; WOS , Q1; SCOPUS ; РИНЦ		KEYWORD_CANDIDATE	NEEDS_DOI_VERSION_AND_AFFILIATION_REVIEW
2021	183	https://www.itp.nsc.ru/publikacii/2021/2021stati/10.html	Okulov V.L., Mikkelsen R.F., Sørensen J.N., Naumov I.V., Litvinov I.V., Markovich D.M., Kabardin I.K., Alekseenko S.V., Wood D.H. Experiments on line arrays of horizontal-axis hydroturbines // Renewable Energy. - 2021. - Vol. 163. - P. 15 - 21. - 7 p. DOI ; WOS , Q1; SCOPUS ; РИНЦ		NOT_KEYWORD_MATCHED	NEEDS_DOI_VERSION_AND_AFFILIATION_REVIEW
2021	184	https://www.itp.nsc.ru/publikacii/2021/2021stati/10.html	Zamchiy A.O., Baranov E.A., Starinskiy S.V., Lunev N.A., Merkulova I.E. Fabrication of polycrystalline silicon thin films by gold-induced crystallization of amorphous silicon suboxide // Vacuum. - 2021. - Vol. -192. - 110462. - 4 p. DOI ; WOS , Q2; SCOPUS ; РИНЦ		NOT_KEYWORD_MATCHED	NEEDS_DOI_VERSION_AND_AFFILIATION_REVIEW
2021	185	https://www.itp.nsc.ru/publikacii/2021/2021stati/10.html	Terekhov V.I., Dyachenko A.Yu., Zhdanov V.L., Smulsky Ya..J., Sharov K.A. Features of air flow and heat transfer control behind a backward-facing step using a vortex generator pair // Journal of Physics: Conference Series. - 2021. - Vol. 2057. - 012011. - 6 p. DOI ; SCOPUS ; РИНЦ		KEYWORD_CANDIDATE	NEEDS_DOI_VERSION_AND_AFFILIATION_REVIEW
2021	186	https://www.itp.nsc.ru/publikacii/2021/2021stati/10.html	Kabov O.A., Zubavichus Ya.V., Cooper K.E., Pukhovoy M.V., Vinokurov V.V., Finnikov K.A., Ronshin F.V., Nikitin A.A., Bykovskaya E.F., Vinokurov V.A. Features of device cooling in wiggler synchrotron workstations // Journal of Physics: Conference Series. - 2021. - Vol. 2057. - 012028. - 7 p. DOI ; SCOPUS; РИНЦ		KEYWORD_CANDIDATE	NEEDS_DOI_VERSION_AND_AFFILIATION_REVIEW
2021	187	https://www.itp.nsc.ru/publikacii/2021/2021stati/10.html	Kabardin I.K., Kolotilov V.V., Usov E.V., Yavorsky N.I., Kabardin A.K., Kakaulin S.V., Gordienko M.R., Polyakova V.I., Pravdina M.K., Derzho O.G. Features of setting boundary conditions in problems of modeling turbulent gas motion in turning-and-expanding flow for k-epsilon turbulence model and Reynolds stress transfer model // Journal of Engineering Thermophysics. – 2021. – Vol. 30, iss. 2. – P. 317-323. DOI ; WOS , Q4; SCOPUS ; РИНЦ		NOT_KEYWORD_MATCHED	NEEDS_DOI_VERSION_AND_AFFILIATION_REVIEW
2021	188	https://www.itp.nsc.ru/publikacii/2021/2021stati/10.html	Yudin P., Duchon J., Pacherova O., Klementova M., Kocourek T., Dejneka A., Tyunina M. Ferroelectric phase transitions induced by a strain gradient // Physical Review Research. - 2021. - Vol. 3, iss. 3. - 033213. - 8 p. DOI ; WOS ; SCOPUS ; РИНЦ		NOT_KEYWORD_MATCHED	NEEDS_DOI_VERSION_AND_AFFILIATION_REVIEW
2021	189	https://www.itp.nsc.ru/publikacii/2021/2021stati/10.html	Chekmarev S.F. First-passage times in protein folding: exploring the native-like states vs. overcoming the free energy barrier // Physical Chemistry Chemical Physics. – 2021. – Vol. 23, iss. 33. – P. 17856-17865. DOI ; WOS , Q1; SCOPUS ; РИНЦ		NOT_KEYWORD_MATCHED	NEEDS_DOI_VERSION_AND_AFFILIATION_REVIEW
2021	190	https://www.itp.nsc.ru/publikacii/2021/2021stati/10.html	Yurkov A.S., Yudin P.V. Flexoelectricity in metals // Journal of Applied Physics. - 2021. - Vol. 129, iss. 19. - 195108. - 4 p. DOI ; WOS , Q2; SCOPUS ; РИНЦ		NOT_KEYWORD_MATCHED	NEEDS_DOI_VERSION_AND_AFFILIATION_REVIEW
2021	191	https://www.itp.nsc.ru/publikacii/2021/2021stati/10.html	Gogonin I.I., Sosunov V.I. Flooding regimes for a distillation column with structured packing // Chemical and Petroleum Engineering. – 2021. – Vol. 57, iss. 3-4. – P. 194-203. DOI ; WOS , Q4; SCOPUS ; РИНЦ (Гогонин И.И., Сосунов В.И. Режимы захлебывания дистилляционной колонны со структурированными насадками // Химическое и нефтегазовое машиностроение. – 2021. – № 3. – С. 10-14)		NOT_KEYWORD_MATCHED	NEEDS_DOI_VERSION_AND_AFFILIATION_REVIEW
2021	192	https://www.itp.nsc.ru/publikacii/2021/2021stati/10.html	Terekhov V.I., Dyachenko A. Yu., Zhdanov V.L., Smulsky Ya. J., Sharov K. A. Flow and heat transfer in the separation region behind a backward-facing step with convergently mounted plates of longitudinal vortex generator // Journal of Physics: Conference Series. - 2021. - Vol. 2119, iss. 1. - 012012. - 6 p. DOI ; SCOPUS ; РИНЦ		KEYWORD_CANDIDATE	NEEDS_DOI_VERSION_AND_AFFILIATION_REVIEW
2021	193	https://www.itp.nsc.ru/publikacii/2021/2021stati/10.html	Suslov D.A., Shtork S.I., Litvinov I.V., Gorelikov E.U. Flow characterization in an axial micro-hydroturbine model // Journal of Physics: Conference Series. - 2021. - Vol. 2127, iss. 1. - 012002. - 8 p. DOI ; SCOPUS ; РИНЦ		NOT_KEYWORD_MATCHED	NEEDS_DOI_VERSION_AND_AFFILIATION_REVIEW
2021	194	https://www.itp.nsc.ru/publikacii/2021/2021stati/10.html	Serov A.F., Mamonov V.N., Nazarov A.D., Miskiv N.B. Flow regimes in a multi-gap circular Couette-Taylor system with opposite rotating cylinders // Journal of Physics: Conference Series. - 2021. - Vol. 2119, iss. 1. - 012103. - 7 p. DOI ; SCOPUS ; РИНЦ		NOT_KEYWORD_MATCHED	NEEDS_DOI_VERSION_AND_AFFILIATION_REVIEW
2021	195	https://www.itp.nsc.ru/publikacii/2021/2021stati/10.html	Bykov N.Y., Ronshin F.V., Safonov A.I., Starinskiy S.V., Sulyaeva V.S. Fluoropolymer coatings deposited on rotating cylindrical surfaces by HW CVD: experiment and simulation // Journal of Physics D: Applied Physics. - 2021. - Vol. 54, iss. 22. - 225204. - 12 p. DOI; WOS, Q2; SCOPUS; РИНЦ		NOT_KEYWORD_MATCHED	NEEDS_DOI_VERSION_AND_AFFILIATION_REVIEW
2021	196	https://www.itp.nsc.ru/publikacii/2021/2021stati/10.html	Misyura S.Y., Egorov R.I., Morozov V.S., Zaitsev A.S. Forming the convective flows and a cluster of particles under spot heating // Nanoscale and Microscale Thermophysical Engineering. – 2021. – Vol. 25, iss. 1. - P. 46-63. DOI ; WOS , Q2; SCOPUS ; РИНЦ		NOT_KEYWORD_MATCHED	NEEDS_DOI_VERSION_AND_AFFILIATION_REVIEW
2021	197	https://www.itp.nsc.ru/publikacii/2021/2021stati/10.html	Sukhorukova E.Yu., Zhukov V.E. Freon mixture spreading over the structured Sulzer 500X packing irrigated with two single jets // AIP Conference Proceedings – 2021. – Vol. 2422. – 040008. - 4 p. DOI ; SCOPUS ; РИНЦ		NOT_KEYWORD_MATCHED	NEEDS_DOI_VERSION_AND_AFFILIATION_REVIEW
2021	198	https://www.itp.nsc.ru/publikacii/2021/2021stati/10.html	Gluzdov D.S., Gatapova E.Y. Friction reduction by inlet temperature variation in microchannel flow // Physics of Fluids. – 2021. – Vol. 33, iss. 6. – 062003. - 17 p. DOI ; WOS, Q1; SCOPUS ; РИНЦ		KEYWORD_CANDIDATE	NEEDS_DOI_VERSION_AND_AFFILIATION_REVIEW
2021	199	https://www.itp.nsc.ru/publikacii/2021/2021stati/10.html	Gerasimov Y.I., Balakin A.S., Prikhodko V.G., Yarygin V.N., Yarygin I.V. Gas dynamic protective devices for orientation thrusters jets of space vehicles and orbital stations // Journal of Physics: Conference Series. - 2021. - Vol. 2119, iss. 1. - 012168. - 6 p. DOI ; SCOPUS ; РИНЦ		NOT_KEYWORD_MATCHED	NEEDS_DOI_VERSION_AND_AFFILIATION_REVIEW
2021	200	https://www.itp.nsc.ru/publikacii/2021/2021stati/10.html	Zaikovskii A., Yudin I., Kozlachkov D., Nartova A., Fedorovskaya E. Gas pressure control of electric arc synthesis of composite Sn–SnO 2 –C nanomaterials // Vacuum. - 2021. - Vol. 195. - 110694. - 9 p. DOI ; WOS, Q2; SCOPUS ; РИНЦ		NOT_KEYWORD_MATCHED	NEEDS_DOI_VERSION_AND_AFFILIATION_REVIEW
2021	201	https://www.itp.nsc.ru/publikacii/2021/2021stati/11.html	Pakhomov M.A., Lobanov P.D. Gas-liquid two-phase flow in a pipe or channel // Water. – 2021. – Vol. 13, iss. 23. - 3382. - 3 p. DOI ; WOS , Q2; SCOPUS ; РИНЦ		NOT_KEYWORD_MATCHED	NEEDS_DOI_VERSION_AND_AFFILIATION_REVIEW
2021	202	https://www.itp.nsc.ru/publikacii/2021/2021stati/11.html	Isupov M.V., Litvintsev A.Yu. Generation of a low-frequency inductive discharge at atmospheric pressure // Journal of Applied Mechanics and Technical Physics. – 2021. – Vol. 62, iss. 4. – P. 593-599. DOI ; WOS , Q4; SCOPUS ; РИНЦ (Исупов М.В., Литвинцев А.Ю. Исследование генерации низкочастотного индукционного разряда атмосферного давления // Прикладная механика и техническая физика. – 2021. – Т. 62, № 4. – С. 80-87. DOI ; РИНЦ )		NOT_KEYWORD_MATCHED	NEEDS_DOI_VERSION_AND_AFFILIATION_REVIEW
2021	203	https://www.itp.nsc.ru/publikacii/2021/2021stati/11.html	Kulikov D.V., Dvoynishnikov S.V., Rahmanov V.V., Pavlov V.A., Kabardin I.K. Geometry monitoring of rotating parts of power unit with an adapted Doppler preprocessor // Journal of Physics: Conference Series. - 2021. - Vol. 2057. - 012091. - 5 p. DOI ; SCOPUS ; РИНЦ		NOT_KEYWORD_MATCHED	NEEDS_DOI_VERSION_AND_AFFILIATION_REVIEW
2021	204	https://www.itp.nsc.ru/publikacii/2021/2021stati/11.html	Lunev N.A., Zamchiy A.O., Baranov E.A., Merkulova I.E., Konstantinov V.O., Korolkov I.V., Maximovskiy E.A., Volodin V.A. Gold-induced crystallization of thin films of amorphous silicon suboxide // Technical Physics Letters. - 2021. - Vol. 47, iss.10. - P. 726-729. DOI ; WOS , Q4; SCOPUS ; РИНЦ (Лунев Н.А., Замчий А.О., Баранов Е.А., Меркулова И.Е., Константинов В.О., Корольков И.В., Максимовский Е.А., Володин В.А. Золото-индуцированная кристаллизация тонких пленок аморфного субоксида кремния // Письма в Журнал технической физики. – 2021. – Т. 47, № 14. – С. 35-38. DOI ; РИНЦ ).		NOT_KEYWORD_MATCHED	NEEDS_DOI_VERSION_AND_AFFILIATION_REVIEW
2021	205	https://www.itp.nsc.ru/publikacii/2021/2021stati/11.html	Andryushchenko V., Sorokin D., Morozova M., Solnyshkina O., Smovzh D. Graphene-polymer composite conductivity in air and water // Applied Surface Science. - 2021. - Vol. 567. - 150843. - 8 p. DOI ; WOS , Q1; SCOPUS ; РИНЦ		NOT_KEYWORD_MATCHED	NEEDS_DOI_VERSION_AND_AFFILIATION_REVIEW
2021	206	https://www.itp.nsc.ru/publikacii/2021/2021stati/11.html	Ma T., Chen Y., Pavlenko A.N., Wang Q. Heat and mass transfer advances for energy conservation and pollution control in a renewable and sustainable energy transition // Renewable and Sustainable Energy Reviews. - 2021. - Vol. 145. - 111087. - 3 p. DOI ; WOS , Q1; SCOPUS ; РИНЦ		NOT_KEYWORD_MATCHED	NEEDS_DOI_VERSION_AND_AFFILIATION_REVIEW
2021	207	https://www.itp.nsc.ru/publikacii/2021/2021stati/11.html	Matskevich N.I., Samoshkin D.A., Stankus S.V., Tkachev E.N., Zaitsev V.P., Trifonov V.A., Semerikova A.N., Anyfrieva O.I. Heat capacity of bismuth cobalt oxides doped by neodymium and holmium in the temperature range 319-1000 K // Journal of Physics: Conference Series. – 2021. – Vol. 2119. – 012141. – 5 p. DOI ; SCOPUS ; РИНЦ		NOT_KEYWORD_MATCHED	NEEDS_DOI_VERSION_AND_AFFILIATION_REVIEW
2021	208	https://www.itp.nsc.ru/publikacii/2021/2021stati/11.html	Samoshkin D.A., Agazhanov A.Sh., Stankus S.V. Heat capacity of Inconel 617 alloy // Journal of Physics: Conference Series. – 2021. – Vol. 2119, iss. 1. - 012138. – 5 p. DOI ; SCOPUS ; РИНЦ		NOT_KEYWORD_MATCHED	NEEDS_DOI_VERSION_AND_AFFILIATION_REVIEW
2021	209	https://www.itp.nsc.ru/publikacii/2021/2021stati/11.html	Matskevich N.I., Shlegel V.N., Chernov A.A., Samoshkin D.A., Stankus S.V., Grigorieva V.D., Zaitsev V.P., Tkachev E.N. Heat capacity of lithium tungstate single crystal by DSC calorimetry data in the temperature range of 319-997 K // Journal of Physics: Conference Series. - 2021. - Vol. 2057. - 012048. - 5 p. DOI ; SCOPUS ; РИНЦ		NOT_KEYWORD_MATCHED	NEEDS_DOI_VERSION_AND_AFFILIATION_REVIEW
2021	210	https://www.itp.nsc.ru/publikacii/2021/2021stati/11.html	Tkachev E.N., Matskevich N.I., Samoshkin D.A., Shlegel V.N., Stankus S.V. Heat capacity of lithium tungsten oxide doped by molybdenum (Li 2 W 0.9 Mo 0.1 O 4 ) in the temperature range 319–910 K by DSC // Physica B: Condensed Matter. - 2021. - Vol. 612. - 412880. - 5 p. DO I; WOS , Q3; SCOPUS ; РИНЦ		NOT_KEYWORD_MATCHED	NEEDS_DOI_VERSION_AND_AFFILIATION_REVIEW
2021	211	https://www.itp.nsc.ru/publikacii/2021/2021stati/11.html	Abdullaev R.N., Samoshkin D.A., Agazhanov A.S., Stankus S.V. Heat capacity of pure magnesium and ultralight congruent magnesium-lithium alloy in the temperature range of 300 K to 825 K // Journal of Engineering Thermophysics. – 2021. – Vol. 30, iss. 2. - 207-212. DOI ; WOS , Q4; SCOPUS ; РИНЦ		NOT_KEYWORD_MATCHED	NEEDS_DOI_VERSION_AND_AFFILIATION_REVIEW
2021	212	https://www.itp.nsc.ru/publikacii/2021/2021stati/11.html	Alekseenko S.V., Ogurechnikov L.A. Heat exchange in steam generator with low boiling point fluid // Thermal Science. – 2021. – Vol. 25, iss. 5, pt. A. – P. 3569-3578. DOI ; WOS , Q4; SCOPUS ; РИНЦ		KEYWORD_CANDIDATE	NEEDS_DOI_VERSION_AND_AFFILIATION_REVIEW
2021	213	https://www.itp.nsc.ru/publikacii/2021/2021stati/11.html	Karchevsky A.L., Cheverda V.V., Marchuk I.V., Gigola T.G., Sulyaeva V.S., Kabov O.A. Heat flux density evaluation in the region of contact line of drop on a sapphire surface using infrared thermography measurements // Microgravity Science and Technology. - 2021. - Vol. 33, iss. 4. - 53. - 12 p. DOI ; WOS, Q2; SCOPUS; РИНЦ		KEYWORD_CANDIDATE	NEEDS_DOI_VERSION_AND_AFFILIATION_REVIEW
2021	214	https://www.itp.nsc.ru/publikacii/2021/2021stati/11.html	Gigola T.G., Cheverda V.V., Karchevsky A.L., Kabov O.A. Heat transfer at a single drop impingement on liquid-vapor-solid triple contact line // Journal of Physics: Conference Series. – 2021. - Vol. 1867, iss. 1. - 012034. - 5 p. DOI ; SCOPUS ; РИНЦ		KEYWORD_CANDIDATE	NEEDS_DOI_VERSION_AND_AFFILIATION_REVIEW
2021	215	https://www.itp.nsc.ru/publikacii/2021/2021stati/11.html	Pecherkin N.I., Pavlenko A.N., Volodin O.A., Kataev A.I., Mironova I.B., Das M.K. Heat transfer at film cooling of an array of horizontal tubes with an enhanced surface // Journal of Physics: Conference Series. – 2021. – Vol. 2096, iss. 1. – 012141 – 10 p. DOI ; SCOPUS ; РИНЦ		KEYWORD_CANDIDATE	NEEDS_DOI_VERSION_AND_AFFILIATION_REVIEW
2021	216	https://www.itp.nsc.ru/publikacii/2021/2021stati/11.html	Terekhov V.I., Dyachenko A.Yu., Zhdanov V.L., Smulsky Ya.J. Heat transfer behind the backward-facing step in the presence of longitudinal vortex generators installed at an angle to each other // Journal of Physics: Conference Series. - 2021. - Vol. 2119, iss. 1. - 012013. - 6 p. DOI; SCOPUS ; РИНЦ		KEYWORD_CANDIDATE	NEEDS_DOI_VERSION_AND_AFFILIATION_REVIEW
2021	217	https://www.itp.nsc.ru/publikacii/2021/2021stati/11.html	Li Y., Markides C.N., Sunden B., Xie G. Heat transfer deterioration in upward and downward pipe flows of supercritical n-decane for actively regenerative cooling // International Journal of Thermal Sciences. - 2021. - Vol. 168. - 107066. - 13 p. DOI ; WOS , Q1; SCOPUS ; РИНЦ		KEYWORD_CANDIDATE	NEEDS_DOI_VERSION_AND_AFFILIATION_REVIEW
2021	218	https://www.itp.nsc.ru/publikacii/2021/2021stati/11.html	Shamirzaev A.S., Mordovskoi A.S. , Kuznetsov V.V. Heat transfer during flow boiling of water in short microchannel with high aspect ratio // Journal of Engineering Thermophysics. - 2021. - Vol. 30, iss.2. - P. 200–206. DOI ; WOS ,Q4; SCOPUS; РИНЦ		KEYWORD_CANDIDATE	NEEDS_DOI_VERSION_AND_AFFILIATION_REVIEW
2021	219	https://www.itp.nsc.ru/publikacii/2021/2021stati/11.html	Dekhtyar R.A. Heat transfer during liquid filtration in an annular channel filled with porous medium // Bulletin of the Tomsk Polytechnic University-Geo Assets Engineering. – 2021. – Vol. 332, iss. 8. – P. 126-134. DOI ; WOS ; SCOPUS ; РИНЦ (Дехтярь Руслан Анатольевич Теплообмен при фильтрации жидкости в кольцевом канале, заполненном пористой средой // Известия Томского политехнического университета. Инжиниринг георесурсов. – 2021. – Т. 332, № 8. – С. 126-134. DOI ; РИНЦ ).		KEYWORD_CANDIDATE	NEEDS_DOI_VERSION_AND_AFFILIATION_REVIEW
2021	220	https://www.itp.nsc.ru/publikacii/2021/2021stati/11.html	Volodin O.A., Pecherkin N.I., Pavlenko A.N. Heat transfer enhancement at boiling and evaporation of liquids on modified surfaces - a review // High Temperature. – 2021. – Vol. 59, iss. 2. – P. 248-276. DOI ; WOS , Q4; SCOPUS ; РИНЦ (Володин О.А., Печеркин Н.И., Павленко А.Н. Интенсификация теплообмена при кипении и испарении жидкостей на модифицированных поверхностях // Теплофизика высоких температур. – 2021. – Т. 59, № 2. – С. 280-312. DOI ; РИНЦ )		KEYWORD_CANDIDATE	NEEDS_DOI_VERSION_AND_AFFILIATION_REVIEW
2021	221	https://www.itp.nsc.ru/publikacii/2021/2021stati/12.html	Volodin O.A., Pecherkin N.I., Pavlenko A.N. Heat transfer enhancement at evaporation and boiling of liquid on capillary-porous surfaces created by 3D printing // Journal of Physics: Conference Series. – 2021. – Vol. 2119. – 012075. – 5 p. DOI ; SCOPUS ; РИНЦ		KEYWORD_CANDIDATE	NEEDS_DOI_VERSION_AND_AFFILIATION_REVIEW
2021	222	https://www.itp.nsc.ru/publikacii/2021/2021stati/12.html	Volodin O.A., Pavlenko A.N., Pecherkin N.I. Heat transfer enhancement on multilayer wire mesh coatings and wire mesh coatings combined with other surface modifications—a review // Journal of Engineering Thermophysics. – 2021. – Vol. 30, iss. 4. – P. 563–596. DOI ; WOS , Q4; SCOPUS ; РИНЦ		KEYWORD_CANDIDATE	NEEDS_DOI_VERSION_AND_AFFILIATION_REVIEW
2021	223	https://www.itp.nsc.ru/publikacii/2021/2021stati/12.html	Vladimirov V.Y., Chinnov E.A. Heat transfer enhancement when boiling on finned surfaces // Journal of Physics: Conference Series. – 2021. - Vol. 1867, iss. 1. - 012024. - 6 p. DOI ; SCOPUS ; РИНЦ		KEYWORD_CANDIDATE	NEEDS_DOI_VERSION_AND_AFFILIATION_REVIEW
2021	224	https://www.itp.nsc.ru/publikacii/2021/2021stati/12.html	Mitin K.A., Mitina A.V., Berdnikov V.S. Heat transfer from the heated by an electric current vertical rod in the regime of non-stationary natural convection // Journal of Physics: Conference Series. – 2021. - Vol. 1867, iss. 1. - 012041. - 7 p. DOI ; SCOPUS ; РИНЦ		KEYWORD_CANDIDATE	NEEDS_DOI_VERSION_AND_AFFILIATION_REVIEW
2021	225	https://www.itp.nsc.ru/publikacii/2021/2021stati/12.html	Gorelikov E.U., Naumov I.V., Tsoy M.A., Shtern V.N. Heat transfer in a centrifugal vortex tube // Journal of Physics: Conference Series. – 2021. – Vol. 2119, iss. 1. - 012065. - 6 p. DOI ; SCOPUS ; РИНЦ		KEYWORD_CANDIDATE	NEEDS_DOI_VERSION_AND_AFFILIATION_REVIEW
2021	226	https://www.itp.nsc.ru/publikacii/2021/2021stati/12.html	Terekhov V.I. Heat transfer in highly turbulent separated flows: A Review // Energies. – 2021. – Vol. 14, iss. 4. – 1005. – 23 p. DOI ; WOS , Q3; SCOPUS ; РИНЦ		KEYWORD_CANDIDATE	NEEDS_DOI_VERSION_AND_AFFILIATION_REVIEW
2021	227	https://www.itp.nsc.ru/publikacii/2021/2021stati/12.html	Konstantinov V.O., Shchukin V.G. Hollow cathode gun for electron beam annealing // Journal of Physics: Conference Series. - 2021. - Vol. 2119, iss. 1. - 012089. - 4 p. DOI ; SCOPUS ; РИНЦ		NOT_KEYWORD_MATCHED	NEEDS_DOI_VERSION_AND_AFFILIATION_REVIEW
2021	228	https://www.itp.nsc.ru/publikacii/2021/2021stati/12.html	Safonov A.I., Starinskiy S.V , Sulyaeva V.S. Hot-wire chemical vapor deposition of fluoropolymer coatings on rotating cylindrical surfaces // Technical Physics Letters. - 2021. - Vol. 47, iss. 2. - P. 205-207. DOI ; WOS, Q4; SCOPUS ; РИНЦ (Сафонов А.И., Старинский С.В., Суляева В.С. Осаждение фторполимерных покрытий на вращающиеся цилиндрические поверхности методом химического осаждения из газовой фазы, активированной горячей нитью // Письма в Журнал технической физики. – 2021. – Т. 47, № 4. – С. 49-51. DOI ; РИНЦ ).		NOT_KEYWORD_MATCHED	NEEDS_DOI_VERSION_AND_AFFILIATION_REVIEW
2021	229	https://www.itp.nsc.ru/publikacii/2021/2021stati/12.html	Sinha A., Cherdantsev A., Johnson K., Vasques J., Hann D. How do the liquid properties affect the entrapment of bubbles in gas sheared liquid flows? // International Journal of Heat and Fluid Flow. - 2021. - Vol. 92. - 108878. - 17 p. DOI ; WOS , Q2; SCOPUS ; РИНЦ		NOT_KEYWORD_MATCHED	NEEDS_DOI_VERSION_AND_AFFILIATION_REVIEW
2021	230	https://www.itp.nsc.ru/publikacii/2021/2021stati/12.html	Kashinsky O.N., Kurdyumov A.S. Hydrodynamic structure of the flow around a stationary gas bubble in an annular channel // Journal of Physics: Conference Series. - 2021. - Vol. 2057. - 012036. - 4 p. DOI ; SCOPUS ; РИНЦ		NOT_KEYWORD_MATCHED	NEEDS_DOI_VERSION_AND_AFFILIATION_REVIEW
2021	231	https://www.itp.nsc.ru/publikacii/2021/2021stati/12.html	Serov A.F., Nazarov A.D., Mamonov V.N., Mis’kiv N.B., Karpov P.N. Impingement cooling system for a large surface: multi-jet pulse spray // Thermophysics and Aeromechanics. - 2021. - Vol. 28, iss. 5. - P. 689-695. DOI ; WOS , Q4; SCOPUS ; РИНЦ (Серов А.Ф., Назаров А.Д., Мамонов В.Н., Миськив Н.Б., Карпов П.Н. Импактная система охлаждения большой поверхности многоструйным импульсным воздушно-капельным потоком // Теплофизика и аэромеханика. – 2021. – Т 2, № 5. – С. 731-738. РИНЦ ).		KEYWORD_CANDIDATE	NEEDS_DOI_VERSION_AND_AFFILIATION_REVIEW
2021	232	https://www.itp.nsc.ru/publikacii/2021/2021stati/12.html	Lapin V.N. Implementation of planar 3D hydraulic fracture model in rock with layered compressive stress // Journal of Physics: Conference Series. - 2021. - Vol. 2099, iss. 1. - 012011. - 10 p. DOI ; SCOPUS ; РИНЦ		NOT_KEYWORD_MATCHED	NEEDS_DOI_VERSION_AND_AFFILIATION_REVIEW
2021	233	https://www.itp.nsc.ru/publikacii/2021/2021stati/12.html	Serov A.F., Mamonov V.N., Nazarov A.D., Miskiv N.B. Improving the efficiency of carousel wind turbine using aerodynamic shield // Journal of Physics: Conference Series. - 2021. - Vol.2119, iss. 1. - 012093. - 6 p. DOI ; SCOPUS ; РИНЦ		NOT_KEYWORD_MATCHED	NEEDS_DOI_VERSION_AND_AFFILIATION_REVIEW
2021	234	https://www.itp.nsc.ru/publikacii/2021/2021stati/12.html	Fedyaeva O.N., Vostrikov A.A., Artamonov D.O., Shishkin A.V., Sokol M.Y. Incineration of pulp and paper mill waste in supercritical water using methane as a co-fuel // Journal of Engineering Thermophysics. - 2021. - Vol. 30, iss. 3. - P. 350-364. DOI ; WOS, Q4; SCOPUS ; РИНЦ		NOT_KEYWORD_MATCHED	NEEDS_DOI_VERSION_AND_AFFILIATION_REVIEW
2021	235	https://www.itp.nsc.ru/publikacii/2021/2021stati/12.html	Abdurakipov S.S. Increasing the efficiency of electric submersible pumps by using big data processing and machine learning technologies // Journal of Physics: Conference Series. – 2021. – Vol. 2119, iss. 1. – 012109. - 5 p. DOI ; SCOPUS ; РИНЦ		NOT_KEYWORD_MATCHED	NEEDS_DOI_VERSION_AND_AFFILIATION_REVIEW
2021	236	https://www.itp.nsc.ru/publikacii/2021/2021stati/12.html	Fedyaeva O.N., Artamonov D.O., Vostrikov A.A. Influence of a Pt-Rh/Pt thermocouple on combustion of benzene, pyridine and pyrrole in a high pressure steam // Thermophysics Aeromechanics. – 2021. – Vol. 28, iss. 5. – P. 717-727. DOI ; WOS , Q4; SCOPUS ; РИНЦ (Федяева О.Н., Артамонов Д.О., Востриков А.А. Влияние Pt-Rh/Pt термопары на горение бензола, пиридина и пиррола в водяном паре при повышенном давлении // Теплофизика и аэромеханика. – 2021. – Т. 28, № 5. – C. 759-770. РИНЦ )		NOT_KEYWORD_MATCHED	NEEDS_DOI_VERSION_AND_AFFILIATION_REVIEW
2021	237	https://www.itp.nsc.ru/publikacii/2021/2021stati/12.html	Terekhov V.I., Shishkin N.E. Influence of a surfactant on evaporation intensity of suspended water droplets // Colloid Journal. – 2021. – Vol. 83, iss. 1. – P. 135-141. DOI ; WOS , Q4; SCOPUS ; РИНЦ (Терехов В.И., Шишкин Н.Е. Влияние поверхностно-активного вещества на интенсивность испарения подвешенных капель воды // Коллоидный журнал. - 2021. - Т. 83, № 1. - С. 107-113. DOI ; РИНЦ ).		KEYWORD_CANDIDATE	NEEDS_DOI_VERSION_AND_AFFILIATION_REVIEW
2021	238	https://www.itp.nsc.ru/publikacii/2021/2021stati/12.html	Misyura S.Y., Morozov V.S. Influence of air velocity on non-isothermal decay and combustion of gas hydrate // Journal of Engineering Thermophysics. – 2021. – Vol. 30, iss. 3. – P. 374-382. DOI ; WOS , Q4; SCOPUS ; РИНЦ		NOT_KEYWORD_MATCHED	NEEDS_DOI_VERSION_AND_AFFILIATION_REVIEW
2021	239	https://www.itp.nsc.ru/publikacii/2021/2021stati/12.html	Zaitsev D.V., Belosludtsev V.V. Influence of channel to heater width ratio on flow boiling critical heat flux in mini- and microchannels // Journal of Physics: Conference Series. - 2021. - Vol. 2057. - 012047. - 5 p. DOI ; SCOPUS ; РИНЦ		KEYWORD_CANDIDATE	NEEDS_DOI_VERSION_AND_AFFILIATION_REVIEW
2021	240	https://www.itp.nsc.ru/publikacii/2021/2021stati/12.html	Mescheryakova L.F., Novopashin S.A. Influence of contact thermal resistance of heat transfer efficiency in nanofluids based on particles with phase transition // Thermophysics and Aeromechanics. - 2021. - Vol. 28, iss. 5. - P. 761-764. DOI ; WOS , Q4; SCOPUS ; РИНЦ (Мещерякова Л.Ф., Новопашин С.А. Влияние теплового контактного сопротивления на эффективность теплообмена в суспензиях на основе наночастиц с фазовым переходом // Теплофизика и аэромеханика. – 2021. – Т. 28, № 5. – С. 803-806. РИНЦ ).		KEYWORD_CANDIDATE	NEEDS_DOI_VERSION_AND_AFFILIATION_REVIEW
2021	241	https://www.itp.nsc.ru/publikacii/2021/2021stati/13.html	Shishkina E.V., Pelegova E.V., Kosobokov M.S., Akhmatkhanov A R., Yudin P. V. , Dejneka A., Shur V.Y. Influence of humidity on local polarization reversal in a Rb:KTP single crystal // ACS Applied Electronic Materials. - 2021. - Vol. 3, iss.1. - P. 260-266. DOI ; WOS , Q2; SCOPUS ; РИНЦ		NOT_KEYWORD_MATCHED	NEEDS_DOI_VERSION_AND_AFFILIATION_REVIEW
2021	242	https://www.itp.nsc.ru/publikacii/2021/2021stati/13.html	Dirker J., van den Bergh W.J., Moran H.R., Markides C.N., Meyer J.P. Influence of inlet vapour quality perturbations on the transient response of flow-boiling heat transfer // International Journal of Heat and Mass Transfer. - 2021. - Vol. 170. - 121017. - 12 p. DOI ; WOS , Q1; SCOPUS ; РИНЦ		KEYWORD_CANDIDATE	NEEDS_DOI_VERSION_AND_AFFILIATION_REVIEW
2021	243	https://www.itp.nsc.ru/publikacii/2021/2021stati/13.html	Dekterev A.A., Kuznetsov V.A., Tepfer E.S. Influence of input methods on jet mixing in a four-vortex chamber // Journal of Physics: Conference Series. - 2021. - Vol. 2088, iss. 1. - 012010. - 4 p. DOI ; SCOPUS ; РИНЦ		NOT_KEYWORD_MATCHED	NEEDS_DOI_VERSION_AND_AFFILIATION_REVIEW
2021	244	https://www.itp.nsc.ru/publikacii/2021/2021stati/13.html	Ronshin F.V., Dementyev Y.A. Influence of liquid properties on gas-liquid flow regimes and pressure drop in a flat microchannel // Journal of Engineering Thermophysics. – 2021. – Vol. 30, iss. 4. - P. 661-671. DOI ; WOS, Q4; SCOPUS ; РИНЦ		KEYWORD_CANDIDATE	NEEDS_DOI_VERSION_AND_AFFILIATION_REVIEW
2021	245	https://www.itp.nsc.ru/publikacii/2021/2021stati/13.html	Dobroselsky K.G. Influence of pressure on the wake of a hydrophobic circular cylinder for a flow regime with Reynolds number of 2.2×10 5 // Journal of Physics: Conference Series. – 2021. – Vol. 2119, iss. 1. - 012011. - 5 p. DOI ; SCOPUS ; РИНЦ		NOT_KEYWORD_MATCHED	NEEDS_DOI_VERSION_AND_AFFILIATION_REVIEW
2021	246	https://www.itp.nsc.ru/publikacii/2021/2021stati/13.html	Borodulin V.Y., Letushko V.N., Nizovtsev M.I., Sterlyagov A.N. Influence of relative air humidity on evaporation of water-ethanol solution droplets // Colloid Journal. – 2021. – Vol. 83, iss. 3. – P. 277-283. DOI ; WOS , Q4; SCOPUS ; РИНЦ (Бородулин В.Ю., Летушко В.Н., Низовцев М.И., Стерлягов А.Н. Влияние относительной влажности воздуха на испарение капель водного раствора этанола // Коллоидный журнал. - 2021. - Т. 83, № 3. - С. 251-257. DOI ; РИНЦ )		KEYWORD_CANDIDATE	NEEDS_DOI_VERSION_AND_AFFILIATION_REVIEW
2021	247	https://www.itp.nsc.ru/publikacii/2021/2021stati/13.html	Merkulova I.E. Influence of synthesis parameters and thermal annealing on grain size of polycrystalline aluminum thin film // Journal of Physics: Conference Series. - 2021. - Vol. 2119, iss. 1. - 012121. - 6 p. DOI ; SCOPUS; РИНЦ		NOT_KEYWORD_MATCHED	NEEDS_DOI_VERSION_AND_AFFILIATION_REVIEW
2021	248	https://www.itp.nsc.ru/publikacii/2021/2021stati/13.html	Salnikov M., Sukhinin G. Influence of the dust particle shape on the wake formation in a complex plasma // IEEE Transactions on Plasma Science. – 2021. – Vol. 49, iss. 9. – P. 2583-2588. DOI ; WOS , Q4; SCOPUS ; РИНЦ		NOT_KEYWORD_MATCHED	NEEDS_DOI_VERSION_AND_AFFILIATION_REVIEW
2021	249	https://www.itp.nsc.ru/publikacii/2021/2021stati/13.html	Meleshkin A.V. Influence of the intensity of gas relief in the process of synthesis of freon R32 hydrate by the method of boiling of the hydrate-forming gas in the volume of water // AIP Conference Proceedings. - 2021. - Vol. 2422. - 040006. - 4 p. DOI ; SCOPUS ; РИНЦ		KEYWORD_CANDIDATE	NEEDS_DOI_VERSION_AND_AFFILIATION_REVIEW
2021	250	https://www.itp.nsc.ru/publikacii/2021/2021stati/13.html	Meleshkin A.V. Influence of the intensity of gas relief rate on the obtain freon 32 gas hydrate by high rate boiling of hydrate-forming gas in the bulk of water // AIP Conference Proceedings. - 2021. - Vol. 2422. - 040007. - 4 p. DOI ; SCOPUS ; РИНЦ		KEYWORD_CANDIDATE	NEEDS_DOI_VERSION_AND_AFFILIATION_REVIEW
2021	251	https://www.itp.nsc.ru/publikacii/2021/2021stati/13.html	Pakhomov M.A., Terekhov V.I. Influence of the pulse shape on heat transfer at the stagnation point of an unsteady axisymmetric impinging jet // High Temperature. - 2021. - Vol. 59, iss. 2-6. - P. 253-258. DOI ; WOS , Q4; SCOPUS ; РИНЦ (Пахомов М.А., Терехов В.И. Влияние формы импульсов на теплообмен в точке торможения нестационарной осесимметричной импактной струи //Теплофизика высоких температур. – 2021. – Т. 59, № 3. – С. 394-400. DOI ; РИНЦ ).		KEYWORD_CANDIDATE	NEEDS_DOI_VERSION_AND_AFFILIATION_REVIEW
2021	252	https://www.itp.nsc.ru/publikacii/2021/2021stati/13.html	Fedoseeva Y.V., Gorodetskiy D.V., Makarova A.A.,Yudin I.B., Timoshenko N.I., Plotnikov M.Y., Emelyanov A.A., Rebrov A.K., Okotrub A.V. Influence of the temperature of molybdenum substrates on the structure of diamond coatings obtained by chemical vapor deposition from a high-speed microwave plasma jet // Journal of Structural Chemistry. - 2021. - Vol. 62, iss. 1. - P. 153–162. DOI ; WOS , Q4; SCOPUS ; РИНЦ (Федосеева Ю.В., Городецкий Д.В., Макарова А.А., Юдин И.Б., Тимошенко Н.И., Плотников М.Ю., Емельянов А.А., Ребров А.К., Окотруб А.В. Влияние температуры молибденовых подложек на строение алмазных покрытий, полученных методом газофазного осаждения из высокоскоростного потока СВЧ-плазмы // Журнал структурной химии. - 2021. - Т.62, №1. - С.157-166. DOI ; РИНЦ ).		NOT_KEYWORD_MATCHED	NEEDS_DOI_VERSION_AND_AFFILIATION_REVIEW
2021	253	https://www.itp.nsc.ru/publikacii/2021/2021stati/13.html	Meleshkin A.V., Glezer V.V., Marasanov N.V., Mironova N.V., Marikovskaya S.M. Influence of the water temperature in the working area on the synthesis of gas hydrate by the method of boiling-condensation of the hydrate-forming gas in the volume of water // AIP Conference Proceedings. - 2021. - Vol. 2337. - 020012. - 4 p. DOI ; WOS ; SCOPUS ; РИНЦ		KEYWORD_CANDIDATE	NEEDS_DOI_VERSION_AND_AFFILIATION_REVIEW
2021	254	https://www.itp.nsc.ru/publikacii/2021/2021stati/13.html	Bodneva N.I., Berdnikov V.S., Grishkov V.A., Mikhailov A.V. Influence of thermal gravitational-capillary convection on temperature fields in a thin wall // Journal of Physics: Conference Series. – 2021. – Vol. 2119, iss. 1. – 012162. - 6 p. DOI ; SCOPUS ; РИНЦ		KEYWORD_CANDIDATE	NEEDS_DOI_VERSION_AND_AFFILIATION_REVIEW
2021	255	https://www.itp.nsc.ru/publikacii/2021/2021stati/13.html	Carra J.-B., Shmakova N.D., Cherdantsev A.V., Gavrilov N.V., Ermanyuk E.V. Initial stage of an oblique impact of a large solid sphere on a water layer // Journal of Applied Mechanics and Technical Physics. - Vol. 62, iss. 4. - P. 616-623. DOI ; WOS , Q4; SCOPUS ; РИНЦ (Карра Ж.-Б., Шмакова Н.Д., Черданцев А.В., Гаврилов Н.В., Ерманюк Е.В. Начальный этап взаимодействия при наклонном входе в воду крупной твердой сферы // Прикладная механика и техническая физика. – 2021. – Т. 62, № 4. – C. 105-113. DOI ; РИНЦ )		NOT_KEYWORD_MATCHED	NEEDS_DOI_VERSION_AND_AFFILIATION_REVIEW
2021	256	https://www.itp.nsc.ru/publikacii/2021/2021stati/13.html	Perepechko L.N., Yagolnitser M.A. Innovative potential of industry and productive power of science as the factors of economic growth // Журнал Сибирского федерального университета. Серия: Гуманитарные науки = Journal of Siberian Federal University. Humanities and Social Sciences. - 2021. - Vol. 14, iss. 7. - P. 966-977. DOI ; SCOPUS ; РИНЦ		NOT_KEYWORD_MATCHED	NEEDS_DOI_VERSION_AND_AFFILIATION_REVIEW
2021	257	https://www.itp.nsc.ru/publikacii/2021/2021stati/13.html	Kuznetsov D.V., Pavlenko A.N. Intensification of heat transfer during pool boiling of nitrogen on surfaces with capillary-porous coatings produced by 3D-printing // Journal of Physics: Conference Series. – 2021. – Vol. 2039, iss. 1. – 012013. – 7 р. DOI ; SCOPUS ; РИНЦ		KEYWORD_CANDIDATE	NEEDS_DOI_VERSION_AND_AFFILIATION_REVIEW
2021	258	https://www.itp.nsc.ru/publikacii/2021/2021stati/13.html	Prikhodko V.G., Yarygin V.N., Yarygin I.V. Interaction of a liquid jet with a co-current gas flow inside the nozzle and under ejection into vacuum // Journal of Physics: Conference Series. - 2021. - Vol. 2119, iss. 1. - 012112. - 5 p. DOI ; SCOPUS ; РИНЦ		NOT_KEYWORD_MATCHED	NEEDS_DOI_VERSION_AND_AFFILIATION_REVIEW
2021	259	https://www.itp.nsc.ru/publikacii/2021/2021stati/13.html	Maltsev L.I., Podzharov Y.S. Intertube bridge and rivulet liquid flows // Thermophysics and Aeromechanics. - 2021. - Vol. 28, iss. 5. - P. 669-675. DOI; WOS , Q4; SCOPUS; РИНЦ (Мальцев Л.И., Поджаров Ю.С. Межтрубные мостиковые и ривулетные течения жидкости // Теплофизика и аэромеханика. – 2021. – Т. 28, № 5. – С. 711-717. РИНЦ)		NOT_KEYWORD_MATCHED	NEEDS_DOI_VERSION_AND_AFFILIATION_REVIEW
2021	260	https://www.itp.nsc.ru/publikacii/2021/2021stati/13.html	Gaydukova O.S., Misyura S.Y., Strizhak P.A. Investigating regularities of gas hydrate ignition on a heated surface: Experiments and modelling // Combustion and Flame. - 2021. - Vol. 228. - P. 78-88. DOI ; WOS , Q1; SCOPUS ; РИНЦ		NOT_KEYWORD_MATCHED	NEEDS_DOI_VERSION_AND_AFFILIATION_REVIEW
2021	261	https://www.itp.nsc.ru/publikacii/2021/2021stati/14.html	Ponomarev D.A., Fedorenko V.A., Naumkin V.S., Lukashov V.V. Investigating the radiation-convective heat exchange of a metal-ceramic plate // Journal of Physics: Conference Series. - 2021. - Vol. 2057. - 012024. - 5 p. DOI ; SCOPUS ; РИНЦ		NOT_KEYWORD_MATCHED	NEEDS_DOI_VERSION_AND_AFFILIATION_REVIEW
2021	262	https://www.itp.nsc.ru/publikacii/2021/2021stati/14.html	"Tsvelodub O.Y., Arkhipov D.G., Vozhakov I.S. Investigating waves on the surface of a thin liquid film entrained by a turbulent gas flow: modeling beyond the ""quasi-laminar"" approximation // Thermophysics and Aeromechanics. – 2021. – Vol. 28, iss. 2. – P. 223-236. DOI ; WOS , Q4; SCOPUS ; РИНЦ ((Цвелодуб О.Ю., Архипов Д.Г., Вожаков И.С. Исследование волн на поверхности тонкой пленки жидкости, увлекаемой турбулентным газовым потоком: моделирование вне рамок ""квазиламинарного"" приближения // Теплофизика и аэромеханика. - 2021. - Т. 28, № 2. - С. 239-253. РИНЦ )"		KEYWORD_CANDIDATE	NEEDS_DOI_VERSION_AND_AFFILIATION_REVIEW
2021	263	https://www.itp.nsc.ru/publikacii/2021/2021stati/14.html	Starinskaya E.M., Miskiv N.B., Lei M.K., Terekhov V.V. Investigation of heat transfer during evaporation of droplets of Fe 3 O 4 nanofluids from biphilic surfaces // Journal of Physics: Conference Series. – 2021. – Vol. 2119, iss. 1. - 012083. - 4 p. DOI; SCOPUS ; РИНЦ		KEYWORD_CANDIDATE	NEEDS_DOI_VERSION_AND_AFFILIATION_REVIEW
2021	264	https://www.itp.nsc.ru/publikacii/2021/2021stati/14.html	Anshakov A.S., Aliferov A.I., Domarov P.V. Investigation of life characteristics of hot cathodes in arc plasmatrons // Journal of Physics: Conference Series. – 2021. – Vol. 2119, iss. 1. – 012044. - 7 p. DOI ; SCOPUS ; РИНЦ		NOT_KEYWORD_MATCHED	NEEDS_DOI_VERSION_AND_AFFILIATION_REVIEW
2021	265	https://www.itp.nsc.ru/publikacii/2021/2021stati/14.html	Faleev V.A., Bikeev R.A., Domarov P.V. Investigation of the characteristics of an electric arc plasmatron with variable geometry electrodes // Journal of Physics: Conference Series. - 2021. - Vol. 2119, iss. 1. - 012045. - 5 p. DOI ; SCOPUS ; РИНЦ		NOT_KEYWORD_MATCHED	NEEDS_DOI_VERSION_AND_AFFILIATION_REVIEW
2021	266	https://www.itp.nsc.ru/publikacii/2021/2021stati/14.html	Zaitsev D.V. , Shatekova A.I. Investigation of the effect of air humidity on the condensation growth of levitating liquid microdroplets // Journal of Physics: Conference Series. - 2021. - Vol. 2119, iss. 1. - 012127. - 5 p. DOI ; SCOPUS ; РИНЦ		KEYWORD_CANDIDATE	NEEDS_DOI_VERSION_AND_AFFILIATION_REVIEW
2021	267	https://www.itp.nsc.ru/publikacii/2021/2021stati/14.html	Shadrin E.Yu., Anufriev I.S., Alekseenko S.V. Investigation of the swirled flow structure in the improved four-vortex furnace model // Journal of Physics: Conference Series. - 2021. - Vol. 2119, iss. 1. - 012065. - 5 p. DOI ; SCOPUS ; РИНЦ		NOT_KEYWORD_MATCHED	NEEDS_DOI_VERSION_AND_AFFILIATION_REVIEW
2021	268	https://www.itp.nsc.ru/publikacii/2021/2021stati/14.html	Alekseenko S.V., Anufriev I.S., Dekterev A.A., Shadrin E.Yu., Kuznetsov V.A., Sharypov O.V., Boyko E.E., Naumov I.V., Kabardin I.K. Investigation of transfer processes in swirling flows in application to vortex furnaces for coal fuel // International Journal of Thermal Sciences. - 2021. - Vol. 161. - 106715. - 15 p. DOI ; WOS , Q1; SCOPUS ; РИНЦ		NOT_KEYWORD_MATCHED	NEEDS_DOI_VERSION_AND_AFFILIATION_REVIEW
2021	269	https://www.itp.nsc.ru/publikacii/2021/2021stati/14.html	Bufetov N.S., Dekhtyar R.A., Ovchinnikov V.V. Investigation of transient regimes with steam absorption by water solution of lithium bromide // Thermophysics and Aeromechanics. – 2021. – Vol. 28, iss. 1. – P. 125-136. DOI ; WOS , Q4; SCOPUS ; РИНЦ (Буфетов Н.С., Дехтярь Р.А., Овчинников В.В. Исследование переходных режимов при абсорбции пара водным раствором бромида лития // Теплофизика и аэромеханика. - 2021. - Т. 28, № 1. - С. 131-143. РИНЦ )		NOT_KEYWORD_MATCHED	NEEDS_DOI_VERSION_AND_AFFILIATION_REVIEW
2021	270	https://www.itp.nsc.ru/publikacii/2021/2021stati/14.html	Lobasov A.S. Investigation of unsteady combustion of methane-air flame in a model combustion chamber with swirling flow // Journal of Physics: Conference Series. – 2021. – Vol. 2119, iss. 1. – 012015. - 5 p. DOI ; SCOPUS ; РИНЦ		NOT_KEYWORD_MATCHED	NEEDS_DOI_VERSION_AND_AFFILIATION_REVIEW
2021	271	https://www.itp.nsc.ru/publikacii/2021/2021stati/14.html	Dubnishchev Y.N., Arbuzov V.A., Arbuzov E.V., Zolotukhina O.S. Isotropic Bessel–Hilbert visualization of phase optical density fields // Optoelectronics, Instrumentation and Data Processing. - 2021. - Vol. 57, iss. 6. - P. 592-600. DOI ; WOS, Q; SCOPUS; РИНЦ (Дубнищев Ю.Н., Арбузов В.А., Арбузов Э.В., Золотухина О.С. Изотропная бессель-гильберт визуализация полей фазовой оптической плотности // Автометрия. - 2021. - Т. 57, № 6. - С. 38-48. DOI ; РИНЦ )		NOT_KEYWORD_MATCHED	NEEDS_DOI_VERSION_AND_AFFILIATION_REVIEW
2021	272	https://www.itp.nsc.ru/publikacii/2021/2021stati/14.html	Butakov E.B., Burdukov A.P. Laboratory and industrial studies of gas coal ignition and combustion using high-voltage alternative current plasmatron // Thermal Science. – 2021. – Vol. 25, iss. 1, pt. A. – P. 359-366. DOI ; WOS, Q4; SCOPUS ; РИНЦ		NOT_KEYWORD_MATCHED	NEEDS_DOI_VERSION_AND_AFFILIATION_REVIEW
2021	273	https://www.itp.nsc.ru/publikacii/2021/2021stati/14.html	Berdnikov V.S., Grishkov V.A., Mikhailov A.V., Ryabov V.O. Laminar-turbulent transitions during thermal gravitational-capillary convection in horizontal liquid layers heated from below // Journal of Physics: Conference Series. – 2021. – Vol. 2119, iss. 1. – 012166. - 7 p. DOI ; SCOPUS ; РИНЦ		KEYWORD_CANDIDATE	NEEDS_DOI_VERSION_AND_AFFILIATION_REVIEW
2021	274	https://www.itp.nsc.ru/publikacii/2021/2021stati/14.html	Derzho O.G. Large amplitude capillary-gravity solitary waves in a stratified fluid sandwiched between two deep homogeneous layers // Chaos. – 2021. – Vol. 31, iss. 6. – 063104. - 9 p. DOI ; WOS , Q1; SCOPUS ; РИНЦ		KEYWORD_CANDIDATE	NEEDS_DOI_VERSION_AND_AFFILIATION_REVIEW
2021	275	https://www.itp.nsc.ru/publikacii/2021/2021stati/14.html	Hrebtov M.Yu., Palkin E.V., Slastnaya D.A., Mullyadzhanov R.I., Alekseenko S.V. Large-eddy simulation of a reacting swirling flow in a model combustion chamber // Journal of Physics: Conference Series. - 2021. - Vol. 2119, iss. 1. - 012065. - 4 p. DOI ; SCOPUS ; РИНЦ		NOT_KEYWORD_MATCHED	NEEDS_DOI_VERSION_AND_AFFILIATION_REVIEW
2021	276	https://www.itp.nsc.ru/publikacii/2021/2021stati/14.html	Palkin E.V., Hrebtov M.Y., Mullyadzhanov R.I. Large-eddy simulations of a swirling flow in a model Francis turbine // Journal of Physics: Conference Series. – 2021. – Vol. 2119, iss. 1. - 012026. - 6 p. DO I; SCOPUS ; РИНЦ		NOT_KEYWORD_MATCHED	NEEDS_DOI_VERSION_AND_AFFILIATION_REVIEW
2021	277	https://www.itp.nsc.ru/publikacii/2021/2021stati/14.html	Serdyukov V., Starinskiy S., Malakhov I., Safonov A., Surtaev A. Laser texturing of silicon surface to enhance nucleate pool boiling heat transfer // Applied Thermal Engineering. – 2021. -Vol. 194. – 117102. - 11 p. DOI ; WOS , Q1; SCOPUS ; РИНЦ		KEYWORD_CANDIDATE	NEEDS_DOI_VERSION_AND_AFFILIATION_REVIEW
2021	278	https://www.itp.nsc.ru/publikacii/2021/2021stati/14.html	Zamchiy A.O., Baranov E.A., Merkulova I.E., Korolkov I.V., Vdovin V.I., Gutakovskii A.K., Volodin V.A. Layer exchange during aluminum-induced crystallization of silicon suboxide thin films // Materials Letters. - 2021. - Vol. 29315. - 129723. - 4 p. DOI ; WOS , Q2; SCOPUS ; РИНЦ		NOT_KEYWORD_MATCHED	NEEDS_DOI_VERSION_AND_AFFILIATION_REVIEW
2021	279	https://www.itp.nsc.ru/publikacii/2021/2021stati/14.html	Ajaev V.S., Kabov O.A. Levitation and self-organization of droplets // Annual Review of Fluid Mechanics. – 2021. – Vol. 53. – P. 203-225. DOI ; WOS, Q1; SCOPUS ; РИНЦ		NOT_KEYWORD_MATCHED	NEEDS_DOI_VERSION_AND_AFFILIATION_REVIEW
2021	280	https://www.itp.nsc.ru/publikacii/2021/2021stati/14.html	Zaitsev D.V., Kirichenko D.P., Kabov O.A., Ajaev V.S. Levitation conditions for condensing droplets over heated liquid surfaces // Soft Matter. - 2021. - Vol. 17, iss. 17. - P. 4623-4631. DOI ; WOS , Q2; SCOPUS ; РИНЦ		NOT_KEYWORD_MATCHED	NEEDS_DOI_VERSION_AND_AFFILIATION_REVIEW
2021	281	https://www.itp.nsc.ru/publikacii/2021/2021stati/15.html	Ajaev V.S., Zaitsev D.V., Kabov O.A. Levitation of evaporating microscale droplets over solid surfaces // Physical Review Fluids. - 2021. - Vol. 6, iss. 5. - 053602. - 23 p. DOI ; WOS , Q2; SCOPUS ; РИНЦ		KEYWORD_CANDIDATE	NEEDS_DOI_VERSION_AND_AFFILIATION_REVIEW
2021	282	https://www.itp.nsc.ru/publikacii/2021/2021stati/15.html	Yagodnitsyna A., Kovalev A., Bilsky A. Liquid–liquid flows with non-Newtonian dispersed phase in a T-junction microchannel // Micromachines. - 2021. - Vol. 12, iss. 3. - 335. - 14 p. DOI ; WOS , Q2; SCOPUS ; РИНЦ		KEYWORD_CANDIDATE	NEEDS_DOI_VERSION_AND_AFFILIATION_REVIEW
2021	283	https://www.itp.nsc.ru/publikacii/2021/2021stati/15.html	Grebenev V.N., Demenkov A.G., Chernykh G.G., Grichkov A.N. Local equilibrium approximation in free turbulent flows: Verification through the method of differential constrains // ZAMM-Zeitschrift fur Angewandte Mathematik und Mechanik. - 2021. - Vol. 101, iss. 9. - e202000095. - 9 p. DOI ; WOS , Q2; SCOPUS ; РИНЦ		NOT_KEYWORD_MATCHED	NEEDS_DOI_VERSION_AND_AFFILIATION_REVIEW
2021	284	https://www.itp.nsc.ru/publikacii/2021/2021stati/15.html	Sakhnov A.Yu. Local laminarization within the mild pressure gradient flow over the heated wall // International Journal of Heat and Mass Transfer. - 2021. - Vol. 165, pt. B. - 120698. - 13 p. DOI ; WOS , Q1; SCOPUS ; РИНЦ		NOT_KEYWORD_MATCHED	NEEDS_DOI_VERSION_AND_AFFILIATION_REVIEW
2021	285	https://www.itp.nsc.ru/publikacii/2021/2021stati/15.html	Dutova O.S., Meshalkin A.B. Low -parametric equation for calculating the viscosity coefficient of nitrogen in liquid, gas and fluid states // Journal of Physics: Conference Series. – 2021. – Vol. 219, iss. 1. - 012143. – 5 p. DOI ; SCOPUS ; РИНЦ		NOT_KEYWORD_MATCHED	NEEDS_DOI_VERSION_AND_AFFILIATION_REVIEW
2021	286	https://www.itp.nsc.ru/publikacii/2021/2021stati/15.html	Kuibin P.A. Low-frequency oscillations in hydroturbines caused by cavitation together with the phase transitions effects // IOP Conference Series: Earth and Environmental Science. - 2021. - Vol. 774, iss. 1. - 012096. - 6 p. DOI ; WOS ; SCOPUS ; РИНЦ		NOT_KEYWORD_MATCHED	NEEDS_DOI_VERSION_AND_AFFILIATION_REVIEW
2021	287	https://www.itp.nsc.ru/publikacii/2021/2021stati/15.html	Vyazov Y.N., Prihkodko V.G., Yarygin I.V. Mach number effect on droplet phase angular distribution behind a nozzle under near-wall liquid film outflow with co-current gas flow into vacuum // Journal of Physics: Conference Series. – 2021. – Vol. 1867, iss. 1. – 012003. - 5 p. DOI ; SCOPUS ; РИНЦ		KEYWORD_CANDIDATE	NEEDS_DOI_VERSION_AND_AFFILIATION_REVIEW
2021	288	https://www.itp.nsc.ru/publikacii/2021/2021stati/15.html	Antipenko V.R., Fedyaeva O.N., Vostrikov A.A. Macrostructural parameters of asphaltene nanoaggregates in natural asphaltite and in Its supercritical water conversion products // Petroleum Chemistry. - 2021. - Vol. 61, iss 7. - P. 787-793. DOI ; WOS , Q3; SCOPUS ; РИНЦ (Антипенко В.Р., Федяева О.Н., Востриков А.А. Параметры макроструктуры наноагрегатов асфальтенов природного асфальтита и продуктов его конверсии в сверхкритической воде // Нефтехимия. - 2021. - Т. 61, № 4. - С. 547-554. DOI; РИНЦ )		NOT_KEYWORD_MATCHED	NEEDS_DOI_VERSION_AND_AFFILIATION_REVIEW
2021	289	https://www.itp.nsc.ru/publikacii/2021/2021stati/15.html	Mullyadzhanov R.I., Gelash A.A. Magnus expansion for the direct scattering transform: high-order schemes // Radiophysics and Quantum Electronics. - 2021. - Vol. 63, iss. 9-10. - P. 786-803. DOI ; WOS , Q4; SCOPUS ; РИНЦ		NOT_KEYWORD_MATCHED	NEEDS_DOI_VERSION_AND_AFFILIATION_REVIEW
2021	290	https://www.itp.nsc.ru/publikacii/2021/2021stati/15.html	Savvinova N.A., Sleptsov S.D., Grishin M.A. Mathematical modeling of ice melting taking into account strongly scattering radiation // AIP Conference Proceedings. – 2021. - Vol. 2328, iss. 1. – 040001. – 4 p. DOI ; WOS ; SCOPUS; РИНЦ		NOT_KEYWORD_MATCHED	NEEDS_DOI_VERSION_AND_AFFILIATION_REVIEW
2021	291	https://www.itp.nsc.ru/publikacii/2021/2021stati/15.html	Pukhovoy M.V., Kunts K.A., Spesivtsev S.E., Kabov O.A. Maximum heat fluxes and features of heat transfer mechanisms with boiling during jet impingement cooling of electronics // Journal of Physics: Conference Series. – 2021. - Vol. 1867, iss. 1. - 012036. - 7 p. DOI ; SCOPUS ; РИНЦ		KEYWORD_CANDIDATE	NEEDS_DOI_VERSION_AND_AFFILIATION_REVIEW
2021	292	https://www.itp.nsc.ru/publikacii/2021/2021stati/15.html	Rudyak V.Ya., Dashapilov G.R., Shupik A.A. Measurement and study of thermophysical properties of nanofluids with carbon nanotubes // Journal of Physics: Conference Series. - 2021. - Vol. 2119, iss. 1. - 012117. - 9 p. DOI ; SCOPUS ; РИНЦ		NOT_KEYWORD_MATCHED	NEEDS_DOI_VERSION_AND_AFFILIATION_REVIEW
2021	293	https://www.itp.nsc.ru/publikacii/2021/2021stati/15.html	Boyarshinov B.F., Fedorov S.Y. Measurement of temperature and composition of gases in a propane flame by Raman scattering with a focusing resonator system // Thermophysics and Aeromechanics. - 2021. - Vol.28, iss. 5. - P. 711-716. DOI ; WOS , Q4; SCOPUS ; РИНЦ (Бояршинов Б.Ф., Федоров С.Ю. Измерение температуры и состава газов в пламени пропана методом комбинационного рассеяния с фокусирующей резонаторной системой // Теплофизика и аэромеханика. – 2021. – Т. 28, № 5. – C. 753-758. РИНЦ ).		NOT_KEYWORD_MATCHED	NEEDS_DOI_VERSION_AND_AFFILIATION_REVIEW
2021	294	https://www.itp.nsc.ru/publikacii/2021/2021stati/15.html	Lobanov P.D., Pribaturin N.A., Svetonosov A.I. Measurements of pitch-off diameter of gas bubbles in liquid metal // Journal of Physics: Conference Series. - 2021. - Vol. 2057. - 012039. - 5 p. DOI ; SCOPUS ; РИНЦ		NOT_KEYWORD_MATCHED	NEEDS_DOI_VERSION_AND_AFFILIATION_REVIEW
2021	295	https://www.itp.nsc.ru/publikacii/2021/2021stati/15.html	Kopyev E.P., Mukhina M.A., Sadkin I.S. Measurements of the gas composition in the flame during evaporating diesel fuel combustion with steam injection // Journal of Physics: Conference Series. – 2021. – Vol. 1867, iss. 1. - 012018. - 6 p. DOI ; SCOPUS ; РИНЦ		KEYWORD_CANDIDATE	NEEDS_DOI_VERSION_AND_AFFILIATION_REVIEW
2021	296	https://www.itp.nsc.ru/publikacii/2021/2021stati/15.html	Dvoynishnikov S.V., Bakakin G.V., Meledin V.G., Rahmanov V.V., Sadbakov O.Yu. Measuring the diameter of a cylinder with automatic calibration // Journal of Physics: Conference Series. - 2021. - Vol. 2057. - 012086. - 5 p. DOI ; SCOPUS ; РИНЦ		NOT_KEYWORD_MATCHED	NEEDS_DOI_VERSION_AND_AFFILIATION_REVIEW
2021	297	https://www.itp.nsc.ru/publikacii/2021/2021stati/15.html	Shchukin V.G., Konstantinov V.O., Sharafutdinov R.G. Metallurgical silicon refining using electron-beam plasma // Journal of Physics: Conference Series. - 2021. - Vol. 2119, iss. 1. - 012100 - 6 p. DOI ; SCOPUS ; РИНЦ		NOT_KEYWORD_MATCHED	NEEDS_DOI_VERSION_AND_AFFILIATION_REVIEW
2021	298	https://www.itp.nsc.ru/publikacii/2021/2021stati/15.html	Grebenev V.N., Demenkov A.G., Chernykh G.G. Method of differential constraints: local equilibrium approximation in a planar momentumless turbulent wake // Journal of Applied Mechanics and Technical Physics. - 2021. - Vol. 62, iss. 3. - P. 383-390. DOI ; WOS , Q4; SCOPU S; РИНЦ (Гребенев В.Н., Деменков А.Г., Черных Г.Г. Метод дифференциальных связей: локально-равновесное приближение в безымпульсном плоском турбулентном следе // Прикладная механика и техническая физика. - 2021. - Т. 62, № 3. - С. 38-47. DOI ; РИНЦ ).		NOT_KEYWORD_MATCHED	NEEDS_DOI_VERSION_AND_AFFILIATION_REVIEW
2021	299	https://www.itp.nsc.ru/publikacii/2021/2021stati/15.html	Zaitsev D.V., Belosludtsev V.V. Method to determine bubble growth incipience moment during flow boiling in a flat microchannel // AIP Conference Proceedings. - 2021. - Vol. 2422. - 040002. - 6 p. DOI ; SCOPUS ; РИНЦ		KEYWORD_CANDIDATE	NEEDS_DOI_VERSION_AND_AFFILIATION_REVIEW
2021	300	https://www.itp.nsc.ru/publikacii/2021/2021stati/15.html	Zaitsev D.V., Shatekova A.I., Pukhovoy M.V. Minimum and maximum size of levitating water droplets above the surface of a heated liquid layer // Journal of Physics: Conference Series. – 2021. - Vol. 1867, iss. 1. - 012039. - 6 p. DOI ; SCOPUS ; РИНЦ		NOT_KEYWORD_MATCHED	NEEDS_DOI_VERSION_AND_AFFILIATION_REVIEW
2021	301	https://www.itp.nsc.ru/publikacii/2021/2021stati/16.html	Yudin P., Shapovalov K., Sluka T., Peräntie J., Jantunen H., Dejneka A., Tyunina M. Mobile and immobile boundaries in ferroelectric films // Scientific Reports. - 2021. - Vol. 11. - 1899. - 8 p. DOI ; WOS , Q1; SCOPUS ; РИНЦ		NOT_KEYWORD_MATCHED	NEEDS_DOI_VERSION_AND_AFFILIATION_REVIEW
2021	302	https://www.itp.nsc.ru/publikacii/2021/2021stati/16.html	Cherdantsev A.V., Vozhakov I.S., Isaenkov S.V., Markovich D.M. Modeling artificial secondary instability of thin wavy gas-sheared liquid film // Interfacial Phenomena and Heat Transfer. - 2021. - Vol. 9, iss. 3. - P. 67-77. DOI ; WOS ; SCOPUS ; РИНЦ		KEYWORD_CANDIDATE	NEEDS_DOI_VERSION_AND_AFFILIATION_REVIEW
2021	303	https://www.itp.nsc.ru/publikacii/2021/2021stati/16.html	Gorbachev M.V., Terekhov V.I. Modeling heat and mass transfer processes during evaporation of a water film in a horizontal channel with a cocurrent flow of moist air // Journal of Physics: Conference Series. - 2021. - Vol. 2119, iss. 1. - 012150. - 6 p. DOI ; SCOPUS ; РИНЦ		KEYWORD_CANDIDATE	NEEDS_DOI_VERSION_AND_AFFILIATION_REVIEW
2021	304	https://www.itp.nsc.ru/publikacii/2021/2021stati/16.html	Borodulin V.Y., Nizovtsev M.I. Modeling heat and moisture transfer of building facades thermally insulated by the panels with ventilated channels // Journal of Building Engineering. – 2021. – Vol. 40. – 102391. - 11 p. DOI ; WOS , Q1; SCOPUS ; РИНЦ		NOT_KEYWORD_MATCHED	NEEDS_DOI_VERSION_AND_AFFILIATION_REVIEW
2021	305	https://www.itp.nsc.ru/publikacii/2021/2021stati/16.html	Meleshkin A.V., Shkoldina A.A. Modeling of freon 134a gas hydrate synthesis via boiling and condensation of gas in a volume of water // Journal of Engineering Thermophysics. - 2021. - Vol. 30, iss. 4. - P. 693-698. DOI ; WOS ; Q4; SCOPU S; РИНЦ		KEYWORD_CANDIDATE	NEEDS_DOI_VERSION_AND_AFFILIATION_REVIEW
2021	306	https://www.itp.nsc.ru/publikacii/2021/2021stati/16.html	Lukyanov A.A., Alekseev M.V. Modeling of nonstationary gas outflow at breaks of subsea gas pipelines // Journal of Physics: Conference Series. - 2021. - Vol. 2119, iss. 1. - 012063. - 5 p. DOI ; SCOPUS ; РИНЦ		NOT_KEYWORD_MATCHED	NEEDS_DOI_VERSION_AND_AFFILIATION_REVIEW
2021	307	https://www.itp.nsc.ru/publikacii/2021/2021stati/16.html	Vladyko I.V., Malakhov I.P., Surtaev A.S., Pil’nik A.A., Chernov A.A. Modeling of vapor bubble growth at subatmospheric pressures // Journal of Physics: Conference Series. - 2021. - Vol. 2039, iss. 1. - 012035. - 5 p. DOI ; SCOPUS ; РИНЦ		NOT_KEYWORD_MATCHED	NEEDS_DOI_VERSION_AND_AFFILIATION_REVIEW
2021	308	https://www.itp.nsc.ru/publikacii/2021/2021stati/16.html	Lukashov V.V., Naumkin V.S. Modeling the conjugate problem of heat transfer at hot jet impingement onto a cooled surface // Journal of Physics: Conference Series. – 2021. – Vol. 2119, iss. 1. - 012157. - 5 p. DOI ; SCOPUS ; РИНЦ		KEYWORD_CANDIDATE	NEEDS_DOI_VERSION_AND_AFFILIATION_REVIEW
2021	309	https://www.itp.nsc.ru/publikacii/2021/2021stati/16.html	Gluzdov D.S., Gatapova E.Ya. Modelling corners flow in rectangular microchannel // Journal of Physics: Conference Series. - 2021. - Vol. 2119, iss. 1. - 012114. - 5 p. DOI ; SCOPUS ; РИНЦ		KEYWORD_CANDIDATE	NEEDS_DOI_VERSION_AND_AFFILIATION_REVIEW
2021	310	https://www.itp.nsc.ru/publikacii/2021/2021stati/16.html	Messerle V., Ustimenko A. Modelling of the pulverized coal plasma preparation for combustion // Physical Sciences and Technology. – 2021. – Vol. 8, iss. 1-2. – P. 14-25. DOI ; РИНЦ		NOT_KEYWORD_MATCHED	NEEDS_DOI_VERSION_AND_AFFILIATION_REVIEW
2021	311	https://www.itp.nsc.ru/publikacii/2021/2021stati/16.html	Vasilev M.M., Shukhov Y.G., Rodionov A.A., Li, Y.P., Lei M.K. Modification of the copper wettability by nanosecond laser texturing // Journal of Physics: Conference Series. - 2021. - Vol. 2119, iss.1. - 012126. - 4 p. DOI ; SCOPUS ; РИНЦ		NOT_KEYWORD_MATCHED	NEEDS_DOI_VERSION_AND_AFFILIATION_REVIEW
2021	312	https://www.itp.nsc.ru/publikacii/2021/2021stati/16.html	Abdurakipov S.S. Monitoring and control of polymer production line based on machine learning // Journal of Physics: Conference Series. – 2021. – Vol. 2119, iss. 1. – 012159. - 6 p. DOI ; SCOPUS ; РИНЦ		NOT_KEYWORD_MATCHED	NEEDS_DOI_VERSION_AND_AFFILIATION_REVIEW
2021	313	https://www.itp.nsc.ru/publikacii/2021/2021stati/16.html	Kashinsky O.N., Kurdyumov A.S. Movement of gas slug in annular channels with different diameter ratios // Journal of Physics: Conference Series. - 2021. - Vol. 2119, iss. 1. - 012060. - 4 p. DOI ; SCOPUS ; РИНЦ		NOT_KEYWORD_MATCHED	NEEDS_DOI_VERSION_AND_AFFILIATION_REVIEW
2021	314	https://www.itp.nsc.ru/publikacii/2021/2021stati/16.html	Kuznetsov V. V., Safonov S. A. Multi-scale flow patterns during immiscible displacement of oil by water in a layer-inhomogeneous porous media // Journal of Physics: Conference Series. - 2021. - Vol. 2119, iss. 1. - 012048. - 4 p. DOI ; SCOPUS ; РИНЦ		NOT_KEYWORD_MATCHED	NEEDS_DOI_VERSION_AND_AFFILIATION_REVIEW
2021	315	https://www.itp.nsc.ru/publikacii/2021/2021stati/16.html	Graur I.A., Gatapova E.Y., Wolf M., Batueva M.A. Non-equilibrium evaporation: 1D benchmark problem for single gas // International Journal of Heat and Mass Transfer. - 2021. - Vol. 181. - 121997. DOI ; WOS , Q1; SCOPUS ; РИНЦ		KEYWORD_CANDIDATE	NEEDS_DOI_VERSION_AND_AFFILIATION_REVIEW
2021	316	https://www.itp.nsc.ru/publikacii/2021/2021stati/16.html	Popov V.I, Kuznetsov A.V. Non-equilibrium process of transfer of momentum in medium with relaxation microstructure // Journal of Physics: Conference Series. - 2021. - Vol. 2119, iss. 1. - 012041. - 4 p. DOI ; SCOPUS ; РИНЦ		NOT_KEYWORD_MATCHED	NEEDS_DOI_VERSION_AND_AFFILIATION_REVIEW
2021	317	https://www.itp.nsc.ru/publikacii/2021/2021stati/16.html	Lemanov V.V., Pakhomov M.A., Terekhov V.I., Travnicek Z. Non-stationary convective heat transfer in an air synthetic impinging jet. Experiment and numerical simulation // Journal of Physics: Conference Series. – 2021. – Vol. 2119, iss. 1. - 012024. - 6 p. DOI ; SCOPUS ; РИНЦ		KEYWORD_CANDIDATE	NEEDS_DOI_VERSION_AND_AFFILIATION_REVIEW
2021	318	https://www.itp.nsc.ru/publikacii/2021/2021stati/16.html	Arkhipov D.G., Khabakhpashov G.A. Nonlinear evolution equation for mo deling waves at the boundary of a stratied flow of viscous liquids in an inclined channel // Journal of Physics: Conference Series. – 2021. – Vol. 2119, iss. 1. – 012058. - 6 p. DOI ; SCOPUS ; РИНЦ		NOT_KEYWORD_MATCHED	NEEDS_DOI_VERSION_AND_AFFILIATION_REVIEW
2021	319	https://www.itp.nsc.ru/publikacii/2021/2021stati/16.html	Anufriev I.S., Kopyev E.P., Sadkin I.S., Mukhina M.A. NO x reduction by steam injection method during liquid fuel and waste burning // Process Safety and Environmental Protection. – 2021. – Vol. 152. – P. 240-248. DOI ; WOS , Q1; SCOPUS ; РИНЦ		NOT_KEYWORD_MATCHED	NEEDS_DOI_VERSION_AND_AFFILIATION_REVIEW
2021	320	https://www.itp.nsc.ru/publikacii/2021/2021stati/16.html	Surtaev A., Serdyukov V., Malakhov I., Safarov A. Nucleation and bubble evolution in subcooled liquid under pulse heating // International Journal of Heat and Mass Transfer. - 2021. - Vol. 169. - 120911. - 11 p. DOI ; WOS , Q1; SCOPUS ; РИНЦ		NOT_KEYWORD_MATCHED	NEEDS_DOI_VERSION_AND_AFFILIATION_REVIEW
2021	321	https://www.itp.nsc.ru/publikacii/2021/2021stati/17.html	Berdnikov V.S., Vinokurov V.A., Vinokurov V.V. Numerical and physical study of transitions to unsteady modes of melt flow with the Prandtl number 16 in the Czochralski method // Journal of Physics: Conference Series. – 2021. – Vol. 2119, iss. 1. – 012165. - 6 p. DOI ; SCOPUS ; РИНЦ		NOT_KEYWORD_MATCHED	NEEDS_DOI_VERSION_AND_AFFILIATION_REVIEW
2021	322	https://www.itp.nsc.ru/publikacii/2021/2021stati/17.html	Hrebtov M.Y., Bobrov M.S. Numerical investigation of energy transfer efficiency from microwave radiation to plasma in a cylindrical resonant cavity // Journal of Physics: Conference Series. – 2021. – Vol. 2119, iss. 1. – 012123. - 5 p. DOI; SCOPUS ; РИНЦ		NOT_KEYWORD_MATCHED	NEEDS_DOI_VERSION_AND_AFFILIATION_REVIEW
2021	323	https://www.itp.nsc.ru/publikacii/2021/2021stati/17.html	Ocheredko A.I., Pakhomov M.A., Terekhov V.V., Terekhov V.I. Numerical modeling of flow pattern and heat transfer at injection of counter-flowing wall jet // Journal of Engineering Thermophysics. – Vol. 30, iss. 2. – P. 225-234. DOI ; WOS , Q4; SCOPUS; РИНЦ		KEYWORD_CANDIDATE	NEEDS_DOI_VERSION_AND_AFFILIATION_REVIEW
2021	324	https://www.itp.nsc.ru/publikacii/2021/2021stati/17.html	Sakhnov A., Volodin O.A., Pecherkin N.I., Pavlenko A.N. Numerical modelling of liquid film spreading dynamics over smooth vertical surface under isothermal conditions // Journal of Physics: Conference Series. - 2021. - Vol. 2119, iss. 1. - 012054. - 6 p. DOI; SCOPUS ; РИНЦ		KEYWORD_CANDIDATE	NEEDS_DOI_VERSION_AND_AFFILIATION_REVIEW
2021	325	https://www.itp.nsc.ru/publikacii/2021/2021stati/17.html	Barsukov A.V., Terekhov V.V., Terekhov V.I. Numerical simulation of a separated flow in a ribbed channel by the RANS and LES methods // Journal of Physics: Conference Series. – 2021. – Vol. 2039, iss. 1. – 012003. - 5 p. DOI ; SCOPUS ; РИНЦ		NOT_KEYWORD_MATCHED	NEEDS_DOI_VERSION_AND_AFFILIATION_REVIEW
2021	326	https://www.itp.nsc.ru/publikacii/2021/2021stati/17.html	Kislitsyn S.A., Berdnikov V.S. Numerical simulation of crystallization on a stationary and rotating cooled disk // Journal of Physics: Conference Series. – 2021. - Vol.1867, iss. 1. - 012030. - 7 p. DOI ; SCOPUS ; РИНЦ		NOT_KEYWORD_MATCHED	NEEDS_DOI_VERSION_AND_AFFILIATION_REVIEW
2021	327	https://www.itp.nsc.ru/publikacii/2021/2021stati/17.html	Bobrov M.S., Hrebtov M.Y., Yudin P.V. Numerical simulation of domain wall motion in a surface discharge over a ferroelectric // Journal of Physics: Conference Series. – 2021. – Vol. 2119, iss. 1. – 012124. - 5 p. DOI ; SCOPUS ; РИНЦ		NOT_KEYWORD_MATCHED	NEEDS_DOI_VERSION_AND_AFFILIATION_REVIEW
2021	328	https://www.itp.nsc.ru/publikacii/2021/2021stati/17.html	Barsukov A.V., Terekhov V.V., Terekhov V.I. Numerical simulation of flow dynamics and heat transfer in a rectangular channel with periodic ribs on one of one of the walls // Journal of Physics: Conference Series. – 2021. – Vol. 2119, iss. 1. – 012028. - 4 p. DOI ; SCOPUS ; РИНЦ		KEYWORD_CANDIDATE	NEEDS_DOI_VERSION_AND_AFFILIATION_REVIEW
2021	329	https://www.itp.nsc.ru/publikacii/2021/2021stati/17.html	Morozov A.A., Titarev V.A. Numerical simulation of pulsed planar evaporation into background gas based on direct Monte Carlo simulation and solution of the BGK model kinetic equation // Journal of Physics: Conference Series. - 2021. - Vol. 2119, iss. 1. - 012116. - 6 p. DOI ; SCOPUS ; РИНЦ		KEYWORD_CANDIDATE	NEEDS_DOI_VERSION_AND_AFFILIATION_REVIEW
2021	330	https://www.itp.nsc.ru/publikacii/2021/2021stati/17.html	Shebelev A., Gavrilov, A., Dekterev, A., Sentyabov A. Numerical simulation of the flow around a circular cylinder at Reynolds number Re = 3900 by means of the PANS model // Journal of Physics: Conference Series. - 2021. - Vol. 2119, iss. 1. - 012078. - 5 p. DOI ; SCOPUS ; РИНЦ		NOT_KEYWORD_MATCHED	NEEDS_DOI_VERSION_AND_AFFILIATION_REVIEW
2021	331	https://www.itp.nsc.ru/publikacii/2021/2021stati/17.html	Shebelev A.V., Minakov A.V., Kochkin D.Y., Kabov O.A. Numerical simulation of the formation of dry spots during film evaporation // Journal of Physics: Conference Series. - 2021. - Vol. 2119, iss. 1. - 012086. - 8 p. DOI ; SCOPUS ; РИНЦ		KEYWORD_CANDIDATE	NEEDS_DOI_VERSION_AND_AFFILIATION_REVIEW
2021	332	https://www.itp.nsc.ru/publikacii/2021/2021stati/17.html	Vozhakov I.S., Lezhnin S.I. Numerical simulation of the process of gas outflow into an open pipe with an obstacle filled with a liquid (water, lead) // Journal of Physics: Conference Series. - 2021. - Vol. 2057. - 012073. - 5 p. DOI ; SCOPUS ; РИНЦ		NOT_KEYWORD_MATCHED	NEEDS_DOI_VERSION_AND_AFFILIATION_REVIEW
2021	333	https://www.itp.nsc.ru/publikacii/2021/2021stati/17.html	Kuznetsov V.A., Dekterev A.A. Numerical simulation of the processes of atomization and combustion of a coal-water slurry in different-scale installations // Journal of Physics: Conference Series. - 2021. - Vol. 2119, iss. 1. - 012090. - 4 p. DOI ; SCOPUS ; РИНЦ		NOT_KEYWORD_MATCHED	NEEDS_DOI_VERSION_AND_AFFILIATION_REVIEW
2021	334	https://www.itp.nsc.ru/publikacii/2021/2021stati/17.html	"Vinokurov V.A., Vinokurov V.V., Kabov O.A. Numerical simulation of thermal diamond filter for working station 1-5 of synchrotron ""SKIF"" // Journal of Physics: Conference Series. - 2021. - Vol. 2119, iss. 1. - 012130. - 7 p. DOI ; SCOPUS ; РИНЦ"		NOT_KEYWORD_MATCHED	NEEDS_DOI_VERSION_AND_AFFILIATION_REVIEW
2021	335	https://www.itp.nsc.ru/publikacii/2021/2021stati/17.html	Sentyabov A.V., Gavrilov A.A., Dekterev A.A. Numerical simulation of turbulent flow around a 3D hydrofoil under the effect of corner separation // Thermophysics and Aeromechanics. – 2021. – Vol. 28, iss. 3. – P. 337-346. DOI ; WOS , Q4; SCOPUS ; РИНЦ (Сентябов А.В., Гаврилов А.А., Дектерев А.А. Численное моделирование турбулентного обтекания гидрокрыла конечного размера при влиянии углового отрыва // Теплофизика и аэромеханика. - 2021. - Т. 28, № 3. - С. 361-371. РИНЦ ).		NOT_KEYWORD_MATCHED	NEEDS_DOI_VERSION_AND_AFFILIATION_REVIEW
2021	336	https://www.itp.nsc.ru/publikacii/2021/2021stati/17.html	Berdnikov V.S., Kislitsyn S.A. Numerical studies of nonstationary conjugate convective heat transfer in vertical layers of liquid and gas separated by a thin metal partition // Thermophysics and Aeromechanics. – 2021. – Vol. 28, iss. 1. – P. 103-114. DOI ; WOS , Q4; SCOPUS ; РИНЦ (Бердников В.С., Кислицын С.А. Численные исследования нестационарного сопряженного конвективного теплообмена в вертикальных слоях жидкости и газа, разделенных тонкой металлической перегородкой // Теплофизика и аэромеханика. - 2021. - Т. 28, № 1. - С. 107-119. РИНЦ ).		KEYWORD_CANDIDATE	NEEDS_DOI_VERSION_AND_AFFILIATION_REVIEW
2021	337	https://www.itp.nsc.ru/publikacii/2021/2021stati/17.html	Kislitsyn S.A., Berdnikov V.S. Numerical studies of the advective flow of heptadecane in a horizontal layer with a longitudinal temperature gradient at the lower boundary // Journal of Physics: Conference Series. - 2021. - Vol. 2119, iss. 1. - 012085. - 7 p. DOI ; SCOPUS ; РИНЦ		NOT_KEYWORD_MATCHED	NEEDS_DOI_VERSION_AND_AFFILIATION_REVIEW
2021	338	https://www.itp.nsc.ru/publikacii/2021/2021stati/17.html	Kislitsyn S.A., Berdnikov V.S. Numerical studies of the effect of the temperature drop in the crucible - melt - cooled disk system on the shape of the crystallization fronts // Journal of Physics: Conference Series. - 2021. - Vol. 2119, iss. 1. - 012084. - 6 p. DOI ; SCOPUS ; РИНЦ		NOT_KEYWORD_MATCHED	NEEDS_DOI_VERSION_AND_AFFILIATION_REVIEW
2021	339	https://www.itp.nsc.ru/publikacii/2021/2021stati/17.html	Platonov D.V., Minakov A.V., Sentyabov A.V. Numerical study of a case of the free discharge of water through the turbine with a braked runner // Journal of Physics: Conference Series. - 2021. - Vol. 2119, iss. 1. - 012152. - 6 p. DOI ; SCOPUS ; РИНЦ		NOT_KEYWORD_MATCHED	NEEDS_DOI_VERSION_AND_AFFILIATION_REVIEW
2021	340	https://www.itp.nsc.ru/publikacii/2021/2021stati/17.html	Zhigarev V.A., Zazulya S.O., Minakov A.V., Neverov A.L. Numerical study of cutting transport using aerated drilling fluids // Journal of Physics: Conference Series. - 2021. - Vol. 2119, iss. 1. - 012051. - 6 p. DOI ; SCOPUS ; РИНЦ		NOT_KEYWORD_MATCHED	NEEDS_DOI_VERSION_AND_AFFILIATION_REVIEW
2021	341	https://www.itp.nsc.ru/publikacii/2021/2021stati/18.html	Butakov E.B., Kuznetsov V.A., Minakov A.V., Dekterev A.A., Alekseenko S.V. Numerical study of diffusion combustion of pulverized coal in a gas jet // Journal of Applied Mechanics and Technical Physics. – 2021. – Vol. 62, iss. 3. P. - 484-489. DOI ; WOS , Q4; SCOPUS ; РИНЦ (Бутаков Е.Б., Кузнецов В.А., Минаков А.В., Дектерев А.А., Алексеенко С.В. Численное исследование диффузионного горения угольной пыли в газовой струе // Прикладная механика и техническая физика. - 2021. - Т. 62, №3. - С. 158-164. DOI ; РИНЦ )		NOT_KEYWORD_MATCHED	NEEDS_DOI_VERSION_AND_AFFILIATION_REVIEW
2021	342	https://www.itp.nsc.ru/publikacii/2021/2021stati/18.html	Barsukov A.V., Terekhov V.V., Terekhov V.I. Numerical study of gas dynamics and heat transfer in matrix channels at various rib angles // Journal of Physics: Conference Series. - 2021. - Vol. 2057. - 012026. - 5 p. DOI ; SCOPUS ; РИНЦ		KEYWORD_CANDIDATE	NEEDS_DOI_VERSION_AND_AFFILIATION_REVIEW
2021	343	https://www.itp.nsc.ru/publikacii/2021/2021stati/18.html	Sentyabov A., Gavrilov A., Dekterev A. Numerical study of the flow around a circular cylinder with the slip length boundary effect at a critical Reynolds number // Journal of Physics: Conference Series. - 2021. - Vol. 2119, iss. 115. - 012002. - 5 p. DOI ; SCOPUS ; РИНЦ		NOT_KEYWORD_MATCHED	NEEDS_DOI_VERSION_AND_AFFILIATION_REVIEW
2021	344	https://www.itp.nsc.ru/publikacii/2021/2021stati/18.html	Minakov A.V., Pryazhnikov M.I., Zhigarev V.A., Rudyak V.Y., Filimonov S.A. Numerical study of the mechanisms of enhanced oil recovery using nanosuspensions // Theoretical and Computational Fluid Dynamics. - 2021. - Vol. 35, iss. 4. - P. 477-493. DO I; WOS , Q3; SCOPUS ; РИНЦ		NOT_KEYWORD_MATCHED	NEEDS_DOI_VERSION_AND_AFFILIATION_REVIEW
2021	345	https://www.itp.nsc.ru/publikacii/2021/2021stati/18.html	Kuznetsov V., Dekterev A., Minakov A. Numerical study of the processes of co-combustion of pulverized coal and gas fuel based on nonstationary methods of turbulence modeling // Journal of Physics: Conference Series. - 2021. - Vol. 1867, iss. 1. - 012011. - 6 p. DO I; SCOPUS ; РИНЦ		NOT_KEYWORD_MATCHED	NEEDS_DOI_VERSION_AND_AFFILIATION_REVIEW
2021	346	https://www.itp.nsc.ru/publikacii/2021/2021stati/18.html	Sleptsov S.D., Savvinova N.A., Grishin M.A. Numerical study of the thermal state of an ice layer containing air bubbles // Journal of Applied Mechanics and Technical Physics. – 2021. – Vol. 62, iss. 3. – P. 451-457. DOI ; WOS , Q4; SCOPUS ; РИНЦ . (Слепцов С.Д., Саввинова Н.А., Гришин М.А. Численное исследование теплового состояния слоя льда, содержащего пузырьки воздуха // Прикладная механика и техническая физика. – 2021. - Т. 62, № 3. – С. 118-125. DOI ; РИНЦ ).		NOT_KEYWORD_MATCHED	NEEDS_DOI_VERSION_AND_AFFILIATION_REVIEW
2021	347	https://www.itp.nsc.ru/publikacii/2021/2021stati/18.html	Sentyabov A.V., Platonov D.V., Minakov A.V., Lobasov A.S. Numerical study of the vortex breakdown and vortex reconnection in the flow path of high-pressure water turbine // Journal of Physics: Conference Series. – 2021. – Vol. 2088, iss. 1. - 012040. - 6 p. DOI ; SCOPUS ; РИНЦ		NOT_KEYWORD_MATCHED	NEEDS_DOI_VERSION_AND_AFFILIATION_REVIEW
2021	348	https://www.itp.nsc.ru/publikacii/2021/2021stati/18.html	Finnikov K.A., Vinokurov V.V., Nikolenko A.D., Kabov O.A. Zubavichus Ya. Numerical study of thermal stress of a silicon mirror forming a beam of synchrotron radiation // Journal of Physics: Conference Series. - 2021. - Vol. 2119, iss. 1. - 012148. - 5 p. DOI ; SCOPUS ; РИНЦ		NOT_KEYWORD_MATCHED	NEEDS_DOI_VERSION_AND_AFFILIATION_REVIEW
2021	349	https://www.itp.nsc.ru/publikacii/2021/2021stati/18.html	Belosludtsev V.V., Zaitsev D.V. Numerical verification of heat losses in flat microchannel under local heating // AIP Conference Proceedings. - Vol. 2422. - 040001. 6 p. DOI ; SCOPUS ; РИНЦ		KEYWORD_CANDIDATE	NEEDS_DOI_VERSION_AND_AFFILIATION_REVIEW
2021	350	https://www.itp.nsc.ru/publikacii/2021/2021stati/18.html	Zaripov D., Ivashchenko V., Mullyadzhanov R., Li R., Mikheev N., Kähler C.J. On a mechanism of near-wall reverse flow formation in a turbulent duct flow // Journal of Fluid Mechanics. - 2021. - Vol. 923. - A20. - 15 р. DOI ; WOS , Q1; SCOPUS ; РИНЦ		NOT_KEYWORD_MATCHED	NEEDS_DOI_VERSION_AND_AFFILIATION_REVIEW
2021	351	https://www.itp.nsc.ru/publikacii/2021/2021stati/18.html	Fedorchenko A.I., Hruby J. On formation of dry spots in heated liquid films // Physics of Fluids. - 2021. - Vol. 33, iss. 2. - 023601. - 6 p. DOI ; WOS , Q1; SCOPUS ; РИНЦ		KEYWORD_CANDIDATE	NEEDS_DOI_VERSION_AND_AFFILIATION_REVIEW
2021	352	https://www.itp.nsc.ru/publikacii/2021/2021stati/18.html	Chernykh G.G., Demenkov A.G., Kaptsov O.V., Schmidt A.V. On self-similar decay of a plane momentumless turbulent wake // Journal of Engineering Thermophysics. – 2021. – Vol. 30, iss. 4. – P. 672-678. DOI ; WOS , Q4; SCOPUS ; РИНЦ		NOT_KEYWORD_MATCHED	NEEDS_DOI_VERSION_AND_AFFILIATION_REVIEW
2021	353	https://www.itp.nsc.ru/publikacii/2021/2021stati/18.html	Lobasov A.S., Tolstoguzov R.V., Sharaborin D.K., Chikishev L.M., Dulin V.M. On the efficiency of using different excitation lines of (1−0) two-line OH fluorescence for planar thermometry // Thermophysics and Aeromechanics. - 2021. - Vol. 28, iss.5. - P. 751-755. DOI ; WOS , Q4; SCOPUS ; РИНЦ (Лобасов А.С., Толстогузов Р.В., Шараборин Д.К., Чикишев Л.М., Дулин В.М. Об эффективности использования различных линий возбуждения перехода (1–0) флуоресценции OH для панорамной термометрии // Теплофизика и аэромеханика. – 2021. – Т. 28, № 5. – С.793-797. РИНЦ )		NOT_KEYWORD_MATCHED	NEEDS_DOI_VERSION_AND_AFFILIATION_REVIEW
2021	354	https://www.itp.nsc.ru/publikacii/2021/2021stati/18.html	Yurkina O., Nemirovskii S.K. On the energy spectrum of the 3D velocity field, generated by an ensemble of vortex loops // Low Temperature Physics. - 2021. - Vol. 47, iss. 8. - P. 652-655. DOI ; WOS , Q4; SCOPUS ; РИНЦ		NOT_KEYWORD_MATCHED	NEEDS_DOI_VERSION_AND_AFFILIATION_REVIEW
2021	355	https://www.itp.nsc.ru/publikacii/2021/2021stati/18.html	Dulin V., Chikishev L., Sharaborin D., Lobasov A., Tolstoguzov R., Li Y., Markovich D. On the flow structure and dynamics of methane and syngas lean flames in a model gas-turbine combustor // Energies. – 2021. – Vol. 14, iss. 24. – 8267. - 20 p. DOI ; WOS , Q3; SCOPUS ; РИНЦ		NOT_KEYWORD_MATCHED	NEEDS_DOI_VERSION_AND_AFFILIATION_REVIEW
2021	356	https://www.itp.nsc.ru/publikacii/2021/2021stati/18.html	Sharaborin D. K. Optical diagnostics in a flame using Raman and Rayleigh scattering techniques with structured laser illumination // AIP Conference Proceedings. – 2021. – Vol. 2351. – 040004. - 7 p. DOI ; SCOPUS ; РИНЦ		NOT_KEYWORD_MATCHED	NEEDS_DOI_VERSION_AND_AFFILIATION_REVIEW
2021	357	https://www.itp.nsc.ru/publikacii/2021/2021stati/18.html	Arbuzov V. A., Arbuzov E.V., Dubnishchev Yu.N., Zolotukhina O.S., Lukashov V.V. Optical diagnostics of hydrogen-air diffusion flame // Journal of Physics: Conference Series. – 2021. – Vol. 2127. - 012017. - 8 p. DOI ; SCOPUS ; РИНЦ		NOT_KEYWORD_MATCHED	NEEDS_DOI_VERSION_AND_AFFILIATION_REVIEW
2021	358	https://www.itp.nsc.ru/publikacii/2021/2021stati/18.html	Arbuzov V.A., Arbuzov E.V., Dubnishchev Yu.N., Zolotukhina O.S., Lukashov V.V. Optical diagnostics of the temperature field of a hydrogen-air flame // Journal of Physics: Conference Series. – 2021. - Vol. 1867, iss. 1. - 012021. - 7 p. DOI ; SCOPUS ; РИНЦ		NOT_KEYWORD_MATCHED	NEEDS_DOI_VERSION_AND_AFFILIATION_REVIEW
2021	359	https://www.itp.nsc.ru/publikacii/2021/2021stati/18.html	Kabardin I., Dvoynishnikov S., Gordienko M., Kakaulin S., Ledovsky V., Gusev G., Zuev V., Okulov V. Optical methods for measuring icing of wind turbine blades // Energies. – 2021. – Vol. 14, iss. 20. – 6485. – 14 p. DOI ; WOS , Q3; SCOPUS ; РИНЦ		NOT_KEYWORD_MATCHED	NEEDS_DOI_VERSION_AND_AFFILIATION_REVIEW
2021	360	https://www.itp.nsc.ru/publikacii/2021/2021stati/18.html	Starinskiy S.V., Rodionov A.A., Shukhov Y.G., Bulgakov A.V. Optical properties of nanocolumnar silver films obtained by pulsed laser deposition // Journal of Physics: Conference Series. – 2021. – Vol. 1867, iss. 1. - 012029. - 4 p. DO I; SCOPUS ; РИНЦ		NOT_KEYWORD_MATCHED	NEEDS_DOI_VERSION_AND_AFFILIATION_REVIEW
2021	361	https://www.itp.nsc.ru/publikacii/2021/2021stati/19.html	Poborchii V., Groenen J., Geshev P.I., Hattori J., Chang W.H., Ishii H., Irisawa T., Maeda T. Optical study of electron and acoustic phonon confinement in ultrathin-body germanium-on-insulator nanolayers // Nanoscale. – 2021. – Vol. 13, iss. 21. – P. 9686-9697. DOI ; WOS , Q1; SCOPUS ; РИНЦ		NOT_KEYWORD_MATCHED	NEEDS_DOI_VERSION_AND_AFFILIATION_REVIEW
2021	362	https://www.itp.nsc.ru/publikacii/2021/2021stati/19.html	Shevyrev S.A., Strizhak P.A., Dietrich R.-U., Bogomolov A.R. Oxygen-free steam gasification under polygeneration // Bulletin of the Tomsk Polytechnic University. Geo Assets Engineering. - 2021. - Vol. 332, iss. 2. - P. 44-58. DOI ; WOS ; SCOPUS (Шевырёв С.А., Стрижак П.А., Дитрих Р.Ю., Богомолов А.Р. Паровая бескислородная газификация в условиях полигенерации // Известия Томского политехнического университета. Инжиниринг георесурсов. - 2021. - Т. 332, № 2. - С. 44-58. DOI ; РИНЦ)		NOT_KEYWORD_MATCHED	NEEDS_DOI_VERSION_AND_AFFILIATION_REVIEW
2021	363	https://www.itp.nsc.ru/publikacii/2021/2021stati/19.html	Starodubtseva I.P., Pavlenko A.N. Parameters of temperature disturbance triggering the propagation of the quench front on an extremely overheated surface // Journal of Physics: Conference Series. – 2021. – Vol. 2119, iss. 1. – 012079. – 5 p. DOI; SCOPUS ; РИНЦ		NOT_KEYWORD_MATCHED	NEEDS_DOI_VERSION_AND_AFFILIATION_REVIEW
2021	364	https://www.itp.nsc.ru/publikacii/2021/2021stati/19.html	Skripkin S.G. Parametric study of cone angle influence on bubble vortex breakdown onset in laminar conical flow at various swirl numbers // Journal of Physics: Conference Series. – 2021. – Vol. 2119, iss. 1. - 012019. - 5 p. DOI ; SCOPUS ; РИНЦ		NOT_KEYWORD_MATCHED	NEEDS_DOI_VERSION_AND_AFFILIATION_REVIEW
2021	365	https://www.itp.nsc.ru/publikacii/2021/2021stati/19.html	Kuznetsov V.V., Gasenko O.A. Peculiarities of hydrogen production using methane steam reforming in microstructured reactor-heat exchanger // Journal of Physics: Conference Series. - 2021. - Vol. 2119, iss. 1. - 012037. - 5 p. DOI; SCOPUS ; РИНЦ		NOT_KEYWORD_MATCHED	NEEDS_DOI_VERSION_AND_AFFILIATION_REVIEW
2021	366	https://www.itp.nsc.ru/publikacii/2021/2021stati/19.html	Dobroselsky K.G. Penetration of vertical pulsed jets in crossflow at low velocity ratio // Journal of Physics: Conference Series. – 2021. – Vol. 2119, iss. 1. - 012010. - 5 p. DOI ; SCOPUS ; РИНЦ		NOT_KEYWORD_MATCHED	NEEDS_DOI_VERSION_AND_AFFILIATION_REVIEW
2021	367	https://www.itp.nsc.ru/publikacii/2021/2021stati/19.html	Semikolenova O., Sakovina L., Akhmetova E., Kim D., Vokhtantsev I., Golyshev V., Vorobyeva M., Novopashin S., Novopashina D. Photoactivatable nanocrispr/cas9 system based on crrna reversibly immobilized on carbon nanoparticles // International Journal of Molecular Sciences. - 2021. - Vol. 22, iss. 20. - 10919. - 15 p. DOI ; WOS , Q1; SCOPUS ; РИНЦ		NOT_KEYWORD_MATCHED	NEEDS_DOI_VERSION_AND_AFFILIATION_REVIEW
2021	368	https://www.itp.nsc.ru/publikacii/2021/2021stati/19.html	Okulov V., Kabardin I. K, Mukhin D., Stepanov K., Okulova N. Physical de-icing techniques for wind turbine blades // Energies. – 2021. – Vol. 14, iss. 20. – 6750. - 16 p. DOI ; WOS , Q3; SCOPUS ; РИНЦ		NOT_KEYWORD_MATCHED	NEEDS_DOI_VERSION_AND_AFFILIATION_REVIEW
2021	369	https://www.itp.nsc.ru/publikacii/2021/2021stati/19.html	Ryzhiy I.A., Shtegman A.V., Tugov A.N., Sirotin D.A., Gutnik M.M., Fomenko E.A., Sosin D.V., Timashkov K.V., Alekseenko S.V., Zavorin A.S., Gubin V.E., Matveev A.S., Gvozdiakov D.V., Larionov K.B., Yankovsky S.A., Slyusarsky K.V. Pilot tests of a fixed-bed coal gasifier // Thermal Engineering. - 2021. - Vol. 68, iss. 6. - P. 461-472. DOI ; WOS ; SCOPUS ; РИНЦ (Рыжий И.А., Штегман А.В., Тугов А.Н., Сиротин Д.А., Гутник М.М., Фоменко Е.А., Сосин Д.В., Тимашков К.В., Алексеенко С.В., Заворин А.С., Губин В.Е., Матвеев А.С., Гвоздяков Д.В., Ларионов К.Б., Янковский С.А., Слюсарский К.В. Опытно-промышленные испытания горнового газификатора // Теплоэнергетика. - 2021. - № 6. - С. 55-67. DOI ; РИНЦ )		NOT_KEYWORD_MATCHED	NEEDS_DOI_VERSION_AND_AFFILIATION_REVIEW
2021	370	https://www.itp.nsc.ru/publikacii/2021/2021stati/19.html	Sharaborin D.K., Savitskii A.G., Bakharev G.Y., Lobasov A.S., Chikishev L.M., Dulin V.M. PIV/PLIF investigation of unsteady turbulent flow and mixing behind a model gas turbine combustor // Experiments in Fluids. – 2021. – Vol. 62, iss. 5. - 96. - 19 p. DOI ; WOS , Q2; SCOPUS ; РИНЦ		NOT_KEYWORD_MATCHED	NEEDS_DOI_VERSION_AND_AFFILIATION_REVIEW
2021	371	https://www.itp.nsc.ru/publikacii/2021/2021stati/19.html	Sharaborin D.K. Planar thermometry using the method of spontaneous Raman scattering with structured laser illumination // Thermophysics and Aeromechanics. – 2021. – Vol. 28, iss. 3. – P. 455-459. DOI ; WOS ; Q4; SCOPUS ; РИНЦ (Шараборин Д.К. Плоскостная термометрия в турбулентном пламени методом спонтанного комбинационного рассеяния со структурированной лазерной подсветкой // Теплофизика и аэромеханика. - 2021. - Т. 28, № 3. - С. 485-489. РИНЦ )		NOT_KEYWORD_MATCHED	NEEDS_DOI_VERSION_AND_AFFILIATION_REVIEW
2021	372	https://www.itp.nsc.ru/publikacii/2021/2021stati/19.html	Messerle V.E., Mossé A.L., Paskalov G., Sitdikov Z.Z., Ustimenko A.B. Plasma chemical conversion of spent lubricating materials // Journal of Engineering Physics and Thermophysics. - 2021. - Vol. 94, iss. 5. - P. 1344-1356. DOI ; WOS ; SCOPUS ; РИНЦ (Мессерле В.Е., Моссэ А.Л., Паскалов Г., Ситдиков Ж.Ж., Устименко А.Б. Плазмохимическая конверсия отработанных смазочных материалов // Инженерно-физический журнал. - 2021. - Т. 94, № 5. - С. 1377-1389. РИНЦ )		NOT_KEYWORD_MATCHED	NEEDS_DOI_VERSION_AND_AFFILIATION_REVIEW
2021	373	https://www.itp.nsc.ru/publikacii/2021/2021stati/19.html	Salnikov M., Fedoseev, A., Sukhinin G. Plasma parameters around a chain-like structure of dust particles in an external electric field // Molecules. – 2021. - Vol. 26, iss. 13. – 3846. - 14 p. DOI ; WOS , Q2; SCOPUS ; РИНЦ		NOT_KEYWORD_MATCHED	NEEDS_DOI_VERSION_AND_AFFILIATION_REVIEW
2021	374	https://www.itp.nsc.ru/publikacii/2021/2021stati/19.html	Messerle V., Ustimenko A., Lavrichshev O. Plasma-fuel systems for clean coal technologies // Proceedings of Institution of Civil Engineers: Energy. - 2021. - Vol. 174, iss. 2. - P. 79-83. DOI ; WOS , Q4; SCOPUS; РИНЦ		NOT_KEYWORD_MATCHED	NEEDS_DOI_VERSION_AND_AFFILIATION_REVIEW
2021	375	https://www.itp.nsc.ru/publikacii/2021/2021stati/19.html	Kovalev A., Yagodnitsyna A., Bilsky A. Plug flow of immiscible liquids with low viscosity ratio in serpentine microchannels // Chemical Engineering Journal. - 2021. - Vol. 417. - 127933. - 11 p. DOI ; WOS ,Q1; SCOPUS ; РИНЦ		KEYWORD_CANDIDATE	NEEDS_DOI_VERSION_AND_AFFILIATION_REVIEW
2021	376	https://www.itp.nsc.ru/publikacii/2021/2021stati/19.html	Ivashchenko V.A., Palkin E.V., Ryzhenkov V.O., Mullyadzhanov R.I. POD-analysis of the near field of a turbulent circular jet when mixing gases of different densities // Thermophysics and Aeromechanics. – 2021. – Vol. 28, iss. 1. – P. 55-64. DOI ; WOS ; Q4; SCOPUS ; РИНЦ (Иващенко В.А., Палкин Е.В., Рыженьков В.О., Мулляджанов Р.И. POD анализ ближнего поля турбулентной круглой струи при смешении газов различной плотности // Теплофизика и аэромеханика. - 2021. - Т. 28, № 1. - С. 57-66. РИНЦ ).		NOT_KEYWORD_MATCHED	NEEDS_DOI_VERSION_AND_AFFILIATION_REVIEW
2021	377	https://www.itp.nsc.ru/publikacii/2021/2021stati/19.html	Dubnishchev Yu.N., Arbuzov V.A., Arbuzov E.V., Zolotukhina O.S., Lukashov V.V. Polychromatic diagnostics of the flame with Hilbert verification of the visualized phase structure // Scientific Visualization. - 2021. - Vol.13, iss. 4. - P. 1–8. DOI ; SCOPUS (Дубнищев Ю.Н., Арбузов В.А., Арбузов Э.В., Золотухина О.С., Лукашов В.В. Полихроматическая диагностика пламени с гильберт-верификацией визуализированной фазовой структуры // Научная визуализация. - 2021. - Т. 13, № 4. - С. 1-8. DOI ; РИНЦ )		NOT_KEYWORD_MATCHED	NEEDS_DOI_VERSION_AND_AFFILIATION_REVIEW
2021	378	https://www.itp.nsc.ru/publikacii/2021/2021stati/19.html	Arbuzov V. A., Arbuzov E.V., Dubnishchev Yu.N., Zolotukhina O.S., Lukashov V.V. Polychromatic Hilbert diagnostics of phase and temperature disturbances, induced by candle flame in air // Journal of Physics: Conference Series. – 2021. – Vol. 2127. - 012016. - 8 p. DOI ; SCOPUS; РИНЦ		NOT_KEYWORD_MATCHED	NEEDS_DOI_VERSION_AND_AFFILIATION_REVIEW
2021	379	https://www.itp.nsc.ru/publikacii/2021/2021stati/19.html	Brester A.E, Zhukov V.I., Shvetsov D.A., Pavlenko A.N. Power spectra of pressure pulsations in the processes of evaporation/boiling of a liquid at low pressures // Journal of Physics: Conference Series. – 2021. – Vol. 2039, iss. 1. – 012006. - 6 p. DOI ; SCOPUS ; РИНЦ		KEYWORD_CANDIDATE	NEEDS_DOI_VERSION_AND_AFFILIATION_REVIEW
2021	380	https://www.itp.nsc.ru/publikacii/2021/2021stati/19.html	Muller J.S., Sieber M., Litvinov I., Shtork S., Alekseenko S., Oberleithner K. Prediction of vortex precession in the draft tube of a model hydro turbine using mean field stability theory and stochastic modelling // IOP Conference Series: Earth and Environmental Science. - 2021. - Vol. 774. - 012003. - 9 p. DOI ; РИНЦ		NOT_KEYWORD_MATCHED	NEEDS_DOI_VERSION_AND_AFFILIATION_REVIEW
2021	381	https://www.itp.nsc.ru/publikacii/2021/2021stati/20.html	Chubov A.S., Glavny V.G., Dvoynishnikov S.V., Krotov S.V., Meledin V.G. Preparation of human biological fluid for studies by laser Doppler spectroscopy // Journal of Physics: Conferense Series. - 2021. - Vol. 2057. - 012090. - 6 p. DOI ; SCOPUS ; РИНЦ		NOT_KEYWORD_MATCHED	NEEDS_DOI_VERSION_AND_AFFILIATION_REVIEW
2021	382	https://www.itp.nsc.ru/publikacii/2021/2021stati/20.html	Bobrov M., Hrebtov M., Ivashchenko V., Mullyadzhanov R., Seredkin A., Tokarev M., Zaripov D., Dulin V., Markovich D. Pressure evaluation from Lagrangian particle tracking data using a grid-free least-squares method // Measurement Science and Technology. - 2021. - Vol. 32, iss. 8. - 084014. - 14 p. DOI ; WOS , Q3; SCOPUS ; РИНЦ		NOT_KEYWORD_MATCHED	NEEDS_DOI_VERSION_AND_AFFILIATION_REVIEW
2021	383	https://www.itp.nsc.ru/publikacii/2021/2021stati/20.html	Zaripov D.I. Problems of an experimental study of a reverse flow in the turbulent channel flow // Journal of Physics: Conference Series. - 2021. - Vol. 2057. - 012097. - 5 p. DOI ; SCOPUS ; РИНЦ		NOT_KEYWORD_MATCHED	NEEDS_DOI_VERSION_AND_AFFILIATION_REVIEW
2021	384	https://www.itp.nsc.ru/publikacii/2021/2021stati/20.html	Kuznetsov V.V., Shamirzaev A.S., Mordovskoy A.S. Prospects for using two-phase micro-size systems for high heat flux removal // Journal of Physics: Conference Series. - 2021. - Vol. 2057. - 012058. - 4 p. DOI ; SCOPUS ; РИНЦ		KEYWORD_CANDIDATE	NEEDS_DOI_VERSION_AND_AFFILIATION_REVIEW
2021	385	https://www.itp.nsc.ru/publikacii/2021/2021stati/20.html	Morozov A.A., Starinskiy S.V., Bulgakov A.V. Pulsed laser ablation of binary compounds: effect of time delay in component evaporation on ablation plume expansion // Journal of Physics D: Applied Physics. - 2021. - Vol. 54, iss. 17. - 175203. - 35 p. DOI ; WOS , Q2; SCOPUS ; РИНЦ		KEYWORD_CANDIDATE	NEEDS_DOI_VERSION_AND_AFFILIATION_REVIEW
2021	386	https://www.itp.nsc.ru/publikacii/2021/2021stati/20.html	Ivashchenko E.I., Hrebtov M.Y., Mullyadzhanov R.I. Quasi-periodic forces and conditionally averaged characteristics of unsteady cavitation flow around a hydrofoil // Journal of Physics: Conference Series. – 2021. – Vol. 2119, iss. 1. – 012030. - 5 p. DOI ; SCOPUS ; РИНЦ		NOT_KEYWORD_MATCHED	NEEDS_DOI_VERSION_AND_AFFILIATION_REVIEW
2021	387	https://www.itp.nsc.ru/publikacii/2021/2021stati/20.html	Dubrovin K.A., Zarvin A.E., Rebrov A.K., Konstantinov S.E., Borynyak K.I., Yaskin A.S., Kalyada V.V. Radiation of argon clustered flow particles outside the exciting electron beam // Journal of Physics: Conference Series. - 2021. - Vol. 2119, iss. 1. - 012118. - 4 p. DOI ; SCOPUS ; РИНЦ		NOT_KEYWORD_MATCHED	NEEDS_DOI_VERSION_AND_AFFILIATION_REVIEW
2021	388	https://www.itp.nsc.ru/publikacii/2021/2021stati/20.html	Pakhomov M.A., Zhapbasbayev U.K. RANS modeling of turbulent flow and heat transfer of non-Newtonian viscoplastic fluid in a pipe // Case Studies in Thermal Engineering. – 2021. – Vol. 28. – 101455. - 14 p. DOI ; WOS ; Q1; SCOPUS ; РИНЦ		KEYWORD_CANDIDATE	NEEDS_DOI_VERSION_AND_AFFILIATION_REVIEW
2021	389	https://www.itp.nsc.ru/publikacii/2021/2021stati/20.html	Nemirovskii S. K. Rayleigh problem in superfluid helium // Journal of Engineering Thermophysics. - 2021. - Vol. 30, iss. 4. - P. 607–614. DOI ; WOS , Q4; SCOPU S; РИНЦ		NOT_KEYWORD_MATCHED	NEEDS_DOI_VERSION_AND_AFFILIATION_REVIEW
2021	390	https://www.itp.nsc.ru/publikacii/2021/2021stati/20.html	Philippov M.V., Chokhar I.A., Terekhov V.V., Terekhov V.I., Zolotukhin A.V., Baranov I.N. Reconstruction of the flow structure in a coplanar channel based on two-component LDA data // Journal of Physics: Conference Series. – 2021. – Vol. 2127, iss. 1. - 012006. - 9 p. DOI ; SCOPUS ; РИНЦ		NOT_KEYWORD_MATCHED	NEEDS_DOI_VERSION_AND_AFFILIATION_REVIEW
2021	391	https://www.itp.nsc.ru/publikacii/2021/2021stati/20.html	Ogorodnikov I.A. Reflection of sound pulses from an inhomogeneous bubble medium // Journal of Physics: Conference Series. - 2021. - Vol. 2057. - 012032. - 6 p. DOI ; SCOPUS ; РИНЦ		NOT_KEYWORD_MATCHED	NEEDS_DOI_VERSION_AND_AFFILIATION_REVIEW
2021	392	https://www.itp.nsc.ru/publikacii/2021/2021stati/20.html	Mungalov A.S., Derevyannikov I.A. Reflective synthetic schlieren technique for measuring liquid surface deformations // AIP Conference Proceedings. - 2021. - Vol. 2422. - 040012. DOI ; SCOPUS ; РИНЦ		NOT_KEYWORD_MATCHED	NEEDS_DOI_VERSION_AND_AFFILIATION_REVIEW
2021	393	https://www.itp.nsc.ru/publikacii/2021/2021stati/20.html	Sharifullin B.R., Naumov I.V., Tsoy V.A., Skripkin S.G. Regularities of vortex motion in gas-vortex bioreactor // Journal of Physics: Conference Series. - 2021. - Vol. 2057. - 012046. - 6 p. DOI ; SCOPUS ; РИНЦ		NOT_KEYWORD_MATCHED	NEEDS_DOI_VERSION_AND_AFFILIATION_REVIEW
2021	394	https://www.itp.nsc.ru/publikacii/2021/2021stati/20.html	Meshkova V.D., Dekterev A.A., Litvintsev K.Yu. Representativeness of monitoring station readings in the context of urban environment // Journal of Physics: Conference Series. - 2021. - Vol. 2057. - 012132. - 7 p. DOI ; SCOPUS ; РИНЦ		NOT_KEYWORD_MATCHED	NEEDS_DOI_VERSION_AND_AFFILIATION_REVIEW
2021	395	https://www.itp.nsc.ru/publikacii/2021/2021stati/20.html	Zaripov D., Ivashchenko V., Mullyadzhanov R., Li R. , Markovich D., Kähler C. Reverse flow phenomenon in duct corners at a low Reynolds number // Physics of Fluids. - 2021. - Vol. 33, iss. 8. - 085130 - 11 p. DOI ; WOS , Q1; SCOPUS; РИНЦ		NOT_KEYWORD_MATCHED	NEEDS_DOI_VERSION_AND_AFFILIATION_REVIEW
2021	396	https://www.itp.nsc.ru/publikacii/2021/2021stati/20.html	Anufriev I.S. Review of water/steam addition in liquid-fuel combustion systems for NOx reduction: Waste-to-energy trends // Renewable and Sustainable Energy Reviews. - 2021. - Vol. 138. - 110665. - 13 p. DOI ; WOS , Q1; SCOPUS ; РИНЦ		NOT_KEYWORD_MATCHED	NEEDS_DOI_VERSION_AND_AFFILIATION_REVIEW
2021	397	https://www.itp.nsc.ru/publikacii/2021/2021stati/20.html	Ma S., Zhang X., Dmitriev A., Shmakov A., Korobeinichev O., Mei B., Li Y., Knyazkov D. Revisit laminar premixed ethylene flames at elevated pressures: a mass spectrometric and laminar flame propagation study // Combustion and Flame. – 2021. – Vol. 230. – 111422. - 11 p. DOI ; WOS , Q1; SCOPUS ; РИНЦ		NOT_KEYWORD_MATCHED	NEEDS_DOI_VERSION_AND_AFFILIATION_REVIEW
2021	398	https://www.itp.nsc.ru/publikacii/2021/2021stati/20.html	Damdinov B.B., Danilova V.A., Minakov A.V., Pryazhnikov M.I. Rheological properties of PVDF solutions // Journal of Siberian Federal University. Mathematics and Physics = Журнал Сибирского федерального университета. Серия: Математика и физика. - 2021. - Vol. 14, iss. 3. - P. 265-272. DOI ; WOS ; SCOPUS ; РИНЦ		NOT_KEYWORD_MATCHED	NEEDS_DOI_VERSION_AND_AFFILIATION_REVIEW
2021	399	https://www.itp.nsc.ru/publikacii/2021/2021stati/20.html	Semionov V.V. Rivulet deflection in the heated liquid film with different initial characteristics // Journal of Physics: Conference Series – 2021. - Vol. 2119, iss. 1. - 012071. - 4 p. DOI ; SCOPUS ; РИНЦ		KEYWORD_CANDIDATE	NEEDS_DOI_VERSION_AND_AFFILIATION_REVIEW
2021	400	https://www.itp.nsc.ru/publikacii/2021/2021stati/20.html	Egorov R.I., Misyura S.Y., Morozov V.S., Zaitsev A.S. Self-organization of TiO 2 microparticles on the surface of a thin liquid layer due to local heating and the formation of convective cells // Journal of Molecular Liquids. - 2021. - Vol. 324. - 114685. - 10 p. DOI ; WOS ; Q1; SCOPUS ; РИНЦ		NOT_KEYWORD_MATCHED	NEEDS_DOI_VERSION_AND_AFFILIATION_REVIEW
2021	401	https://www.itp.nsc.ru/publikacii/2021/2021stati/21.html	Alekseenko S.V., Markovich D.M., Sikovsky D.Ph. Siberian STS37 XXXVII Siberian Thermophysical Seminar // Journal of Physics: Conference Series. - 2021. - Vol. 2119, iss. 1 - 011001. - 3 p. DOI ; SCOPUS ; РИНЦ		NOT_KEYWORD_MATCHED	NEEDS_DOI_VERSION_AND_AFFILIATION_REVIEW
2021	402	https://www.itp.nsc.ru/publikacii/2021/2021stati/21.html	Alekseev M.V., Lezhnin S.I. Simulation of an unstationary process of gas outflow into an open pipe area with a ring assembly filled with a liquid // Journal of Physics: Conference Series. - 2021. - Vol. 2057. - 012038. - 5 p. DOI ; SCOPUS ; РИНЦ		NOT_KEYWORD_MATCHED	NEEDS_DOI_VERSION_AND_AFFILIATION_REVIEW
2021	403	https://www.itp.nsc.ru/publikacii/2021/2021stati/21.html	Zhigarev V.A., Pryazhnikov M.I., Matveev A.V., Guzei D.V., Shebelev A.V. Simulation of cuttings removal processes in the horizontal well // Journal of Physics: Conference Series. - 2021. - Vol. 1867, iss. 1. - 012031. - 6 p. DOI ; SCOPUS ; РИНЦ		NOT_KEYWORD_MATCHED	NEEDS_DOI_VERSION_AND_AFFILIATION_REVIEW
2021	404	https://www.itp.nsc.ru/publikacii/2021/2021stati/21.html	Okulov V.L. Simulation of deceleration of an axial flow by vortex wakes on an NEJ blade // Doklady Physics. - 2021. - Vol. 66, iss. 12. - P. 358-361. DOI ; SCOPUS ; РИНЦ (Окулов В.Л. Моделирование торможения осевого потока вихревыми следами на лопасти НЕЖ // Доклады Российской академии наук. Физика, технические науки. – 2021. – T. 501, № 1. – С. 68-72. DOI ; РИНЦ )		NOT_KEYWORD_MATCHED	NEEDS_DOI_VERSION_AND_AFFILIATION_REVIEW
2021	405	https://www.itp.nsc.ru/publikacii/2021/2021stati/21.html	Anshakov A.S., Faleev V.A., Domarov P.V. Simulation of thermal processes of shaft plasma furnace for waste gasification // Journal of Physics: Conference Series. - 2021. - Vol. 2119, iss. 1. - 012036. - 4 p. DOI ; SCOPUS ; РИНЦ		NOT_KEYWORD_MATCHED	NEEDS_DOI_VERSION_AND_AFFILIATION_REVIEW
2021	406	https://www.itp.nsc.ru/publikacii/2021/2021stati/21.html	Voulgaropoulos V., Patapas A., Lecompte S., Charogiannis A., Matar O.K., De Paepe M., Markides C.N. Simultaneous laser-induced fluorescence and capacitance probe measurement of downwards annular gas-liquid flows // International Journal of Multiphase Flow. – 2021. – Vol. 142. – 103665. - 19 p. DOI ; WOS , Q2; SCOPUS ; РИНЦ		NOT_KEYWORD_MATCHED	NEEDS_DOI_VERSION_AND_AFFILIATION_REVIEW
2021	407	https://www.itp.nsc.ru/publikacii/2021/2021stati/21.html	Matskevich N.I., Shlegel V.N., Semerikova A.N., Grigorieva V.D., Stankus S.V., Kuznetsov V.A., Ponomareva S.A., Zaitsev V.P., Novikov A.Y. Single crystals of undoped Li 2 WO 4 and Li 2 W 1−0.0125 Mo 0.0125 O 4 : formation enthalpies, heat capacity in the temperature range 320-997 K // Dalton Transactions. - 2021. - Vol. 50, iss. 35. - P. 12130-12136. DOI ; WOS , Q1; SCOPUS ; РИНЦ		NOT_KEYWORD_MATCHED	NEEDS_DOI_VERSION_AND_AFFILIATION_REVIEW
2021	408	https://www.itp.nsc.ru/publikacii/2021/2021stati/21.html	Okulov V.L., Fukumoto Y. Singular approximations for calculating vortex filaments // Journal of Applied Mechanics and Technical Physics. - Vol. 62, iss. 3. - P. 519-524. DOI; WOS , Q4; SCOPUS ; РИНЦ (Окулов В.Л., Фукумото Я. Сингулярные аппроксимации для расчета динамики вихревых нитей // Прикладная механика и техническая физика. - 2021. - Т. 62, № 3. - С. 199-205. DOI ; РИНЦ ).		NOT_KEYWORD_MATCHED	NEEDS_DOI_VERSION_AND_AFFILIATION_REVIEW
2021	409	https://www.itp.nsc.ru/publikacii/2021/2021stati/21.html	Dvoynishnikov S.V., Zuev V.O., Kabardin I.K., Kulikov D.V., Rahmanov V.V. Software package for testing three-dimensional shape measurement methods using structured lighting // Journal of Physics: Conference Series. - 2021. - Vol. 2057. - 012087. - 6 p. DOI ; SCOPUS ; РИНЦ		NOT_KEYWORD_MATCHED	NEEDS_DOI_VERSION_AND_AFFILIATION_REVIEW
2021	410	https://www.itp.nsc.ru/publikacii/2021/2021stati/21.html	Ponomareva T.V., Litvintsev K.Yu., Finnikov K.A.,Yakimov N.D. , Sentyabov A.V., Ponomarev E.I. Soil temperature in disturbed ecosystems of Central Siberia: remote sensing data and numerical simulation // Forests. - Vol. 12, iss. 8. - 994. - 21 p. DOI ; WOS , Q1; SCOPUS ; РИНЦ		NOT_KEYWORD_MATCHED	NEEDS_DOI_VERSION_AND_AFFILIATION_REVIEW
2021	411	https://www.itp.nsc.ru/publikacii/2021/2021stati/21.html	Mullyadzhanov R., Gelash A. Solitons in a box-shaped wave field with noise: perturbation theory and statistics // Physical Review Letters. - 2021. - Vol. 126, iss. 23. - 234101. - 6 p. DOI ; WOS, Q1; SCOPUS ; РИНЦ		NOT_KEYWORD_MATCHED	NEEDS_DOI_VERSION_AND_AFFILIATION_REVIEW
2021	412	https://www.itp.nsc.ru/publikacii/2021/2021stati/21.html	Khairulin R.A., Abdullaev R.N., Stankus S.V. Solubility of potassium, rubidium, and cesium in liquid lithium at high temperatures // Thermophysics and Aeromechanics. – 2021. – Vol. 28, iss. 1. – P. 147-151. DOI ; WOS ; Q4; SCOPUS ; РИНЦ (Хайрулин Р.А., Абдуллаев Р.Н., Станкус С.В. Растворимость калия, рубидия и цезия в жидком литии при высоких температурах // Теплофизика и аэромеханика. - 2021. - Т. 28, № 1. - С. 157-161. РИНЦ ).		NOT_KEYWORD_MATCHED	NEEDS_DOI_VERSION_AND_AFFILIATION_REVIEW
2021	413	https://www.itp.nsc.ru/publikacii/2021/2021stati/21.html	Ogorodnikov I. A. Sound emission of solid surfaces through bubble layer // Journal of Physics: Conference Series. - 2021. - Vol. 2119, iss. 1. - 012066. - 6 p. DO I; SCOPUS ; РИНЦ		NOT_KEYWORD_MATCHED	NEEDS_DOI_VERSION_AND_AFFILIATION_REVIEW
2021	414	https://www.itp.nsc.ru/publikacii/2021/2021stati/21.html	Severin A.S., Timoshevskiy M.V., Ilyushin B.B., Pervunin K.S. Statistical analysis of vapor distribution in a cavitation flow based on an ensemble of instantaneous liquid velocity fields // Journal of Physics: Conference Series. – 2021. – Vol. 2119, iss. 1. - 012046. - 5 p. DOI ; SCOPUS ; РИНЦ		NOT_KEYWORD_MATCHED	NEEDS_DOI_VERSION_AND_AFFILIATION_REVIEW
2021	415	https://www.itp.nsc.ru/publikacii/2021/2021stati/21.html	Litvinov I.V., Sharaborin D.K., Gorelikov E.U., Suslov D.A., Shtork S.I. Stereo-PIV study of unsteady flow in a laboratory air hydro turbine model over a wide range of operating regimes // IOP Conference Series: Earth and Environmental Science. – 2021. – Vol. 774. – 012044. - 7 p. DOI ; РИНЦ		NOT_KEYWORD_MATCHED	NEEDS_DOI_VERSION_AND_AFFILIATION_REVIEW
2021	416	https://www.itp.nsc.ru/publikacii/2021/2021stati/21.html	Yelisseyev A.P., Titov A.T., Emelyanov A.A., Rebrov A.K., Timoshenko N.I., Yudin I.B., Plotnikov M.Y., Gromilov S.A. Structure of a diamond deposited from microwave plasma by a new gas-jet method // International Journal of Refractory Metals and Hard Materials. - 2021. - Vol. 94. - 105386. - 11 p. DOI ; WOS , Q1; SCOPUS ; РИНЦ		NOT_KEYWORD_MATCHED	NEEDS_DOI_VERSION_AND_AFFILIATION_REVIEW
2021	417	https://www.itp.nsc.ru/publikacii/2021/2021stati/21.html	Knyazkov D.A., Dmitriev A.M., Korobeinichev O.P., Osipova K.N., Shmakov A.G., Salzano E. Structure of premixed flames of propylene oxide: molecular beam mass spectrometric study and numerical simulation // Proceedings of the Combustion Institute. - 2021. - Vol. 38, iss. 2. - P. 2467-2475. DOI; WOS , Q1; SCOPUS ; РИНЦ		NOT_KEYWORD_MATCHED	NEEDS_DOI_VERSION_AND_AFFILIATION_REVIEW
2021	418	https://www.itp.nsc.ru/publikacii/2021/2021stati/21.html	Pakhomov M.A., Terekhov V.I. Structure of the detached gas–droplet flow and heat transfer in an axisymmetric confuser // Journal of Engineering Physics and Thermophysics. - 2021. - Vol 94, iss. 6. - P. 1473-1483. DOI ; WOS, Q; SCOPUS ; РИНЦ (Пахомов М.А., Терехов В.И. Структура отрывного газокапельного течения и теплоперенос в осесимметричном конфузоре // Инженерно-физический журнал. – 2021. – Т. 94, № 6. - С. 1507-1517. РИНЦ )		KEYWORD_CANDIDATE	NEEDS_DOI_VERSION_AND_AFFILIATION_REVIEW
2021	419	https://www.itp.nsc.ru/publikacii/2021/2021stati/21.html	Pakhomov M.A., Terekhov V.V., Filippov M.V., Chokhar I.A., Sharov K.A., Terekhov V.I. Structure of the flow in the near-wall gas jet injected through circular holes in a transverse trench // Thermophysics and Aeromechanics. – 2021. – Vol. 28, iss. 3. – P. 307-317. DOI ; WOS ; Q4; SCOPUS ; РИНЦ ( Пахомов М.А., Терехов В.В., Филиппов М.В., Чохар И.А., Шаров К.А., Терехов В.И. Структура течения в пристенной газовой завесе при ее вдуве через круглые отверстия, расположенные в поперечной траншее // Теплофизика и аэромеханика. - 2021. - Т. 28, № 3. - С. 331-341. РИНЦ ).		NOT_KEYWORD_MATCHED	NEEDS_DOI_VERSION_AND_AFFILIATION_REVIEW
2021	420	https://www.itp.nsc.ru/publikacii/2021/2021stati/21.html	Chinnov E.A., Kabov O.A. Structures in falling liquid films // Interfacial Phenomena and Heat Transfer. - 2021. - Vol. 9, iss. 4. - P. 65-88. DOI ; WOS, Q; SCOPUS ; РИНЦ		KEYWORD_CANDIDATE	NEEDS_DOI_VERSION_AND_AFFILIATION_REVIEW
2021	421	https://www.itp.nsc.ru/publikacii/2021/2021stati/22.html	Cherdantsev A.V., Gavrilov N.V., Ermanyuk E.V. Study of initial stage of entry of a solid sphere into shallow liquid with Synthetic Schlieren technique // Experimental Thermal and Fluid Science. - 2021. - Vol. 125. - 110375. - 17 p. DOI ; WOS , Q1; SCOPUS ; РИНЦ		NOT_KEYWORD_MATCHED	NEEDS_DOI_VERSION_AND_AFFILIATION_REVIEW
2021	422	https://www.itp.nsc.ru/publikacii/2021/2021stati/22.html	Bartkus G.V., Kuznetsov V.V. Study of interface gas-liquid flow characteristics in a rectangular microchannel for wavy-annular flow // Journal of Physics: Conference Series. – 2021. – Vol. 2119, iss. 1. – 012059. - 4 p. DOI ; SCOPUS ; РИНЦ		KEYWORD_CANDIDATE	NEEDS_DOI_VERSION_AND_AFFILIATION_REVIEW
2021	423	https://www.itp.nsc.ru/publikacii/2021/2021stati/22.html	Kuznetsov A.V., Gorelikov E.U. Study of the dependences of coal-wood composition, identification of combustion features of the obtained composite materials // Journal of Physics: Conference Series. - 2021. - Vol. 2119, iss. 1. - 012107. - 5 p. DOI ; SCOPUS ; РИНЦ		NOT_KEYWORD_MATCHED	NEEDS_DOI_VERSION_AND_AFFILIATION_REVIEW
2021	424	https://www.itp.nsc.ru/publikacii/2021/2021stati/22.html	Tokarev M.P., Nichik M.Yu. , Gobyzov O.A., Abdurakipov S.S., Dulin V.M. Study of the influence of an external flow rate perturbation on the vortex structure and heat transfer in impinging jets // Journal of Physics: Conference Series. – 2021. – Vol. 2057, iss. 1. – 012099. - 7 p. DOI ; SCOPUS ; РИНЦ		KEYWORD_CANDIDATE	NEEDS_DOI_VERSION_AND_AFFILIATION_REVIEW
2021	425	https://www.itp.nsc.ru/publikacii/2021/2021stati/22.html	Misyura S.Y., Donskoy I.G., Manakov A.Y., Morozov V.S., Strizhak P.A., Skiba S.S., Sagidullin A.K. Studying the influence of key parameters on the methane hydrate dissociation in order to improve the storage efficiency // Journal of Energy Storage. - 2021. - Vol. 44, pt. A. - 103288. - 12 p. DOI; WOS , Q1; SCOPUS; РИНЦ		NOT_KEYWORD_MATCHED	NEEDS_DOI_VERSION_AND_AFFILIATION_REVIEW
2021	426	https://www.itp.nsc.ru/publikacii/2021/2021stati/22.html	Zheng W., Chen T.F., Sen P., Gatapova E.Ya., Kabov O.A., Bai B. Subcooled jet impingement boiling enhanced by porous surface with microcolumn array // Journal of Enhanced Heat Transfer. - 2021. - Vol. 28, iss. 5. - P. 1-17. DO I; WOS ; SCOPUS ; РИНЦ		KEYWORD_CANDIDATE	NEEDS_DOI_VERSION_AND_AFFILIATION_REVIEW
2021	427	https://www.itp.nsc.ru/publikacii/2021/2021stati/22.html	Fedyaeva O.N., Morozov S.V., Vostrikov A.A. Supercritical water oxidation of chlorinated waste from pulp and paper mill // Chemosphere. - 2021. - Vol. 283. - 131239. - 11 p. DOI ; WOS , Q1; SCOPUS ; РИНЦ		NOT_KEYWORD_MATCHED	NEEDS_DOI_VERSION_AND_AFFILIATION_REVIEW
2021	428	https://www.itp.nsc.ru/publikacii/2021/2021stati/22.html	Mungalov A.S., Kochkin D.Y. Surface deformation of non-uniformly heated thin layer of liquid // AIP Conference Proceedings. - 2021. - Vol. 2422. - 040011. - 6 p. DOI; SCOPUS ; РИНЦ		NOT_KEYWORD_MATCHED	NEEDS_DOI_VERSION_AND_AFFILIATION_REVIEW
2021	429	https://www.itp.nsc.ru/publikacii/2021/2021stati/22.html	Fedyaeva O.N., Artamonov D.O., Vostrikov A.A. Surface, volumetric, and platinum-initiated detonation combustion of pyridine in argon and water vapour at elevated pressure // Journal of Engineering Thermophysics. - 2021. - Vol. 30, iss. 2. - P. 184-199. DOI ; WOS , Q4; SCOPUS ; РИНЦ		NOT_KEYWORD_MATCHED	NEEDS_DOI_VERSION_AND_AFFILIATION_REVIEW
2021	430	https://www.itp.nsc.ru/publikacii/2021/2021stati/22.html	Litvinov I.V., Suslov D.A., Gorelikov E.U., Shtork S.I. Swirl number and nozzle confinement effects in a flat-vane axial swirler // International Journal of Heat and Fluid Flow. - 2021. - Vol. 91. - 108812. - 11 p. DOI ; WOS , Q2; SCOPUS ; РИНЦ		NOT_KEYWORD_MATCHED	NEEDS_DOI_VERSION_AND_AFFILIATION_REVIEW
2021	431	https://www.itp.nsc.ru/publikacii/2021/2021stati/22.html	Shtern V., Naumov I. Swirl-decay mechanism generating counterflows and cells in vortex motion // Journal of Engineering Thermophysics. – 2021. – Vol. 30, iss. 1. – P. 19-39. DOI ; WOS , Q4; SCOPUS ; РИНЦ		NOT_KEYWORD_MATCHED	NEEDS_DOI_VERSION_AND_AFFILIATION_REVIEW
2021	432	https://www.itp.nsc.ru/publikacii/2021/2021stati/22.html	Dimov S.V. Synthesis of methanol in microchnnel // Journal of Physics: Conference Series. – 2021. – Vol. 2119, iss. 1. - 012113. - 4 p. DOI ; SCOPUS ; РИНЦ		NOT_KEYWORD_MATCHED	NEEDS_DOI_VERSION_AND_AFFILIATION_REVIEW
2021	433	https://www.itp.nsc.ru/publikacii/2021/2021stati/22.html	Minakov A.V., Rudyak V.Y., Pryazhnikov M.I. Systematic experimental study of the viscosity of nanofluids // Heat Transfer Engineering. - 2021. - Vol. 42, iss. 12. - P. 1024-1040. DOI ; WOS , Q2; SCOPUS ; РИНЦ		KEYWORD_CANDIDATE	NEEDS_DOI_VERSION_AND_AFFILIATION_REVIEW
2021	434	https://www.itp.nsc.ru/publikacii/2021/2021stati/22.html	Ivashchenko E., Hrebtov M., Timoshevskiy M., Pervunin K., Mullyadzhanov R. Systematic validation study of an unsteady cavitating flow over a hydrofoil using conditional averaging: Les and piv // Journal of Marine Science and Engineering. - 2021. - Vol. 9, iss. 1. - 1193. - 18 p. DOI ; WOS , Q2; SCOPUS ; РИНЦ		NOT_KEYWORD_MATCHED	NEEDS_DOI_VERSION_AND_AFFILIATION_REVIEW
2021	435	https://www.itp.nsc.ru/publikacii/2021/2021stati/22.html	Tolstoguzov R.V. Temperature measurements in a swirling impinging flame by planar laser-induced fluorescence // Journal of Physics: Conference Series. – 2021. – Vol. 2119, iss. 1. – 012042. - 6 p. DOI ; SCOPUS ; РИНЦ		NOT_KEYWORD_MATCHED	NEEDS_DOI_VERSION_AND_AFFILIATION_REVIEW
2021	436	https://www.itp.nsc.ru/publikacii/2021/2021stati/22.html	Savitskii A., Lobasov A., Sharaborin D., Dulin V. Testing basic gradient turbulent transport models for swirl burners using piv and plif // Fluids. – 2021. – Vol. 6, iss. 11. – 383. - 19 p. DOI ; WOS ; SCOPUS ; РИНЦ		NOT_KEYWORD_MATCHED	NEEDS_DOI_VERSION_AND_AFFILIATION_REVIEW
2021	437	https://www.itp.nsc.ru/publikacii/2021/2021stati/22.html	Ponomarenko T.G. The behavior of forced convection in a droplet in the presence of external gas // AIP Conference Proceedings. - 2021. - Vol. 2337. - 020018. - 5 p. DOI; WOS ; SCOPUS ; РИНЦ		NOT_KEYWORD_MATCHED	NEEDS_DOI_VERSION_AND_AFFILIATION_REVIEW
2021	438	https://www.itp.nsc.ru/publikacii/2021/2021stati/22.html	Ronshin F.V., Chinnov E.A., Dementyev Y.A., Kabov O.A. The bridge flow regime in microchannels // Doklady Physics. - 2021. - Vol. 66, iss. 8. - P. 229-233. DOI ; WOS, Q4; SCOPUS; РИНЦ (Роньшин Ф.В., Чиннов Е.А., Дементьев Ю.А., Кабов О.А. Мостиковый режим течения в микроканалах // Доклады Российской академии наук. Физика, технические науки. – 2021. – Т. 499, № 1. – С. 43-47. DOI ; РИНЦ ).		KEYWORD_CANDIDATE	NEEDS_DOI_VERSION_AND_AFFILIATION_REVIEW
2021	439	https://www.itp.nsc.ru/publikacii/2021/2021stati/22.html	Misyura S.Y. The dependence of drop evaporation rate and wettability on corrosion kinetics // Colloids and Surfaces. A: Physicochemical and Engineering Aspects. - 2021. - Vol. 610. - 125735. - 11 p. DOI ; WOS , Q2; SCOPUS; РИНЦ		KEYWORD_CANDIDATE	NEEDS_DOI_VERSION_AND_AFFILIATION_REVIEW
2021	440	https://www.itp.nsc.ru/publikacii/2021/2021stati/22.html	Bogatko T.V., Chinak A.V., Evdokimenko I.A., Kulikov D.V., Lobanov P.D., Pakhomov M.A. The effect of a backward-facing step on flow and heat transfer in a polydispersed upward bubbly duct flow // Water. – 2021. – Vol. 13, iss. 17. – 2318. - 21 p. DOI ; WOS , Q2; SCOPUS ; РИНЦ		KEYWORD_CANDIDATE	NEEDS_DOI_VERSION_AND_AFFILIATION_REVIEW
2021	441	https://www.itp.nsc.ru/publikacii/2021/2021stati/23.html	Glezer V.V., Litvintceva A.A. The effect of air velocity on high-temperature convection inside a hanging droplet of aqueous salt solution // AIP Conference Proceedings. - 2021. - Vol. 2337. - 020007. - 4 p. DOI ; WOS ; SCOPUS ; РИНЦ		NOT_KEYWORD_MATCHED	NEEDS_DOI_VERSION_AND_AFFILIATION_REVIEW
2021	442	https://www.itp.nsc.ru/publikacii/2021/2021stati/23.html	Gogonin I.I. The effect of artificial vaporization centers on heat exchange during boiling of the film irrigating a bundle of horizontal finned pipes // Thermophysics and Aeromechanics. - 2021. - Vol. 28, iss. 5. - P. 697-702. DOI ; WOS, Q4; SCOPUS ; РИНЦ (Гогонин И.И. Влияние искусственных центров парообразования на теплообмен при кипении пленки, орошающей пучек горизонтальных оребренных труб // Теплофизика и аэромеханика. – 2021. – Т. 28, № 5. – С. 739-744. РИНЦ )		KEYWORD_CANDIDATE	NEEDS_DOI_VERSION_AND_AFFILIATION_REVIEW
2021	443	https://www.itp.nsc.ru/publikacii/2021/2021stati/23.html	Glezer V.V. The effect of forced gas convection on velocity in a hanging droplet // AIP Conference Proceedings. - 2021. - Vol. 2337. - 020006. - 4 p. DOI; SCOPUS; РИНЦ		NOT_KEYWORD_MATCHED	NEEDS_DOI_VERSION_AND_AFFILIATION_REVIEW
2021	444	https://www.itp.nsc.ru/publikacii/2021/2021stati/23.html	Cherdantsev A.V., Isaenkov S.V., Cherdantsev M.V., Markovich D.M. The effect of high-frequency oscillations on the disturbance waves in annular flow // International Journal of Multiphase Flow. - 2021. - Vol. 143. -103754. - 17 p. DOI ; WOS , Q2; SCOPUS ; РИНЦ		NOT_KEYWORD_MATCHED	NEEDS_DOI_VERSION_AND_AFFILIATION_REVIEW
2021	445	https://www.itp.nsc.ru/publikacii/2021/2021stati/23.html	Perepelitsa B.V. The effect of microtexture on the liquid flow over the sheets // Journal of Physics: Conference Series. - 2021. - Vol. 2119, iss. 1. - 012017. - 5 p. DOI ; SCOPUS ; РИНЦ		NOT_KEYWORD_MATCHED	NEEDS_DOI_VERSION_AND_AFFILIATION_REVIEW
2021	446	https://www.itp.nsc.ru/publikacii/2021/2021stati/23.html	Litvintceva A.A., Volkov N.I., Vorogushina N.I., Moskovskikh V.A., Cheverda V.V. The effect of operating parameters on the heat transfer in the heat pipe // Journal of Physics: Conference Series – 2021. - Vol. 2119, iss. 1. - 012088. - 4 p. DOI ; SCOPUS ; РИНЦ		KEYWORD_CANDIDATE	NEEDS_DOI_VERSION_AND_AFFILIATION_REVIEW
2021	447	https://www.itp.nsc.ru/publikacii/2021/2021stati/23.html	Ivashchenko V.A., Zaripov D.I., Mullyadzhanov R.I. The effect of Reynolds number on near-wall reverse flow in a turbulent duct flow // Journal of Physics: Conference Series. – 2021. – Vol. 2119, iss. 1.– 012032. - 4 p. DOI ; SCOPUS ; РИНЦ		NOT_KEYWORD_MATCHED	NEEDS_DOI_VERSION_AND_AFFILIATION_REVIEW
2021	448	https://www.itp.nsc.ru/publikacii/2021/2021stati/23.html	Chernov A.A., Guzev M.A., Pil’nik A.A., Adamova T.P., Levin A.A., Chudnovskii V.M. The effect of secondary boiling on the dynamics of a jet formed during vapor-bubble collapse induced by laser heating of a liquid // Doklady Physics. - 2021. - Vol. 66, iss. 11. - P. 325-328. DOI ; WOS , Q4; SCOPUS ; РИНЦ (Чернов А.А., Гузев М.А., Пильник А.А., Адамова Т.П., Левин А.А., Чудновский В.М. Влияние вторичного вскипания на динамику струи, формирующейся при коллапсе парового пузырька, индуцированного лазерным нагревом жидкости // Доклады Российской академии наук. Физика, технические науки. – 2021. – Т. 501, № 1. – С. 54-58. DOI ; РИНЦ )		KEYWORD_CANDIDATE	NEEDS_DOI_VERSION_AND_AFFILIATION_REVIEW
2021	449	https://www.itp.nsc.ru/publikacii/2021/2021stati/23.html	Nikitin A.D., Ryzhkov A.F., Butakov E.B., Burdukov A.P. The effect of steam on air gasification of mechanically activated coal in a flow reactor // Thermal Science. – 2021. - Vol. 25, iss. 1, pt. A. – P. 321-330. DOI ; WOS ; Q4; SCOPUS ; РИНЦ		NOT_KEYWORD_MATCHED	NEEDS_DOI_VERSION_AND_AFFILIATION_REVIEW
2021	450	https://www.itp.nsc.ru/publikacii/2021/2021stati/23.html	Morozov V.S. The effect of surface structures on evaporation and free convection in evaporating sessile drops // Journal of Physics: Conference Series. – 2021. – Vol.1867, iss. 1. – 12008. - 4 p. DOI ; SCOPUS ; РИНЦ		KEYWORD_CANDIDATE	NEEDS_DOI_VERSION_AND_AFFILIATION_REVIEW
2021	451	https://www.itp.nsc.ru/publikacii/2021/2021stati/23.html	Skripkn S.G., Tsoy M.A., Kravtsova A.Y. The features of cavitation flow around a cylinder with a very low aspect ratio // Journal of Physics: Conference Series. – 2021. – Vol. 1867, iss. 1. - 012032. - 6 p. DOI ; SCOPUS ; РИНЦ		NOT_KEYWORD_MATCHED	NEEDS_DOI_VERSION_AND_AFFILIATION_REVIEW
2021	452	https://www.itp.nsc.ru/publikacii/2021/2021stati/23.html	Mitin K..A., Berdnikov V.S., Mitina A.V. The influence of conjugate natural convective heat transfer on the temperature field in a monocrystalline sapphire tape in the Stepanov method // Journal of Physics: Conference Series. - 2021. - Vol. 2119, iss. 1- 012161. - 7 p. DOI ; SCOPUS ; РИНЦ		KEYWORD_CANDIDATE	NEEDS_DOI_VERSION_AND_AFFILIATION_REVIEW
2021	453	https://www.itp.nsc.ru/publikacii/2021/2021stati/23.html	Filimonov S.A., Meshkova V.D., Dekterev A.A., Gavrilov A.A., Litvintsev K.Yu., Shebelev S.V. The influence of landscape and urban development on modeling of transport of pollutants in Krasnoyarsk city // Journal of Physics: Conference Series. - 2021. - Vol. 2057. - 012134. - 6 p. DOI ; SCOPUS ; РИНЦ		NOT_KEYWORD_MATCHED	NEEDS_DOI_VERSION_AND_AFFILIATION_REVIEW
2021	454	https://www.itp.nsc.ru/publikacii/2021/2021stati/23.html	Boyarshinov B.F. The influence of molecular properties of gases on heat and mass transfer during combustion of mixed and unmixed reagents // Thermophysics and Aeromechanics. – 2021. – Vol. 28, iss. 1. – P. 115-124. DOI ; WOS ; Q4; SCOPUS ; РИНЦ (Бояршинов Б.Ф. О влиянии молекулярных свойств газов на тепло- и массообмен при горении перемешанных и не перемешанных реагентов // Теплофизика и аэромеханика. - 2021. - Т. 28, № 1. - С. 121-130. РИНЦ ).		NOT_KEYWORD_MATCHED	NEEDS_DOI_VERSION_AND_AFFILIATION_REVIEW
2021	455	https://www.itp.nsc.ru/publikacii/2021/2021stati/23.html	Abdullaev R.N., Khairulin R.A., Stankus S.V. The interdiffusion in liquid alloys of alkali metals with lead // Journal of Physics: Conference Series. – 2021. – Vol. 2119, iss. 1. – 012142. - 4 p. DOI ; SCOPUS ; РИНЦ		NOT_KEYWORD_MATCHED	NEEDS_DOI_VERSION_AND_AFFILIATION_REVIEW
2021	456	https://www.itp.nsc.ru/publikacii/2021/2021stati/23.html	Lobasov A.S., Minakov A.V. The investigation of the efficiency of oil displacing from the pore in the rock formation depending on the width and height of the pore using nanosuspension as a displacing agent // Journal of Physics: Conference Series. - 2021. - Vol. 2119, iss. 1. - 012052. - 6 p. DOI; SCOPUS ; РИНЦ		NOT_KEYWORD_MATCHED	NEEDS_DOI_VERSION_AND_AFFILIATION_REVIEW
2021	457	https://www.itp.nsc.ru/publikacii/2021/2021stati/23.html	Lobasov A.S., Minakov A.V. The investigation of the height effect of a slit microchannel with a textured wall on its hydrodynamic drag // Journal of Physics: Conference Series. - 2021. - Vol. 2119, iss. 1. - 012050. - 6 p. DOI ; SCOPUS ; РИНЦ		KEYWORD_CANDIDATE	NEEDS_DOI_VERSION_AND_AFFILIATION_REVIEW
2021	458	https://www.itp.nsc.ru/publikacii/2021/2021stati/23.html	Kozlovskii Yu.M., Stankus S.V. The linear thermal expansion coefficient of Inconel 617 alloy // Journal of Physics: Conference Series. – 2021. – Vol. 2119, iss. 1. - 012136. – 4 p. DOI ; SCOPUS ; РИНЦ		NOT_KEYWORD_MATCHED	NEEDS_DOI_VERSION_AND_AFFILIATION_REVIEW
2021	459	https://www.itp.nsc.ru/publikacii/2021/2021stati/23.html	Litvintsev K.Yu., Dekterev A.A., Kirik E.S., Vitova T.B. The mathematical foundation of a software package for assessing the probability of a viral infection in massively occupied buildings // Journal of Computational Technologies. - 2021. - Vol. 26, iss 4. - P. 73-81. SCOPUS (Литвинцев К.Ю., Дектерев А.А., Кирик Е.С., Витова Т.В. Математическая основа программного комплекса для оценки вероятности заражения вирусной инфекцией в зданиях с массовым пребыванием людей // Вычислительные технологии. – 2021. – Т. 26, № 4. – С. 73-81. DOI ; РИНЦ )		NOT_KEYWORD_MATCHED	NEEDS_DOI_VERSION_AND_AFFILIATION_REVIEW
2021	460	https://www.itp.nsc.ru/publikacii/2021/2021stati/23.html	Zhukov V.I., Pavlenko A.N. The mechanism of surface cooling by a horizontal layer of liquid evaporating at low reduced pressures // AIP Advances. – 2021. – Vol. 11, iss. 1. – 015341. - 5 p. DOI ; WOS ; Q4; SCOPUS ; РИНЦ		KEYWORD_CANDIDATE	NEEDS_DOI_VERSION_AND_AFFILIATION_REVIEW
2021	461	https://www.itp.nsc.ru/publikacii/2021/2021stati/24.html	Lobasov A. S., Minakov A. V. The numerical investigation of the oil displacing efficiency from the pore in the rock formation depending on the width and height of the pore // Journal of Physics: Conference Series. - 2021. - Vol. 1867, iss. 1. - 012028. - 6 p. DOI ; SCOPUS ; РИНЦ		NOT_KEYWORD_MATCHED	NEEDS_DOI_VERSION_AND_AFFILIATION_REVIEW
2021	462	https://www.itp.nsc.ru/publikacii/2021/2021stati/24.html	Skripkin S.G., Gesheva E.S., Shtork S.I. The observation of twin vortex merging at air injection in swirling water flow // Interfacial Phenomena and Heat Transfer. - 2021. - Vol. 9, iss. 4. - P. 17-26. DO I; WOS, Q; SCOPUS ; РИНЦ		KEYWORD_CANDIDATE	NEEDS_DOI_VERSION_AND_AFFILIATION_REVIEW
2021	463	https://www.itp.nsc.ru/publikacii/2021/2021stati/24.html	"Meshkova V.D., Dekterev A.A., Litvintsev K.Yu., Filimonov S.A., Gavrilov A.A. The role of urban development in the formation of a ""heat island"" // Journal of Computational Technologies. - 2021. - Vol. 26, iss. 5. - P. 4-14. SCOPUS (Мешкова В.Д., Дектерев А.А., Литвинцев К.Ю., Филимонов С.А., Гаврилов А.А. Роль городской застройки в формировании ""острова тепла""// Вычислительные технологии. – 2021. – Т. 26, № 5. – С. 4-14. DOI; РИНЦ)"		NOT_KEYWORD_MATCHED	NEEDS_DOI_VERSION_AND_AFFILIATION_REVIEW
2021	464	https://www.itp.nsc.ru/publikacii/2021/2021stati/24.html	Serdyukov V., Miskiv N., Surtaev A. The simultaneous analysis of droplets' impacts and heat transfer during water spray cooling using a transparent heater // Water. – 2021. – Vol. 13, iss. 19. – 2730. - 16 p. DOI ; WOS ; Q2; SCOPUS ; РИНЦ		KEYWORD_CANDIDATE	NEEDS_DOI_VERSION_AND_AFFILIATION_REVIEW
2021	465	https://www.itp.nsc.ru/publikacii/2021/2021stati/24.html	Gigola T.G., Cheverda V.V. The study of spray impact on the heated sapphire plate // Journal of Physics: Conference Series. – 2021. - Vol. 2119, iss. 1. - 012172. - 4 p. DOI ; SCOPUS ; РИНЦ		KEYWORD_CANDIDATE	NEEDS_DOI_VERSION_AND_AFFILIATION_REVIEW
2021	466	https://www.itp.nsc.ru/publikacii/2021/2021stati/24.html	Mukhina M.A., Kopyev E.P., Anufriev I.S. The study of the effect of forced air supply on the combustion of liquid fuel dispersed by superheated steam // Journal of Physics: Conference Series. - 2021. - Vol. 2057. - 012127. - 6 p. DOI ; SCOPUS ; РИНЦ		NOT_KEYWORD_MATCHED	NEEDS_DOI_VERSION_AND_AFFILIATION_REVIEW
2021	467	https://www.itp.nsc.ru/publikacii/2021/2021stati/24.html	Suslov D.A., Litvinov I.V., Gorelikov E.U., Shtork S.I. The swirl number as a method for determining the optimal operating mode of the micro hydro turbine // Journal of Physics: Conference Series. - 2021. - Vol. 2119, iss. 1. - 012160. - 5 p. DOI ; SCOPUS ; РИНЦ		NOT_KEYWORD_MATCHED	NEEDS_DOI_VERSION_AND_AFFILIATION_REVIEW
2021	468	https://www.itp.nsc.ru/publikacii/2021/2021stati/24.html	Litvinov I.V., Gorelikov E.U., Shtork S.I. The unsteady swirling jet in a model of radial burner // Journal of Physics: Conference Series. – 2021. – Vol. 2119, iss. 1. – 012106. - 5 p. DOI ; SCOPUS ; РИНЦ		NOT_KEYWORD_MATCHED	NEEDS_DOI_VERSION_AND_AFFILIATION_REVIEW
2021	469	https://www.itp.nsc.ru/publikacii/2021/2021stati/24.html	Emel'yanov A.A., Plotnikov M.Y., Rebrov A.K., Timoshenko N.I., Yudin I.B. The use of a supersonic jet of gas activated in a microwave discharge in diamond deposition // Fluid Dynamics. – 2021. – Vol. 56, iss. 1. – P. 106-115. DOI ; WOS ; Q4; SCOPUS ; РИНЦ (Емельянов А.А., Плотников М.Ю., Ребров А.К., Тимошенко Н.И., Юдин И.Б. Использование сверхзвуковой струи газа, активированного в микроволновом разряде, для осаждения алмаза // Известия РАН. Механика жидкости и газа. - 2021. - № 1. - С. 106-114. DOI ; РИНЦ ).		NOT_KEYWORD_MATCHED	NEEDS_DOI_VERSION_AND_AFFILIATION_REVIEW
2021	470	https://www.itp.nsc.ru/publikacii/2021/2021stati/24.html	Morozov V. The velocity effect of external gas on the droplet evaporation of aqueous salt solution // AIP Conference Proceedings. - 2021. - Vol. 2337. - 020016. - 5 p. DOI ; SCOPUS ; РИНЦ		KEYWORD_CANDIDATE	NEEDS_DOI_VERSION_AND_AFFILIATION_REVIEW
2021	471	https://www.itp.nsc.ru/publikacii/2021/2021stati/24.html	Turgambaeva A.E., Zherikova K.V., Mosyagina S.A., Krisyuk V.V., Lukashov V.V., Igumenov I. K. Thermal behavior of mixtures of zirconium (IV) and yttrium (III) dipivaloylmethanates // Russian Journal of Applied Chemistry. – 2021. – Vol. 94, iss. 4. – P. 450–456. DOI ; WOS , Q4; SCOPUS ; РИНЦ . (Тургамбаева А.Е., Жерикова К.В., Мосягина С.А., Крисюк В.В., Лукашов В.В., Игуменов И.К. Термическое поведение смесей дипивалоилметаната циркония (IV) и дипивалоилметаната иттрия(III) // Журнал прикладной химии. – 2021. – Т. 94, № 4. – C. 453-460. DOI ; РИНЦ ).		NOT_KEYWORD_MATCHED	NEEDS_DOI_VERSION_AND_AFFILIATION_REVIEW
2021	472	https://www.itp.nsc.ru/publikacii/2021/2021stati/24.html	Sun F., Xie G., Song J., Li S., Markides C.N. Thermal characteristics of in-tube upward supercritical CO 2 flows and a new heat transfer prediction model based on artificial neural networks (ANN) // Applied Thermal Engineering. - 2021. - Vol. 194. - 117067- 13 p. DOI; WOS , Q1; SCOPUS ; РИНЦ		KEYWORD_CANDIDATE	NEEDS_DOI_VERSION_AND_AFFILIATION_REVIEW
2021	473	https://www.itp.nsc.ru/publikacii/2021/2021stati/24.html	Petrov I.Y., Ushakov K.Y., Bogomolov A.R., Zyabrev A.S., Tryasunov B.G. Thermal decomposition of Barzas coals // Izvestiya vysshikh uchebnykh zavedenii. Khimiya i khimicheskaya tekhnologiya. - 2021. - Vol. 64, iss. 3. - P. 92-99. DOI ; WOS ; SCOPUS (Петров И.Я, Ушаков К.Ю., Богомолов А.Р., Зябрев А.С., Трясунов Б.Г. Термическое разложение Барзасских углей // Известия высших учебных заведений. Химия и химическая технология. - 2021. - Т. 64, № 3. - С. 92-99 DOI ; РИНЦ) .		NOT_KEYWORD_MATCHED	NEEDS_DOI_VERSION_AND_AFFILIATION_REVIEW
2021	474	https://www.itp.nsc.ru/publikacii/2021/2021stati/24.html	Agazhanov A.Sh., Samoshkin D.A., Stankus S.V. Thermal diffusivity of corrosion-resistant coating SDP-1 // Journal of Physics: Conference Series. – 2021. – Vol. 2119, iss. 1. – 012145. - 4 p. DOI ; SCOPUS ; РИНЦ		NOT_KEYWORD_MATCHED	NEEDS_DOI_VERSION_AND_AFFILIATION_REVIEW
2021	475	https://www.itp.nsc.ru/publikacii/2021/2021stati/24.html	Kozlovskii Yu.M., Stankus S.V. Thermal expansion of nickel-chromium ChS88U alloy at high temperatures // Journal of Physics: Conference Series. - 2021. - Vol. 2057. - 012116. - 4 p. DOI ; SCOPUS ; РИНЦ		NOT_KEYWORD_MATCHED	NEEDS_DOI_VERSION_AND_AFFILIATION_REVIEW
2021	476	https://www.itp.nsc.ru/publikacii/2021/2021stati/24.html	Kozlovskii Yu.M., Stankus S.V. Thermal expansion of superconducting tapes at low temperatures // Thermophysics and Aeromechanics. – 2021. – Vol. 28, iss. 4. – P. 603-606. DOI ; WOS , Q4; SCOPUS ; РИНЦ (Козловский Ю.М., Станкус С.В. Тепловое расширение сверхпроводящих лент в области низких температур // Теплофизика и аэромеханика. – 2021. – Т. 28, № 4. – С. 641-644. РИНЦ ).		NOT_KEYWORD_MATCHED	NEEDS_DOI_VERSION_AND_AFFILIATION_REVIEW
2021	477	https://www.itp.nsc.ru/publikacii/2021/2021stati/24.html	Gatapova E.Y., Sahu G., Khandekar S., Hu R. Thermal management of high-power LED module with single-phase liquid jet array // Applied Thermal Engineering. - 2021. - Vol. 184. - 116270. - 20 p. DOI ; WOS , Q1; SCOPUS ; РИНЦ		KEYWORD_CANDIDATE	NEEDS_DOI_VERSION_AND_AFFILIATION_REVIEW
2021	478	https://www.itp.nsc.ru/publikacii/2021/2021stati/24.html	Agazhanov A.Sh., Samoshkin D.A., Kozlovskii Yu.M., Stankus S.V. Thermal properties of ARV-U graphite in the temperature interval of 293-1673 K // Thermal Engineering. – 2021. – Vol. 68, iss.12. – P. 953-957. DOI ; WOS ; SCOPUS ; РИНЦ (Агажанов А.Ш., Самошкин Д.А., Козловский Ю.М., Станкус С.В. Теплофизические свойства графита АРВ-У в интервале температур 293-1673 К // Теплоэнергетика. – 2021. – Т. 68, № 12. – С. 87-92. DOI ; РИНЦ )		NOT_KEYWORD_MATCHED	NEEDS_DOI_VERSION_AND_AFFILIATION_REVIEW
2021	479	https://www.itp.nsc.ru/publikacii/2021/2021stati/24.html	Ushakov K.Yu., Petrov I.Ya., Bogomolov A.R. Thermal transformations of low-metamorphozed Kuzbass coals in different atmospheres and prediction of coal hydrogenation ability in direct liquefaction processes // Solid Fuel Chemistry. – 2021. – Vol. 55, iss. 4. – P. 207-215. DOI ; WOS , Q4; SCOPUS ; РИНЦ (Ушаков К.Ю., Петров И.Я., Богомолов А.Р. Исследование термических превращений низкометаморфизованных кузбасских углей в различных средах и прогнозирование их гидрируемости в процессах прямого ожижения // Химия твердого топлива. – 2021. – № 4. – С. 3–12. DOI ; РИНЦ )		NOT_KEYWORD_MATCHED	NEEDS_DOI_VERSION_AND_AFFILIATION_REVIEW
2021	480	https://www.itp.nsc.ru/publikacii/2021/2021stati/24.html	Matskevich N.I., Shlegel V.N., Samoshkin D.A., Stankus S.V., Semerikova A.N., Grigorieva V.D., Zaitsev V.P., Kuznetsov V.A., Ponomareva S.A., Novikov A.Yu. Thermodynamic properties of single crystals based on lithium tungstate by reaction and DSC calorimetry // Journal of Physics: Conference Series. – 2021. – Vol. 2119, iss. 1. – 012140. – 5 p. DOI ; SCOPUS ; РИНЦ		NOT_KEYWORD_MATCHED	NEEDS_DOI_VERSION_AND_AFFILIATION_REVIEW
2021	481	https://www.itp.nsc.ru/publikacii/2021/2021stati/25.html	Agazhanov A.S., Khairulin A.R., Abdullaev R.N., Stankus S.V. Thermophysical properties of liquid K-Pb alloys // Journal of Engineering Thermophysics. – 2021. – Vol. 30, iss. 3. – P. 365-373. DOI ; WOS , Q4; SCOPUS ; РИНЦ		NOT_KEYWORD_MATCHED	NEEDS_DOI_VERSION_AND_AFFILIATION_REVIEW
2021	482	https://www.itp.nsc.ru/publikacii/2021/2021stati/25.html	Kurus A., Yelisseyev A., Lobanov S., Plyusnin P., Molokeev M., Solovyev L., Samoshkin D., Stankus S., Melnikova S., Isaenko L. Thermophysical properties of lithium thiogallate that are important for optical applications // RSC Advances. – 2021. – Vol. 11, iss. 62. – P. 39177-39187. DOI ; WOS , Q2; SCOPUS ; РИНЦ		NOT_KEYWORD_MATCHED	NEEDS_DOI_VERSION_AND_AFFILIATION_REVIEW
2021	483	https://www.itp.nsc.ru/publikacii/2021/2021stati/25.html	Samoshkin D.A., Agazhanov A.Sh., Stankus S.V. Thermophysical properties of NP2 brand nickel // Journal of Physics: Conference Series. – 2021. – Vol. 2119, iss. 1. – 012135. – 5 p. DOI ; SCOPUS ; РИНЦ		NOT_KEYWORD_MATCHED	NEEDS_DOI_VERSION_AND_AFFILIATION_REVIEW
2021	484	https://www.itp.nsc.ru/publikacii/2021/2021stati/25.html	Litvinov I., Yoon J., Noren C.,Stöhr M. , Boxx I., Geigle K.P. Time-resolved study of mixing and reaction in an aero-engine model combustor at increased pressure // Combustion and Flame. - 2021. - Vol. 231. - 111474. - 17 p. DOI ; WOS, Q1; SCOPUS ; РИНЦ		NOT_KEYWORD_MATCHED	NEEDS_DOI_VERSION_AND_AFFILIATION_REVIEW
2021	485	https://www.itp.nsc.ru/publikacii/2021/2021stati/25.html	Lemanov V., Lukashov V., Sharov K. Turbulent superstructures in inert jets and diffusion jet flames // Fluids. - 2021. - Vol. 6, iss. 12. - 459. - 18 p. DOI ; WOS ; SCOPUS ; РИНЦ		NOT_KEYWORD_MATCHED	NEEDS_DOI_VERSION_AND_AFFILIATION_REVIEW
2021	486	https://www.itp.nsc.ru/publikacii/2021/2021stati/25.html	Plotnikov M.Y., Shkarupa E.V. Two approaches to calculating composition of rarefied gas mixture exposed to chemical reactions at flow through // Computers & Fluids. – 2021. – Vol. 214. - 104775. - 11 p. DOI ; WOS , Q2; SCOPUS ; РИНЦ		NOT_KEYWORD_MATCHED	NEEDS_DOI_VERSION_AND_AFFILIATION_REVIEW
2021	487	https://www.itp.nsc.ru/publikacii/2021/2021stati/25.html	Prikhodko V.G., Yarygin V.N., Yarygin I.V. Ultra-dispersed particles of water-soluble and water-insoluble substances formed from gas-droplet flows // Journal of Physics: Conference Series. - 2021. - Vol. 2119, iss. 1. - 012047. - 6 p. DOI; SCOPUS ; РИНЦ		NOT_KEYWORD_MATCHED	NEEDS_DOI_VERSION_AND_AFFILIATION_REVIEW
2021	488	https://www.itp.nsc.ru/publikacii/2021/2021stati/25.html	Strelnik A.S., Dvoinishnikov S.V., Meledin V.G., Rakhmanov V.V., Bakakin G.V., Kabardin I.K., Derzho O.G., Gordienko M.R., Kakaulin S.V. Ultrasonic measurements of two-phase flow // Journal of Engineering Thermophysics. - 2021. - Vol. 30, iss. 4. - P. 679-692. DOI ; WOS , Q4; SCOPUS ; РИНЦ		NOT_KEYWORD_MATCHED	NEEDS_DOI_VERSION_AND_AFFILIATION_REVIEW
2021	489	https://www.itp.nsc.ru/publikacii/2021/2021stati/25.html	Skripkin S.G., Tsoy M.A., Kravtsova A.Y. Unsteady cavities near the hydrofoil with a small aspect ratio // Journal of Physics: Conference Series. - 2021. - Vol. 2057. - 012033. - 5 p. DOI ; SCOPUS ; РИНЦ		NOT_KEYWORD_MATCHED	NEEDS_DOI_VERSION_AND_AFFILIATION_REVIEW
2021	490	https://www.itp.nsc.ru/publikacii/2021/2021stati/25.html	Aktershev S.P., Mezentseva N.N., Mezentsev I.V. Vapor bubble growth in a zeotropic binary mixture // Thermophysics and Aeromechanics. – 2021. – Vol. 28, iss. 3. – P. 421-426. DOI ; WOS , Q4; SCOPUS ; РИНЦ (Актершев С.П., Мезенцева Н.Н., Мезенцев И.В. Рост парового пузырька в зеотропной бинарной смеси // Теплофизика и аэромеханика. - 2021. - Т. 28, № 3. - С. 449- 454. РИНЦ ).		NOT_KEYWORD_MATCHED	NEEDS_DOI_VERSION_AND_AFFILIATION_REVIEW
2021	491	https://www.itp.nsc.ru/publikacii/2021/2021stati/25.html	Zhukov V.E., Mezentseva N.N., Mezentsev I.V. Vaporization during circulation of a non-azeotropic mixture in a heated channel // AIP Conference Proceedings. - 2021. - Vol. 2422. - 040009. - 6 p. DOI ; SCOPUS ; РИНЦ		NOT_KEYWORD_MATCHED	NEEDS_DOI_VERSION_AND_AFFILIATION_REVIEW
2021	492	https://www.itp.nsc.ru/publikacii/2021/2021stati/25.html	Zhukov V.E., Mezentseva N.N., Mezentsev I.V. Vaporization in non-azeotropic and azeotropic alcohol-water mixtures at a flow in a heated circular channel // Thermophysics and Aeromechanics. - 2021. - Vol. 28, iss. 5. - P. 757-760. DOI ; Q4; SCOPUS ; РИНЦ (Жуков В.Е, Мезенцева Н.Н., Мезенцев И.В. Парообразование в неазеотропной и азеотропной спирто-водяных смесях при течении в обогреваемом круглом канале // Теплофизика и аэромеханика. – 2021. – T. 28, № 5. – С. 799-802. РИНЦ )		NOT_KEYWORD_MATCHED	NEEDS_DOI_VERSION_AND_AFFILIATION_REVIEW
2021	493	https://www.itp.nsc.ru/publikacii/2021/2021stati/25.html	Tkachenko E.M., Belosludtsev V.V. Verification of the method for determining heat fluxes and heat loses in experiments with a shear-driving liquid film // Journal of Physics: Conference Series. – 2021. - Vol. 1867, iss. 1. - 012027 - 5 p. DOI ; SCOPUS ; РИНЦ		KEYWORD_CANDIDATE	NEEDS_DOI_VERSION_AND_AFFILIATION_REVIEW
2021	494	https://www.itp.nsc.ru/publikacii/2021/2021stati/25.html	Sterlyagov A.N, Nizovtsev M.I. Verification of the model for calculating conjugated heat and moisture transfer when moistening porous material // Journal of Physics: Conference Series. - 2021. - Vol. 2119, iss. 1. - 6 p. DOI; SCOPUS ; РИНЦ		NOT_KEYWORD_MATCHED	NEEDS_DOI_VERSION_AND_AFFILIATION_REVIEW
2021	495	https://www.itp.nsc.ru/publikacii/2021/2021stati/25.html	Lebedev V.A., Solovjov V.P., Webb B.W. View factors of spherical, conic, and cylindrical spiral surfaces // Journal of Quantitative Spectroscopy and Radiative Transfer. - 2021. - Vol. 274. - 107866. - 9 p. DOI ; WOS, Q2; SCOPUS ; РИНЦ		NOT_KEYWORD_MATCHED	NEEDS_DOI_VERSION_AND_AFFILIATION_REVIEW
2021	496	https://www.itp.nsc.ru/publikacii/2021/2021stati/25.html	Kovalev A.V., Yagodnitsyna A.A., Bilsky A.V. Viscosity ratio influence on liquid-liquid flow in a T-shaped microchannel // Chemical Engineering and Technology. - 2021. - Vol. 44, iss. 2. - P. 365-370. DOI ; WOS , Q3; SCOPUS ; РИНЦ		KEYWORD_CANDIDATE	NEEDS_DOI_VERSION_AND_AFFILIATION_REVIEW
2021	497	https://www.itp.nsc.ru/publikacii/2021/2021stati/25.html	Gordienko M.R., Yavorsky N.I., Pravdina M.Kh., Kakaulin S.V., Kabardin I.K. Visualization in the Ranque-Hilsch vortex tube using high-speed video recording // Journal of Physics: Conference Series. – 2021. – Vol. 2119, iss. 1. – 012104. - 5 p. DOI ; SCOPUS ; РИНЦ		NOT_KEYWORD_MATCHED	NEEDS_DOI_VERSION_AND_AFFILIATION_REVIEW
2021	498	https://www.itp.nsc.ru/publikacii/2021/2021stati/25.html	Skripkin S., Tsoy M., Naumov I. Visualizing different types of vortex breakdown in a conical pipe flow with high cone angle // Journal of Flow Visualization and Image Processing. – 2021. – Vol. 28, iss. 2. – P. 43-53. DOI ; WOS ; РИНЦ		NOT_KEYWORD_MATCHED	NEEDS_DOI_VERSION_AND_AFFILIATION_REVIEW
2021	499	https://www.itp.nsc.ru/publikacii/2021/2021stati/25.html	Dementyev Y.A., Ronshin F.V., Chinnov E.A. Void fraction of nitrogen-water flow in flat microchannels // Journal of Physics: Conference Series. – 2021. – Vol. 1867, iss. 1. - 012037. - 7 p. DOI; SCOPUS ; РИНЦ		KEYWORD_CANDIDATE	NEEDS_DOI_VERSION_AND_AFFILIATION_REVIEW
2021	500	https://www.itp.nsc.ru/publikacii/2021/2021stati/25.html	Kashinsky O.N., Kurdyumov A.S. Wall shear stress during slug motion in an annular channel // Thermophysics and Aeromechanics. – 2021. - Vol. 28, iss. 2. – P. 247-250. DOI ; WOS , Q4; SCOPUS ; РИНЦ (Кашинский О.Н., Курдюмов А.С. Трение на стенке при движении газовых снарядов в кольцевом канале // Теплофизика и аэромеханика. - 2021. - Т. 28, № 2. - С. 265-269. РИНЦ ).		NOT_KEYWORD_MATCHED	NEEDS_DOI_VERSION_AND_AFFILIATION_REVIEW
2021	501	https://www.itp.nsc.ru/publikacii/2021/2021stati/26.html	Aktershev S., Alekseenko S., Bobylev A. Waves in a rivulet falling down an inclined cylinder // AIChE Journal. – 2021. – Vol. 67, Iss. 1. – e17002. - 20 p. DOI ; WOS , Q2; SCOPUS; РИНЦ		NOT_KEYWORD_MATCHED	NEEDS_DOI_VERSION_AND_AFFILIATION_REVIEW
2021	502	https://www.itp.nsc.ru/publikacii/2021/2021stati/26.html	Kochkin D.Y., Arkhipov V.E., Zaitsev D.V., Frolov L.B., Kabov O.A. Wettability of graphene-coated copper substrates // AIP Conference Proceedings. – 2021. - Vol. 2337. - 020008. - 5 p. DOI ; WOS ; SCOPUS ; РИНЦ		NOT_KEYWORD_MATCHED	NEEDS_DOI_VERSION_AND_AFFILIATION_REVIEW
2021	503	https://www.itp.nsc.ru/publikacii/2021/2021stati/26.html	Дубов Г.М., Богомолов А.Р., Григорьева Е.А., Нохрин С.А. Анализ причин роста концентрации свинца в отработавшем масле ДВС КТА 50 карьерных самосвалов БелАЗ 75131, работающих по газодизельному циклу // Вестник Кузбасского государственного технического университета. – 2021. – № 3 (145). – С. 84-93. DOI ; РИНЦ		NOT_KEYWORD_MATCHED	NEEDS_DOI_VERSION_AND_AFFILIATION_REVIEW
2021	504	https://www.itp.nsc.ru/publikacii/2021/2021stati/26.html	Наумов И.В., Штерн В.Н. Двухэтажное торнадо // Природа. – 2021. – № 4 (1268). – С. 12-19. DOI; РИНЦ		NOT_KEYWORD_MATCHED	NEEDS_DOI_VERSION_AND_AFFILIATION_REVIEW
2021	505	https://www.itp.nsc.ru/publikacii/2021/2021stati/26.html	Кокорин А.В., Назаров А.Д., Серов А.Ф. Измерительный комплекс для исследования испарения капель жидкости на подложке // Интерэкспо ГЕО-Сибирь. - 2021. - Т. 8. - С. 126-133. DOI ; РИНЦ		KEYWORD_CANDIDATE	NEEDS_DOI_VERSION_AND_AFFILIATION_REVIEW
2021	506	https://www.itp.nsc.ru/publikacii/2021/2021stati/26.html	Наумов И.В., Скрипкин С.Г., Шарифуллин Б.Р., Штерн В.Н. Исследование вихревого движения в газо-жидкостном биореакторе // Процессы в геосредах. - 2021. - № 3 (29). - С. 1242-1250. РИНЦ		NOT_KEYWORD_MATCHED	NEEDS_DOI_VERSION_AND_AFFILIATION_REVIEW
2021	507	https://www.itp.nsc.ru/publikacii/2021/2021stati/26.html	Дубов Г.М., Богомолов А.Р., Азиханов С.С., Григорьева Е.А., Нохрин С.А. Исследование расходных и температурных характеристик карьерных самосвалов БелАЗ-75131, работающих в газодизельном режиме // Горное оборудование и электромеханика. – 2021. – № 3 (155). – С. 20-31. DOI ; РИНЦ		NOT_KEYWORD_MATCHED	NEEDS_DOI_VERSION_AND_AFFILIATION_REVIEW
2021	508	https://www.itp.nsc.ru/publikacii/2021/2021stati/26.html	Богомолов А.Р., Азиханов С.С., Дубов Г.М., Григорьева Е.А., Нохрин С.А. Исследование состава выхлопных газов карьерных самосвалов БЕЛАЗ 75131, работающих в дизельном и газодизельном режимах // Горное оборудование и электромеханика. – 2021. – № 2 (154). – С. 30-41. DOI ; РИНЦ		NOT_KEYWORD_MATCHED	NEEDS_DOI_VERSION_AND_AFFILIATION_REVIEW
2021	509	https://www.itp.nsc.ru/publikacii/2021/2021stati/26.html	Огуречников Л.А. К вопросу об использовании теплоносителя R245fa для выработки электроэнергии // Промышленная энергетика. – 2021. – № 10. – С. 57-61. DOI ; РИНЦ		NOT_KEYWORD_MATCHED	NEEDS_DOI_VERSION_AND_AFFILIATION_REVIEW
2021	510	https://www.itp.nsc.ru/publikacii/2021/2021stati/26.html	Попов В.И. К проблеме неравновесной термореодинамики сред переменной микроструктуры // Международный научно-исследовательский журнал. - 2021. - № 1(103), ч. 1. - С. 30–40. DOI ; РИНЦ		NOT_KEYWORD_MATCHED	NEEDS_DOI_VERSION_AND_AFFILIATION_REVIEW
2021	511	https://www.itp.nsc.ru/publikacii/2021/2021stati/26.html	Петров И.Я., Осипов А.В., Ушаков К.Ю., Богомолов А.Р., Трясунов Б.Г. Каталитическое ожижение углей - перспективный способ производства моторных топлив и ценных химических соединений. Часть 3. Факторы, влияющие на процессы ожижения углей: степень углефикации и состав угля // Вестник Кузбасского государственного технического университета. - 2021. - № 3 (145). - С. 58-73. DOI ; РИНЦ		NOT_KEYWORD_MATCHED	NEEDS_DOI_VERSION_AND_AFFILIATION_REVIEW
2021	512	https://www.itp.nsc.ru/publikacii/2021/2021stati/26.html	Петров И.Я., Осипов А.В., Ушаков К.Ю., Богомолов А.Р., Трясунов Б.Г. Каталитическое ожижение углей - перспективный способ производства моторных топлив и ценных химических соединений. Часть 5. Факторы, влияющие на процессы ожижения углей: текстура угля и его гранулометрический состав // Вестник Кузбасского государственного технического университета. – 2021. – № 6 (148). – С. 27-39. DOI ; РИНЦ		NOT_KEYWORD_MATCHED	NEEDS_DOI_VERSION_AND_AFFILIATION_REVIEW
2021	513	https://www.itp.nsc.ru/publikacii/2021/2021stati/26.html	Петров И.Я., Осипов А.В., Богомолов А.Р. Каталитическое ожижение углей – перспективный способ производства моторных топлив и ценных химических соединений. Часть 4. Факторы, влияющие на процессы ожижения углей: условия проведения процесса и предварительная обработка углей // Вестник Кузбасского государственного технического университета. – 2021. - № 5(147). – С. 64-81. DOI ; РИНЦ		NOT_KEYWORD_MATCHED	NEEDS_DOI_VERSION_AND_AFFILIATION_REVIEW
2021	514	https://www.itp.nsc.ru/publikacii/2021/2021stati/26.html	Попов В.И. Моделирование процесса переноса потока импульса в средах с неравновесной микроструктурой // Точная наука. - 2021. - № 104. - С. 24-38. РИНЦ		NOT_KEYWORD_MATCHED	NEEDS_DOI_VERSION_AND_AFFILIATION_REVIEW
2021	515	https://www.itp.nsc.ru/publikacii/2021/2021stati/26.html	Кислицын С.А., Митин К.А., Бердников В.С. Моделирование процессов теплообмена при росте монокристаллов методом Бриджмена-Стокбаргера в неподвижных и вращающихся тиглях // Вычислительные технологии. – 2021. – Т. 26, № 1. – С. 21-32. DOI ; РИНЦ		KEYWORD_CANDIDATE	NEEDS_DOI_VERSION_AND_AFFILIATION_REVIEW
2021	516	https://www.itp.nsc.ru/publikacii/2021/2021stati/26.html	Алексеенко С.В., Мальцев Л.И., Кравченко И.В., Дектерев А.А. Обзор работ по приготовлению водоугольного топлива и его сжиганию в котлах // Горение и плазмохимия. – 2021. – T. 19. – C. 265-277. DOI ; РИНЦ		NOT_KEYWORD_MATCHED	NEEDS_DOI_VERSION_AND_AFFILIATION_REVIEW
2021	517	https://www.itp.nsc.ru/publikacii/2021/2021stati/26.html	"Алексеенко С., Перепечко Л., Цукерблат Д. Передовые научные разработки в решении проблем национального проекта ""Экология"" // Интеллектуальная собственность. Промышленная собственность. - 2021. - № 6. - С. 16-29. РИНЦ"		NOT_KEYWORD_MATCHED	NEEDS_DOI_VERSION_AND_AFFILIATION_REVIEW
2021	518	https://www.itp.nsc.ru/publikacii/2021/2021stati/26.html	Гузей Д.В., Пантелеев В.И., Минаков А.В., Жигарев В.А. Расчетное исследование влияния характеристик топливных форсунок на экологические параметры дизель-генератора // Журнал Сибирского федерального университета. Серия: Техника и технологии = Journal of Siberian Federal University. Engineering and Technologies. – 2021. – Т. 14, № 6. – С. 667-683. DOI ; РИНЦ		NOT_KEYWORD_MATCHED	NEEDS_DOI_VERSION_AND_AFFILIATION_REVIEW
2021	519	https://www.itp.nsc.ru/publikacii/2021/2021stati/26.html	Суслов Д.А., Литвинов И.В., Гореликов Е.Ю. Сравнительный анализ пульсаций давления, вызванных спирально-вихревыми структурами в проточной части модели гидротурбины // Вестник Южно-Уральского государственного университета. Серия: Энергетика. - 2021. - Т. 21, № 3. - С. 49-56. DOI ; РИНЦ		NOT_KEYWORD_MATCHED	NEEDS_DOI_VERSION_AND_AFFILIATION_REVIEW
2021	520	https://www.itp.nsc.ru/publikacii/2021/2021stati/26.html	Мацкевич Н.И., Шлегель В.Н., Чернов А.А., Самошкин Д.А., Григорьева В.Д., Станкус С.В., Зайцев В.П. Термодинамические функции монокристалла вольфрамата лития в интервале температур 319–997 К по данным ДСК калориметрии // Уральский научный вестник. – 2021. – Т. 5, № 2. – С. 18-23.		NOT_KEYWORD_MATCHED	NEEDS_DOI_VERSION_AND_AFFILIATION_REVIEW
2021	521	https://www.itp.nsc.ru/publikacii/2021/2021stati/27.html	Лизунов С.А., Жуков В.П., Булгаков А.В., Булгакова Н.М. Численное исследование динамики нагрева золота ультракороткими дихроматическими импульсами лазерного излучения // Сибирский физический журнал. – 2021. – Т. 16, № 1. – С. 5-20. DOI ; РИНЦ		NOT_KEYWORD_MATCHED	NEEDS_DOI_VERSION_AND_AFFILIATION_REVIEW
