year	index_on_site	source_page	bibliography	doi_links	relevance_review_hint	identity_review_state
2022	1	https://www.itp.nsc.ru/publikacii/2022/2022stati.html	Alekseev M.V., Vozhakov I.S. 3D numerical simulation of hydrodynamics and heat transfer in the Taylor flow // Journal of Engineering Thermophysics. - 2022. - Vol. 31, iss. 2. - P. 299–308. DOI ; РИНЦ		KEYWORD_CANDIDATE	NEEDS_DOI_VERSION_AND_AFFILIATION_REVIEW
2022	2	https://www.itp.nsc.ru/publikacii/2022/2022stati.html	Dvoinishnikov S.V., Rakhmanov V.V., Kabardin I.K., Meledin V.G., Semenov D.O. A way of edge detection for cylindrical objects on an image by the shadow method of dimensional control // Optoelectronics, Instrumentation and Data Processing. - 2022. - Vol. 58, iss. 1. - P. 30-35. DOI ; РИНЦ (Двойнишников С.В., Рахманов В.В., Кабардин И.К., Меледин В.Г., Семенов Д.О. Способ определения края объектов цилиндрической формы на изображении теневым методом размерного контроля // Автометрия. - 2022. - Т. 58, № 1. - С. 40-46. DOI ; РИНЦ )		NOT_KEYWORD_MATCHED	NEEDS_DOI_VERSION_AND_AFFILIATION_REVIEW
2022	3	https://www.itp.nsc.ru/publikacii/2022/2022stati.html	Zamchiy A.O., Baranov E.A., Konstantinov V.O., Lunev N.A., Sakhapov S.Z., Korolkov I.V., Volodin V.A. Activation energy of gold-induced crystallization of amorphous silicon suboxide films // Materials Letters. - 2022. - Vol. 323. - 132566. - 4 p. DOI ; РИНЦ		NOT_KEYWORD_MATCHED	NEEDS_DOI_VERSION_AND_AFFILIATION_REVIEW
2022	4	https://www.itp.nsc.ru/publikacii/2022/2022stati.html	Matveeva A., Komarovskikh A., Kuznetsov A., Plyusnin P., Bukhtoyarov V., Lomovsky I. Aging of mechanically activated wood: Effect on the burning ability // Thermal Science. - 2022. - Vol. 26, iss.1. - P. 605-612. DOI ; РИНЦ		NOT_KEYWORD_MATCHED	NEEDS_DOI_VERSION_AND_AFFILIATION_REVIEW
2022	5	https://www.itp.nsc.ru/publikacii/2022/2022stati.html	Sørensen J.N., Okulov V.L., Ramos-García N. Analytical and numerical solutions to classical rotor designs // Progress in Aerospace Sciences. - 2022. - Vol. 130. - 100793. - 12 p. DOI ; РИНЦ		NOT_KEYWORD_MATCHED	NEEDS_DOI_VERSION_AND_AFFILIATION_REVIEW
2022	6	https://www.itp.nsc.ru/publikacii/2022/2022stati.html	Lezhnin S.I. Analytical solutions for methane direct pyrolysis required for hydrogen production // Thermophysics and Aeromechanics. - 2022. - Vol. 29, iss. 3. - P. 457–461. DOI ; РИНЦ (Лежнин С.И. Некоторые аналитические решения задачи прямого пиролиза метана при производстве водорода // Теплофизика и аэромеханика. – 2022. – Т. 29, № 3. – С. 481-485. РИНЦ )		NOT_KEYWORD_MATCHED	NEEDS_DOI_VERSION_AND_AFFILIATION_REVIEW
2022	7	https://www.itp.nsc.ru/publikacii/2022/2022stati.html	Achitaev A.A., Suslov K.V., Nazarychev A.N., Volkova I.O., Kozhemyakin V.E., Voloshin A.A., Minakov A.V. Application of electromagnetic continuous variable transmission in hydraulic turbines to increase stability of an off-grid power system // Renewable Energy. - 2022. - Vol. 196. - P. 125-136. DOI ; РИНЦ		NOT_KEYWORD_MATCHED	NEEDS_DOI_VERSION_AND_AFFILIATION_REVIEW
2022	8	https://www.itp.nsc.ru/publikacii/2022/2022stati.html	Titarev V.A., Morozov A.A. Arbitrary Lagrangian-Eulerian discrete velocity method with application to laser-induced plume expansion // Applied Mathematics and Computation. – 2022. – Vol. 429. - 127241. - 19 p. DOI; РИНЦ		NOT_KEYWORD_MATCHED	NEEDS_DOI_VERSION_AND_AFFILIATION_REVIEW
2022	9	https://www.itp.nsc.ru/publikacii/2022/2022stati.html	Smovz D.V., Sakhapov S.Z., Zaikovskii A.V., Boyko E.V., Solnyshkina O.A. Arc discharge sputtering model of Mg–Al–C anode for the nanoceramics production // Vacuum. - 2022. - Vol.196. - 110802. - 8 p. DOI ; РИНЦ		NOT_KEYWORD_MATCHED	NEEDS_DOI_VERSION_AND_AFFILIATION_REVIEW
2022	10	https://www.itp.nsc.ru/publikacii/2022/2022stati.html	Shchinnikov P.A., Sadkin I.S. Assessment of the economic efficiency of using gas from underground coal gasification at traditional power plants and prospects for the technology under decarbonization conditions // Mining Informational and Analytical Bulletin. – 2022. – № 10-1. – P. 182-193. DOI ; РИНЦ (Щинников П.А., Садкин И.С. Оценка экономической эффективности использования газа подземной газификации угля на традиционных электростанциях и перспективы технологии в условиях декарбонизации // Горный информационно-аналитический бюллетень. – 2022. – № 10-1. – С. 182-193)		NOT_KEYWORD_MATCHED	NEEDS_DOI_VERSION_AND_AFFILIATION_REVIEW
2022	11	https://www.itp.nsc.ru/publikacii/2022/2022stati.html	Serdyukov V., Patrin G., Malakhov I., Surtaev A. Biphilic surface to improve and stabilize pool boiling in vacuum // Applied Thermal Engineering. – 2022. – Vol. 209. – 118298. - 11 p. DOI ; РИНЦ		KEYWORD_CANDIDATE	NEEDS_DOI_VERSION_AND_AFFILIATION_REVIEW
2022	12	https://www.itp.nsc.ru/publikacii/2022/2022stati.html	Surtaev А.S., Koşar A., Serdyukov V.S., Malakhov I.P. Boiling at subatmospheric pressures on hydrophobic surface: bubble dynamics and heat transfer // International Journal of Thermal Sciences. – 2022. – Vol. 173. – 107423. - 12 p. DOI ; РИНЦ		KEYWORD_CANDIDATE	NEEDS_DOI_VERSION_AND_AFFILIATION_REVIEW
2022	13	https://www.itp.nsc.ru/publikacii/2022/2022stati.html	Chinnov E.A., Khmel S.Ya., Vladimirov V.Yu., Safonov A.I., Semionov V.V., Emelyanenko K.A., Emelyanenko A.M., Boinovich L.B. Boiling heat transfer enhancement on biphilic surfaces // Energies. - 2022. - Vol. 15, iss. 19. - 7296. - 19 p. DOI ; РИНЦ		KEYWORD_CANDIDATE	NEEDS_DOI_VERSION_AND_AFFILIATION_REVIEW
2022	14	https://www.itp.nsc.ru/publikacii/2022/2022stati.html	Oikonomidou O., Evgenidis S., Argyropoulos C., Zabulis X., Karamaoynas P., Raza M.Q., Sebilleau J., Ronshin F., Chinaud M., Garivalis A.I., Kostoglou M., Sielaff A., Schinnerl M., Stephan P., Colin C., Tadrist L., Kabov O., Di Marco P., Karapantsios T. Bubble growth analysis during subcooled boiling experiments on-board the international space station: Benchmark image analysis // Advances in Colloid and Interface Science. – 2022. – Vol. 308. – 102751. - 19 p. DOI ; РИНЦ		KEYWORD_CANDIDATE	NEEDS_DOI_VERSION_AND_AFFILIATION_REVIEW
2022	15	https://www.itp.nsc.ru/publikacii/2022/2022stati.html	Shadrin E.Yu., Sadkin I.S., Kopyev E.P., Anufriev I.S., Leshchevich V.V., Shimchenko S.Yu. Characteristics of a fuel spray atomized with a steam jet // Thermophysics and Aeromechanics. – 2022. – Vol. 29, iss. 4. – P. 579-585. DOI ; РИНЦ (Шадрин Е.Ю., Садкин И.С., Копьев Е.П., Ануфриев И.С., Лещевич В.В., Шимченко С.Ю. Характеристики топливного спрея при распылении паровой струей // Теплофизика и аэромеханика. – 2022. – Т. 29, № 4. – С. 609-616. РИНЦ )		KEYWORD_CANDIDATE	NEEDS_DOI_VERSION_AND_AFFILIATION_REVIEW
2022	16	https://www.itp.nsc.ru/publikacii/2022/2022stati.html	Gorelikov E.Yu. , Litvinov I.V., Suslov D.A., Tsoy M.A., Shtork S.I. Characteristics of the precessing vortex core in the isothermal model of a radial type burner // Thermophysics and Aeromechanics. – 2022. – Vol. 29, iss. 5. - P. 753-758. DOI ; РИНЦ (Гореликов Е.Ю., Литвинов И.В., Суслов Д.А., Цой М.А., Шторк С.И. Характеристики прецессирующего вихревого ядра в изотермической модели горелочного устройства радиального типа // Теплофизика и аэромеханика. – 2022. – Т. 29, № 5. – С. 793-798. РИНЦ )		NOT_KEYWORD_MATCHED	NEEDS_DOI_VERSION_AND_AFFILIATION_REVIEW
2022	17	https://www.itp.nsc.ru/publikacii/2022/2022stati.html	Misyura S.Y., Donskoy I.G. Co-modeling of methane hydrate dissociation and combustion in a boundary layer // Combustion and Flame. – 2022. – Vol. 238. - 111912. - 14 p. DOI ; РИНЦ		NOT_KEYWORD_MATCHED	NEEDS_DOI_VERSION_AND_AFFILIATION_REVIEW
2022	18	https://www.itp.nsc.ru/publikacii/2022/2022stati.html	Misyura S.Y., Donskoy I.G., Manakov A.Yu., Morozov V.S., Strizhak P.A., Skiba S.S., Sagidullin A.K. Combustion of a powder layer of methane hydrate: the influence of layer height and air velocity above the layer // Flow, Turbulence and Combustion. – 2022. – Vol. 109, iss. 1. – P. 175–191. DOI ; РИНЦ		NOT_KEYWORD_MATCHED	NEEDS_DOI_VERSION_AND_AFFILIATION_REVIEW
2022	19	https://www.itp.nsc.ru/publikacii/2022/2022stati.html	Minakov A.V., Anufriev I.S., Kuznetsov V.A., Dekterev A.A., Kopyev E.P., Sharypov O.V. Combustion of liquid hydrocarbon fuel in an evaporative burner with forced supply of superheated steam and air to the reaction zone // Fuel. – 2022. – Vol. 309. – 122181. - 15 p. DOI ; WOS, Q1; SCOPUS ; РИНЦ		KEYWORD_CANDIDATE	NEEDS_DOI_VERSION_AND_AFFILIATION_REVIEW
2022	20	https://www.itp.nsc.ru/publikacii/2022/2022stati.html	Skripkin S.G., Suslov D.A., Litvinov I.V., Gorelikov E.U., Tsoy M.A., Shtork S.I. Comparative analysis of air and water flows in simplified hydraulic turbine models // Journal of Physics: Conference Series. - 2022. - Vol. 2150, iss. 1. - 012001. - 6 p. DOI ; WOS, Q; SCOPUS ; РИНЦ		NOT_KEYWORD_MATCHED	NEEDS_DOI_VERSION_AND_AFFILIATION_REVIEW
2022	21	https://www.itp.nsc.ru/publikacii/2022/2022stati/2.html	Anufriev I.S., Kopyev E.P. Comparative analysis of characteristics of liquid fuel combustion for various designs of oil-steam burners // Journal of Physics: Conference Series. - 2022. - Vol. 2150. - 012009. - 6 p. DOI ; РИНЦ		NOT_KEYWORD_MATCHED	NEEDS_DOI_VERSION_AND_AFFILIATION_REVIEW
2022	22	https://www.itp.nsc.ru/publikacii/2022/2022stati/2.html	Bogomolov A.R., Dubov G.M., Azikhanov S.S. Comparative analysis of the concentration of CO 2 , CO, CH, and O 2 in the exhaust gases of BelAZ dump trucks that use liquefied natural gas as a motor fuel // Nexo Revista Cientifica. – 2022. – Vol. 35, iss. 2. – P. 552-565. DOI ; РИНЦ		NOT_KEYWORD_MATCHED	NEEDS_DOI_VERSION_AND_AFFILIATION_REVIEW
2022	23	https://www.itp.nsc.ru/publikacii/2022/2022stati/2.html	Gobyzov O.A., Ryabov M.N., Yankova V.G., Gribanova S.V., Slonskaya T.K., Udyanskaya I.L., Zhukova A.A., Grigoryeva V.Y. Comparative analysis of the dispersion quality of oxymetazoline nasal sprays // Journal of Advanced Pharmaceutical Technology & Research. – 2022. – Vol. 13, iss. 1. – P. 30-37. DOI ; РИНЦ		KEYWORD_CANDIDATE	NEEDS_DOI_VERSION_AND_AFFILIATION_REVIEW
2022	24	https://www.itp.nsc.ru/publikacii/2022/2022stati/2.html	Ajaev V.S., Klentzman J., Kabov O.A. Contact line motion on heated patterned surfaces // Numerical Heat Transfer, part A: applications. - 2022. - Vol. 82, iss. 12. DOI ; РИНЦ		KEYWORD_CANDIDATE	NEEDS_DOI_VERSION_AND_AFFILIATION_REVIEW
2022	25	https://www.itp.nsc.ru/publikacii/2022/2022stati/2.html	Fedyaeva O.N., Vostrikov A.A. Conversion of pyrrole in supercritical water and water-oxygen fluid // Russian Journal of Physical Chemistry B. - 2022. – Vol. 16, iss. 8. – P. 1409-1415. DOI ; РИНЦ (Федяева О.Н., Востриков А.А. Превращение пиррола в сверхкритической воде и водокислородном флюиде // Сверхкритические флюиды: теория и практика. – 2022. – Т. 17, №3. – С. 7-18. DOI ; РИНЦ )		NOT_KEYWORD_MATCHED	NEEDS_DOI_VERSION_AND_AFFILIATION_REVIEW
2022	26	https://www.itp.nsc.ru/publikacii/2022/2022stati/2.html	Gobyzov O., Rabetskiy A. Bilskiy A. Correction of self-illumination for pressure and temperature sensitive paints // EPJ Web of Conferences. - 2022. - Vol. 269, iss. 4. - 01019. - 4 p. DOI ; РИНЦ		NOT_KEYWORD_MATCHED	NEEDS_DOI_VERSION_AND_AFFILIATION_REVIEW
2022	27	https://www.itp.nsc.ru/publikacii/2022/2022stati/2.html	Pavlenko A.N., Zhukov V.I., Shvetsov D.A. Crisis phenomena and heat-transfer enhancement during boling and evaporation in horizontal liquid films (Review) // Thermal Engineering. - 2022. - Vol. 69, iss. 11. - P. 886–901. DOI ; РИНЦ (Павленко А.Н., Жуков В.И., Швецов Д.А. Кризисные явления и интенсификация теплообмена при кипении и испарении в горизонтальных пленках жидкости (Обзор) // Теплоэнергетика. – 2022. – № 11. – С. 81-97. DOI ; РИНЦ )		KEYWORD_CANDIDATE	NEEDS_DOI_VERSION_AND_AFFILIATION_REVIEW
2022	28	https://www.itp.nsc.ru/publikacii/2022/2022stati/2.html	Kuznetsov A.V., Pochtar A.S., Vinogradov S.V., Burdukov A.P. Determination of the ignition temperature of mechanically activated carbon of various degrees of metamorphism and type of grinding // Journal of Physics: Conference Series. - 2022. - Vol. 2233. - 012018. - 4 p. DOI ; РИНЦ		NOT_KEYWORD_MATCHED	NEEDS_DOI_VERSION_AND_AFFILIATION_REVIEW
2022	29	https://www.itp.nsc.ru/publikacii/2022/2022stati/2.html	Filimonov S.A., Pryazhnikov M.I., Pryazhnikov A.I., Minakov A.V. Development and testing of a mathematical model for dynamic network simulation of the oil displacement process // Fluids. - 2022. - Vol. 7, iss. 9. - 311. - 16 p. DOI ; РИНЦ		NOT_KEYWORD_MATCHED	NEEDS_DOI_VERSION_AND_AFFILIATION_REVIEW
2022	30	https://www.itp.nsc.ru/publikacii/2022/2022stati/2.html	Kabardin I.K., Pravdina M.Kh., Gordienko M.R., Kakaulin S.V., Dvoinishnikov S.V., Meledin V.G., Bakakin G.V., Rakhmanov V.V., Polyakova V.I., Sokolov B.A., Derzho O.G. Development of method of low-perturbation multichannel temperature diagnostics in vortex tube // Journal of Engineering Thermophysics. - 2022. - Vol. 31, iss. 2. - P. 309-314. DOI ; РИНЦ		NOT_KEYWORD_MATCHED	NEEDS_DOI_VERSION_AND_AFFILIATION_REVIEW
2022	31	https://www.itp.nsc.ru/publikacii/2022/2022stati/2.html	Kabardin I.K., Dvoinishnikov S.V., Gordienko M.R., Kakaulin S.V., Ledovskii V.E., Zuev V.O. Development of multivariable triangulation method for diagnostics of icing of wind turbine blades // Journal of Engineering Thermophysics. - 2022. - Vol. 31, iss. 4. - P. 567–572. DOI ; РИНЦ		NOT_KEYWORD_MATCHED	NEEDS_DOI_VERSION_AND_AFFILIATION_REVIEW
2022	32	https://www.itp.nsc.ru/publikacii/2022/2022stati/2.html	Pryazhnikov A.I., Minakov A.V., Pryazhnikov M.I., Zhigarev V.A., Nemtsev I.V. Displacement of oil by SiO 2 -nanofluid from a microporous medium: microfluidic experiments // Journal of Physics: Conference Series. - 2022. - Vol. 2150. - 012019. - 6 p. DOI ; РИНЦ		KEYWORD_CANDIDATE	NEEDS_DOI_VERSION_AND_AFFILIATION_REVIEW
2022	33	https://www.itp.nsc.ru/publikacii/2022/2022stati/2.html	Misyura S.Y. Dissociation and combustion of gas hydrates // Journal of Engineering Thermophysics. - 2022. - Vol. 31, iss. 4. - P. 573–579. DOI ; РИНЦ		NOT_KEYWORD_MATCHED	NEEDS_DOI_VERSION_AND_AFFILIATION_REVIEW
2022	34	https://www.itp.nsc.ru/publikacii/2022/2022stati/2.html	Antonov D.V., Donskoy I.G., Gaidukova O.S., Misyura S.Ya., Morozov V.S., Nyashina G.S., Strizhak P.A. Dissociation and combustion of mixed methane-ethane hydrate // Fuel. – 2022. – Vol. 325. – 124771. - 14 p. DOI ; РИНЦ		NOT_KEYWORD_MATCHED	NEEDS_DOI_VERSION_AND_AFFILIATION_REVIEW
2022	35	https://www.itp.nsc.ru/publikacii/2022/2022stati/2.html	Antonov D.V., Donskoy I.G., Gaidukova O.S., Misyura S.Ya., Morozov V.S. , Nyashina G.S., Strizhak P.A. Dissociation characteristics and anthropogenic emissions from the combustion of double gas hydrates // Environmental Research. - 2022. - Vol. 214, part 3. - 113990. - 11 p. DOI ; РИНЦ		NOT_KEYWORD_MATCHED	NEEDS_DOI_VERSION_AND_AFFILIATION_REVIEW
2022	36	https://www.itp.nsc.ru/publikacii/2022/2022stati/2.html	Misyura S.Y., Donskoy I.G. Dissociation of a powder layer of methane gas hydrate in a wide range of temperatures and heat fluxes // Powder Technology. - 2022. - Vol. 397. - 117017. - 12 p. DOI ; РИНЦ		KEYWORD_CANDIDATE	NEEDS_DOI_VERSION_AND_AFFILIATION_REVIEW
2022	37	https://www.itp.nsc.ru/publikacii/2022/2022stati/2.html	Misyura S.Y., Donskoy I.G. Dissociation of gas hydrate for a single particle and for a thick layer of particles: the effect of self-preservation on the dissociation kinetics of the gas hydrate layer // Fuel. – 2022. – Vol. 314. – 122759. - 13 p. DOI ; РИНЦ		NOT_KEYWORD_MATCHED	NEEDS_DOI_VERSION_AND_AFFILIATION_REVIEW
2022	38	https://www.itp.nsc.ru/publikacii/2022/2022stati/2.html	Fedyaeva O.N., Sishkin A.V., Vostrikov A.A. Dynamic adsorption and desorption of phenol on activated carbon in media of sub- and supercritical water // Russian Journal of Physical Chemistry B. - 2022. – Vol. 16, iss. 7. – P. 1285-1293. DOI ; РИНЦ (Федяева О.Н., Шишкин А.В., Востриков А.А. Динамическая адсорбция-десорбция фенола активированным углем в среде суб- и сверхкритической воды // Сверхкритические флюиды: теория и практика. - 2021. – Т. 16, №4. – C. 56-69. DOI ; РИНЦ )		NOT_KEYWORD_MATCHED	NEEDS_DOI_VERSION_AND_AFFILIATION_REVIEW
2022	39	https://www.itp.nsc.ru/publikacii/2022/2022stati/2.html	Semyonova A., Khomutov N., Misyura S., Piskunov M. Dynamic and kinematic characteristics of unsteady motion of a water-in-oil emulsion droplet in collision with a solid heated wall under conditions of convective heat transfer // International Communications in Heat and Mass Transfer. – 2022. – Vol. 137. – 106277. - 17 p. DOI ; РИНЦ		KEYWORD_CANDIDATE	NEEDS_DOI_VERSION_AND_AFFILIATION_REVIEW
2022	40	https://www.itp.nsc.ru/publikacii/2022/2022stati/2.html	Zaitsev D., Kochkin D., Kabov O. Dynamics of liquid film rupture under local heating // International Journal of Heat and Mass Transfer. – 2022. – Vol. 184. – 122376. - 14 p. DOI ; РИНЦ		KEYWORD_CANDIDATE	NEEDS_DOI_VERSION_AND_AFFILIATION_REVIEW
2022	41	https://www.itp.nsc.ru/publikacii/2022/2022stati/3.html	Trushlyakov V.I., Pavlenko A.N., Zhukov V.E., Urbansky V.A., Sukhorukova E.Yu., Mezentseva N.N. Dynamics of liquid nitrogen in a closed vessel in the presence of helium pressurization gas // Journal of Engineering Thermophysics. - 2022. - Vol. 31, iss. 2. - P. 210–222. DOI ; РИНЦ		NOT_KEYWORD_MATCHED	NEEDS_DOI_VERSION_AND_AFFILIATION_REVIEW
2022	42	https://www.itp.nsc.ru/publikacii/2022/2022stati/3.html	Chernykh G.G., Demenkov A.G., Kaptsov O.V.,Schmidt A.V. Dynamics of passive scalar in swirling turbulent far wakes // Journal of Engineering Thermophysics. - 2022. - Vol. 31, iss. 3. - P. 512–521. DOI ; WOS, Q; SCOPUS; РИНЦ		NOT_KEYWORD_MATCHED	NEEDS_DOI_VERSION_AND_AFFILIATION_REVIEW
2022	43	https://www.itp.nsc.ru/publikacii/2022/2022stati/3.html	Morozov A.A., Titarev V.A. Dynamics of planar gas expansion during nanosecond laser evaporation into a low-pressure background gas // Physics of Fluids. – 2022. – Vol. 34, iss. 9. - 096101. - 67 p. DOI ; РИНЦ		KEYWORD_CANDIDATE	NEEDS_DOI_VERSION_AND_AFFILIATION_REVIEW
2022	44	https://www.itp.nsc.ru/publikacii/2022/2022stati/3.html	Boyarshinov B.F. Effect of airflow turbulence, acceleration, and separation on the velocity and temperature fields and mass transfer in the boundary layer with ethanol combustion // Thermophysics and Aeromechanics. - 2022. - Vol. 29, iss. 3. - P. 373–384. DOI ; РИНЦ (Бояршинов Б.Ф. Влияние турбулентности, ускорения и отрыва воздушного потока на поле скорости, температуры и на массообмен в пограничном слое с горением этанола // Теплофизика и аэромеханика. – 2022. – Т. 29, № 3. – С.389-400. РИНЦ )		NOT_KEYWORD_MATCHED	NEEDS_DOI_VERSION_AND_AFFILIATION_REVIEW
2022	45	https://www.itp.nsc.ru/publikacii/2022/2022stati/3.html	Nichik M.Y., Timoshevskiy M.V., Pervunin K.S. Effect of an end-clearance width on the gap cavitation structure: Experiments on a wall-bounded axis-equipped hydrofoil // Ocean Engineering. - 2022. - Vol. 254. - 111387. - 19 p. DOI ; РИНЦ		NOT_KEYWORD_MATCHED	NEEDS_DOI_VERSION_AND_AFFILIATION_REVIEW
2022	46	https://www.itp.nsc.ru/publikacii/2022/2022stati/3.html	Merkulova I.E., Zamchiy A.O., Lunev N.A., Konstantinov V.O., Baranov E.A. Effect of annealing temperature on the kinetics of aluminum-induced crystallization of amorphous silicon suboxide thin films // Technical Physics Letters. - 2022. - Vol. 48, iss. 14. - P. 31-33. DOI ; РИНЦ (Меркулова И.Е., Замчий А.О., Лунев Н.А., Константинов В.О., Баранов Е.А. Влияние температуры отжига на кинетику процесса алюминий-индуцированной кристаллизации тонких пленок аморфного субоксида кремния // Письма в Журнал технической физики. – 2021. – Т. 47, № 21. – С. 39-42. DOI ; РИНЦ )		NOT_KEYWORD_MATCHED	NEEDS_DOI_VERSION_AND_AFFILIATION_REVIEW
2022	47	https://www.itp.nsc.ru/publikacii/2022/2022stati/3.html	Misyura S.Y. Effect of corrosion and wall textures on wettability and heat flux at non-isothermal conditions // Coatings. - 2022. - Vol. 12, iss. 1. - 46. - 17 p. DOI ; РИНЦ		KEYWORD_CANDIDATE	NEEDS_DOI_VERSION_AND_AFFILIATION_REVIEW
2022	48	https://www.itp.nsc.ru/publikacii/2022/2022stati/3.html	Morozov A. A. Effect of evaporation-flux nonuniformity along the irradiation-spot radius on the plume expansion dynamics during pulsed laser ablation in vacuum // Thermophysics and Aeromechanics. - 2022. - Vol. 29, iss. 3. - P. 437–448. DOI ; PИНЦ (Морозов A.A. Влияние неравномерности потока испарения по радиусу пятна облучения на динамику разлета факела при импульсной лазерной абляции в вакууме // Теплофизика и аэромеханика. – 2022. - Т. 29, № 3. – C. 461-472. РИНЦ )		KEYWORD_CANDIDATE	NEEDS_DOI_VERSION_AND_AFFILIATION_REVIEW
2022	49	https://www.itp.nsc.ru/publikacii/2022/2022stati/3.html	Guzei D., Zhigarev V., Rudyak V., Ivanova S., Minakov A. Effect of initial water saturation on oil displacement efficiency by nanosuspensions // Fluids. - 2022. - Vol. 7, iss. 2. - 59. - 18 p. DOI ; РИНЦ		NOT_KEYWORD_MATCHED	NEEDS_DOI_VERSION_AND_AFFILIATION_REVIEW
2022	50	https://www.itp.nsc.ru/publikacii/2022/2022stati/3.html	Emelyanov A.A., Pinaev V.A., Plotnikov M.Yu., Rebrov A.K., Timoshenko N.I., Yudin I.B. Effect of methane flow rate on gas-jet MPCVD diamond synthesis // Journal of Physics D: Applied Physics. - 2022. – Vol. 55. – 205202. DOI ; РИНЦ		NOT_KEYWORD_MATCHED	NEEDS_DOI_VERSION_AND_AFFILIATION_REVIEW
2022	51	https://www.itp.nsc.ru/publikacii/2022/2022stati/3.html	Meleshkin A.V., Marasanov N.V. Effect of mixing in test section on hydrate synthesis via explosive boiling of liquefied hydrate-forming gas in water with addition of sds during decompression // Journal of Engineering Thermophysics. - 2022. - Vol. 31, iss. 4. - P. 696–703. DOI ; РИНЦ		KEYWORD_CANDIDATE	NEEDS_DOI_VERSION_AND_AFFILIATION_REVIEW
2022	52	https://www.itp.nsc.ru/publikacii/2022/2022stati/3.html	Mitin K.A., Berdnikov V.S. Effect of regimes of heat transfer on the temperature field in crystals during the Czochralski process // Bulletin of the Russian Academy of Sciences: Physics. – 2022. – Vol. 86, iss. 7. – P. 823–829. DOI ; РИНЦ (Митин К.А., Бердников В.С. Влияние режимов теплоотдачи на поле температуры в кристаллах в методе Чохральского // Известия Российской академии наук. Серия физическая. – 2022. – Т. 86, № 7. – C. 989-996. РИНЦ )		KEYWORD_CANDIDATE	NEEDS_DOI_VERSION_AND_AFFILIATION_REVIEW
2022	53	https://www.itp.nsc.ru/publikacii/2022/2022stati/3.html	Starinskaya E.M., Nazarov A.D., Miskiv N.B., Starinskiy S.V. Effect of SiO 2 nanoparticle addition on the evaporation of a suspended water droplet // Heat Transfer Research. - 2022. - Vol. 53, iss. 9. - P. 43-56. DOI ; РИНЦ		KEYWORD_CANDIDATE	NEEDS_DOI_VERSION_AND_AFFILIATION_REVIEW
2022	54	https://www.itp.nsc.ru/publikacii/2022/2022stati/3.html	Pakhomov M.A., Terekhov V.I. Effect of the shape of pulses on heat transfer at the stagnation point of a nonstationary axisymmetric impact gas–droplet jet // Journal of Engineering Physics and Thermophysics. - 2022. - Vol. 95, iss. 4. - P. 985–990. DOI ; РИНЦ (Пахомов М.А., Терехов В.И. Влияние формы импульсов на теплоперенос в точке торможения нестационарной осесимметричной импактной газокапельной струи // Инженерно-физический журнал. - 2022. - Т. 95, № 4. - С. 1000-1005. РИНЦ )		KEYWORD_CANDIDATE	NEEDS_DOI_VERSION_AND_AFFILIATION_REVIEW
2022	55	https://www.itp.nsc.ru/publikacii/2022/2022stati/3.html	Zaikovskii A., Ukhina A., Mateishina Y. Electric arc synthesis of composite Ni–C, NiO–C nanomaterials: structure and electrochemical properties // Physica Status Solidi. A: Applications and Materials Science. – 2022. – Vol. 219, iss. 14. – 2200111. - 6 p. DOI ; РИНЦ		NOT_KEYWORD_MATCHED	NEEDS_DOI_VERSION_AND_AFFILIATION_REVIEW
2022	56	https://www.itp.nsc.ru/publikacii/2022/2022stati/3.html	Smovzh D.V., Skirda M.S., Sakhapov S.Z. Electric arc synthesis of magnetic Mn-Fe-C nanoparticles // Letters on Materials. – 2022. – Vol. 12, iss. 4s. – P. 475-479. DOI ; РИНЦ		NOT_KEYWORD_MATCHED	NEEDS_DOI_VERSION_AND_AFFILIATION_REVIEW
2022	57	https://www.itp.nsc.ru/publikacii/2022/2022stati/3.html	Yurkina O., Nemirovskii S.K. Energy spectrum of 3d velocity field generated by ensemble of semi-fractal vortex loops // Journal of Engineering Thermophysics. - 2022. - Vol. 31, iss. 3. - P. 506–511. DOI ; РИНЦ		NOT_KEYWORD_MATCHED	NEEDS_DOI_VERSION_AND_AFFILIATION_REVIEW
2022	58	https://www.itp.nsc.ru/publikacii/2022/2022stati/3.html	Fedyaeva O.N., Vostrikov A.A. Enhancement of phenol oxidation in supercritical water-oxygen fluid with addition of methane // Journal of Engineering Thermophysics. - 2022. - Vol. 31, iss. 1. - P. 11–18. DOI ; РИНЦ		NOT_KEYWORD_MATCHED	NEEDS_DOI_VERSION_AND_AFFILIATION_REVIEW
2022	59	https://www.itp.nsc.ru/publikacii/2022/2022stati/3.html	Ajaev V.S., Kabov O.A. Evaporation and fluid flow near the boundary of a stationary dry patch // Physical Review E. - 2022. - Vol. 105, iss. 6. - P. 065111-1- 065111-10. DOI ; РИНЦ		KEYWORD_CANDIDATE	NEEDS_DOI_VERSION_AND_AFFILIATION_REVIEW
2022	60	https://www.itp.nsc.ru/publikacii/2022/2022stati/3.html	Kunts K.A., Kochkin D.Y., Kabov O.A. Evaporation of a sessile droplet pinned by a groove on a heated substrate // Journal of Physics: Conference Series. - Vol. 2211. - 012009. - 4 p. DOI ; РИНЦ		KEYWORD_CANDIDATE	NEEDS_DOI_VERSION_AND_AFFILIATION_REVIEW
2022	61	https://www.itp.nsc.ru/publikacii/2022/2022stati/4.html	Misyura S.Ya. Evaporation of water droplet on heated textured wall at various contact angles // Journal of Engineering Thermophysics. - 2022. - Vol. 31, iss. 3. - P. 414–419. DOI ; РИНЦ		KEYWORD_CANDIDATE	NEEDS_DOI_VERSION_AND_AFFILIATION_REVIEW
2022	62	https://www.itp.nsc.ru/publikacii/2022/2022stati/4.html	Vasilev M.M., Rodionov A.A., Shukhov Yu.G., Samokhvalov F.A., Starinskiy S.V. Evolution of wetting of a copper surface treated with nanosecond laser radiation // Thermophysics and aeromechanics. – 2022. – Vol. 29, iss. 6. – С. 941-950. DOI ; РИНЦ (Васильев М.М., Родионов А.А., Шухов Ю.Г., Самохвалов Ф.А., Старинский С.В. Эволюция смачивания медной поверхности, обработанной наносекундным лазерным излучением // Теплофизика и аэромеханика. – 2022. – Т. 29, №6. – С. 993–1003. РИНЦ )		NOT_KEYWORD_MATCHED	NEEDS_DOI_VERSION_AND_AFFILIATION_REVIEW
2022	63	https://www.itp.nsc.ru/publikacii/2022/2022stati/4.html	Vozhakov I.S, Lukyanov A. A., Kochkin D.Yu., Ronshin F.V. Experimental and numerical study of Taylor flow in a square minichannel // Physics of Fluids. - 2022. - Vol. 34, iss. 12. - 122103. - 31 p. DOI ; РИНЦ		NOT_KEYWORD_MATCHED	NEEDS_DOI_VERSION_AND_AFFILIATION_REVIEW
2022	64	https://www.itp.nsc.ru/publikacii/2022/2022stati/4.html	Donskoy I.G., Misyura S.Ya. Experimental and theoretical study of diffusion combustion of methane above a gas hydrate layer in a laminar air flow // Combustion, Explosion, and Shock Waves. - 2022. - Vol. 58, iss. 4. - P. 440–449. DOI ; РИНЦ (Донской И.Г., Мисюра С.Я. Экспериментальное и теоретическое исследование диффузионного горения метана над слоем газового гидрата при ламинарном течении воздуха // Физика горения и взрыва. - 2022. - Т. 58, № 4. - С. 52-62. DOI ; РИНЦ )		NOT_KEYWORD_MATCHED	NEEDS_DOI_VERSION_AND_AFFILIATION_REVIEW
2022	65	https://www.itp.nsc.ru/publikacii/2022/2022stati/4.html	Sakhapov S.Z., Andryushchenko V.A., Boyko E.V., Skirda M.S., Smovzh D.V. Experimental and theoretical study of the conditions for the formation of carbon nanostructures in an arc discharge in helium, argon and nitrogen // Letters on Materials. – 2022. – Vol. 12, iss. 4. – P. 321-326. DOI ; РИНЦ		NOT_KEYWORD_MATCHED	NEEDS_DOI_VERSION_AND_AFFILIATION_REVIEW
2022	66	https://www.itp.nsc.ru/publikacii/2022/2022stati/4.html	Misyura S.Y., Andryushchenko V.A., Smovzh D.V., Morozov V.S. Experimental data and modeling of wettability on graphene-coated copper // Materials Science and Engineering: B. - 2022. - Vol. 277. - 115588. - 12 p. DOI ; РИНЦ		NOT_KEYWORD_MATCHED	NEEDS_DOI_VERSION_AND_AFFILIATION_REVIEW
2022	67	https://www.itp.nsc.ru/publikacii/2022/2022stati/4.html	Gogonin I.I. Experimental determination of amount of liquid held by surface of structured packing in distillation column // Journal of Engineering Thermophysics. - 2022. - Vol. 31, iss. 2. - P. 230–237. DOI ; РИНЦ		NOT_KEYWORD_MATCHED	NEEDS_DOI_VERSION_AND_AFFILIATION_REVIEW
2022	68	https://www.itp.nsc.ru/publikacii/2022/2022stati/4.html	Pribaturin N.A., Lobanov P.D., Berdnikov V.S., Kurdyumov A.S., Svetonosov A.I., Evdokimenko I.A. Experimental investigation of free convection of liquid metal in a rectangular channel with temperature gradient // Thermophysics and Aeromechanics. – 2022. – Vol. 29, iss. 3. – P. 395–400. DOI ; РИНЦ (Прибатурин Н.А., Лобанов П.Д., Бердников В.С., Курдюмов А.С., Светоносов А.И., Евдокименко И.А. Экспериментальное исследование свободной конвекции жидкого металла в прямоугольном канале с градиентом температуры // Теплофизика и аэромеханика. – 2022. – Т. 29, № 3. – C. 411-417. РИНЦ )		NOT_KEYWORD_MATCHED	NEEDS_DOI_VERSION_AND_AFFILIATION_REVIEW
2022	69	https://www.itp.nsc.ru/publikacii/2022/2022stati/4.html	Cherdantsev A.V. Experimental investigation of mechanisms of droplet entrainment in annular gas-liquid flows: a review // Water. - 2022. - Vol. 14, iss. 23. - 3892. - 21 p. DOI ; WOS, Q; SCOPUS; РИНЦ		NOT_KEYWORD_MATCHED	NEEDS_DOI_VERSION_AND_AFFILIATION_REVIEW
2022	70	https://www.itp.nsc.ru/publikacii/2022/2022stati/4.html	Naumov I.V., Gevorgiz R.G. , Skripkin S.G. , Sharifullin B.R. Experimental investigation of vortex structure formation in a gas-vortex bioreactor // Thermophysics and Aeromechanics. - 2022. - Vol. 29, iss. 5. - P. 683-688. DOI ; РИНЦ (Наумов И.В., Геворгиз Р.Г., Скрипкин С.Г., Шарифуллин Б.Р. Экспериментальное исследование формирования вихревой структуры в газовихревом биореакторе // Теплофизика и аэромеханика. – 2022. – Т. 29, № 5. – С. 719-724. РИНЦ )		NOT_KEYWORD_MATCHED	NEEDS_DOI_VERSION_AND_AFFILIATION_REVIEW
2022	71	https://www.itp.nsc.ru/publikacii/2022/2022stati/4.html	Butakov E.B., Pochtar A.S., Vinogradov S.V.,Burdukov A.P. Experimental studies of the combustion of pulverized coal to form the basis for training a neural network // Journal of Physics: Conference Series. - 2022. - Vol. 2233. - 012016. - 4 p. DOI ; РИНЦ		NOT_KEYWORD_MATCHED	NEEDS_DOI_VERSION_AND_AFFILIATION_REVIEW
2022	72	https://www.itp.nsc.ru/publikacii/2022/2022stati/4.html	Meshkova V.D., Dekterev A. A., Dekterev D. A., Lobasov A.S. Experimental studies of the formation of zones resulted from air flow around a system of model buildings // Journal of Physics: Conference Series. - 2022. - Vol. 2150. - 012030. - 6 p. DOI ; РИНЦ		NOT_KEYWORD_MATCHED	NEEDS_DOI_VERSION_AND_AFFILIATION_REVIEW
2022	73	https://www.itp.nsc.ru/publikacii/2022/2022stati/4.html	Vyazov Y.N., Prikhodko V.G., Yarygin I.V., Yarygin V.N. Experimental study of a near-wall liquid film outflow with a Co-current gas flow from a nozzle into a vacuum. 1. Interaction inside the nozzle // Fluid Dynamics. - 2022. - Vol. 57, suppl. 1. - P. S13–S25. DOI ; РИНЦ (Вязов Ю.Н., Приходько В.Г., Ярыгин И.В., Ярыгин В.Н. Экспериментальное исследование истечения пристенных пленок жидкости со спутным газовым потоком из сопла в вакуум. 1. Взаимодействие внутри сопла // Физико-химическая кинетика в газовой динамике. - 2018. - Т. 19, № 1. - С. 1-16. РИНЦ )		KEYWORD_CANDIDATE	NEEDS_DOI_VERSION_AND_AFFILIATION_REVIEW
2022	74	https://www.itp.nsc.ru/publikacii/2022/2022stati/4.html	Skripkin S.G., Tsoy M.A., Kravtsova A.Y. Experimental study of cavitating flow around a NACA 0012 hydrofoil in a slit channel // Scientific Reports. – 2022. – Vol. 12. – 11182. - 9 p. DOI ; РИНЦ		NOT_KEYWORD_MATCHED	NEEDS_DOI_VERSION_AND_AFFILIATION_REVIEW
2022	75	https://www.itp.nsc.ru/publikacii/2022/2022stati/4.html	Kopyev E.P., Shadrin E.Yu., Sadkin I.S., Mukhina M.A., Shimchenko S.Yu. Experimental study of combustion of liquid hydrocarbons under the conditions of steam gasification in the presence of a diluent gas // Combustion, Explosion, and Shock Waves. – 2022. – Vol. 58, iss. 4. – P. 457–463. DOI ; РИНЦ (Копьев Е.П., Шадрин Е.Ю., Садкин И.С., Мухина М.А., Шимченко С.Ю. Экспериментальное исследование горения жидких углеводородов в условиях паровой газификации в присутствии газа-разбавителя // Физика горения и взрыва. – 2022. – Т. 58, №4. – С. 71-78. DOI ; РИНЦ )		NOT_KEYWORD_MATCHED	NEEDS_DOI_VERSION_AND_AFFILIATION_REVIEW
2022	76	https://www.itp.nsc.ru/publikacii/2022/2022stati/4.html	Emelyanov A.A., Plotnikov M.Yu., Timoshenko N.I., Yudin I.B. Experimental study of diamond structure synthesis from amixture of hydrogen with ethanol vapor // Interfacial Phenomena and Heat Transfer. - 2022. - Vol. 10, iss. 2. - P. 31-39. DOI ; РИНЦ		KEYWORD_CANDIDATE	NEEDS_DOI_VERSION_AND_AFFILIATION_REVIEW
2022	77	https://www.itp.nsc.ru/publikacii/2022/2022stati/4.html	Kovalev A.V., Yagodnitsyna A.A., Bilsky A.V. Experimental study of dispersed flows in microchannels for 3D printing of composite materials // Thermophysics and Aeromechanics. - 2022. - Vol. 29, iss. 6. - P. 913-920. DOI ; РИНЦ (Ковалев А.В., Ягодницына А.А., Бильский А.В. Экспериментальное исследование дисперсных потоков в микроканалах для 3D-печати композитных материалов // Теплофизика и аэромеханика. – 2022. – Т. 29, № 6. – C. 965-972. РИНЦ )		KEYWORD_CANDIDATE	NEEDS_DOI_VERSION_AND_AFFILIATION_REVIEW
2022	78	https://www.itp.nsc.ru/publikacii/2022/2022stati/4.html	Vitovsky O.V. Experimental study of heat transfer during the flow of a gas coolant in a heated quasi-triangular channel // International Journal of Heat and Mass Transfer. – 2022. – Vol. 190. – 122771. - 8 p. DOI ; РИНЦ		KEYWORD_CANDIDATE	NEEDS_DOI_VERSION_AND_AFFILIATION_REVIEW
2022	79	https://www.itp.nsc.ru/publikacii/2022/2022stati/4.html	Kochkin D.Y. , Ronshin F.V. , Cheverda V.V. Experimental study of heat transfer in FC-72 fluid rivulet over heated vertical plate // Journal of Engineering Thermophysics. - 2022. - Vol. 31, iss. 4. - P. 603–608. DOI ; РИНЦ		KEYWORD_CANDIDATE	NEEDS_DOI_VERSION_AND_AFFILIATION_REVIEW
2022	80	https://www.itp.nsc.ru/publikacii/2022/2022stati/4.html	Kopyev E.P., Anufriev I.S., Sadkin I.S., Shadrin E.Yu., Minakov A.V. Experimental study of kerosene combustion with steam injection in laboratory burner // Journal of Engineering Thermophysics. - 2022. - Vol. 31, iss. 4. - P. 589–602. DOI ; РИНЦ		NOT_KEYWORD_MATCHED	NEEDS_DOI_VERSION_AND_AFFILIATION_REVIEW
2022	81	https://www.itp.nsc.ru/publikacii/2022/2022stati/5.html	Kravtsova A.Y., Naumov I.V. Experimental study of liquid behavior in T-micromixer at different inlet flow rate ratios // Journal of Engineering Thermophysics. - 2022. - Vol.31, iss. 3. - P. 537–550. DOI ; РИНЦ		NOT_KEYWORD_MATCHED	NEEDS_DOI_VERSION_AND_AFFILIATION_REVIEW
2022	82	https://www.itp.nsc.ru/publikacii/2022/2022stati/5.html	Kopyev E.P., Sadkin I.S., Mukhina M.A., Shadrin E.Yu., Krasinsky D.V., Shimchenko S.Yu. Experimental study of liquid hydrocarbon combustion under conditions of steam gasification in the presence of diluent gas // Journal of Physics: Conference Series. - 2022. - Vol. 2233. - 012015. - 6 p. DOI ; РИНЦ		NOT_KEYWORD_MATCHED	NEEDS_DOI_VERSION_AND_AFFILIATION_REVIEW
2022	83	https://www.itp.nsc.ru/publikacii/2022/2022stati/5.html	Khmel S., Baranov E., Vladimirov V., Safonov A., Chinnov E. Experimental study of pool boiling on heaters with nanomodified surfaces under saturation // Heat Transfer Engineering. - 2022. - Vol. 43, iss. 20. - P. 1724-1742. DOI ; РИНЦ		KEYWORD_CANDIDATE	NEEDS_DOI_VERSION_AND_AFFILIATION_REVIEW
2022	84	https://www.itp.nsc.ru/publikacii/2022/2022stati/5.html	Sadkin I.S., Kopyev E.P., Mukhina M.A., Anufriev I.S. Experimental study of the characteristics of heptane combustion in a high-speed steam jet // Journal of Physics: Conference Series. - 2022. - Vol. 2233. - 012001. - 6 p. DOI ; РИНЦ		NOT_KEYWORD_MATCHED	NEEDS_DOI_VERSION_AND_AFFILIATION_REVIEW
2022	85	https://www.itp.nsc.ru/publikacii/2022/2022stati/5.html	Morozov V.S. Experimental study of the dissociation of a double gas hydrate with a change in the initial height of the layer // IOP Conference Series: Earth and Environmental Science. - 2022. - Vol. 1070, iss. 1. - 012011. - 4 p. DOI ; РИНЦ		NOT_KEYWORD_MATCHED	NEEDS_DOI_VERSION_AND_AFFILIATION_REVIEW
2022	86	https://www.itp.nsc.ru/publikacii/2022/2022stati/5.html	Zolotukhin A.V., Chokhar I.A., Terekhov V.I. Experimental study of the flow turbulent structure in a cell of a lattice matrix // Thermophysics and Aeromechanics. - 2022. - Vol. 29, iss. 6. - P. 1013-1020. DOI ; РИНЦ (Золотухин А.В. Чохар И.А. , Терехов В.И.Экспериментальное исследование турбулентной структуры течения в ячейке решетчатой матрицы // Теплофизика и аэромеханика. – 2022. – Т. 29, № 6. – С. 1071-1078. РИНЦ )		NOT_KEYWORD_MATCHED	NEEDS_DOI_VERSION_AND_AFFILIATION_REVIEW
2022	87	https://www.itp.nsc.ru/publikacii/2022/2022stati/5.html	Minakov A.V., Mikhienkova E.I., Pryazhnikov M.I., Voronenkova Y.O., Skorobogatova A.D. Experimental study of the rheological properties and stability of highly-concentrated oil-based emulsions // Journal of Molecular Liquids. - 2022. - Vol. 349. - 118125. DOI ; РИНЦ		NOT_KEYWORD_MATCHED	NEEDS_DOI_VERSION_AND_AFFILIATION_REVIEW
2022	88	https://www.itp.nsc.ru/publikacii/2022/2022stati/5.html	Raschektaeva E.P., Stankus S.V. Experimental study of thermal conductivity of novec 7000 in vapor phase // Journal of Engineering Thermophysics. - 2022. - Vol. 31, iss. 4. - P. 563–566. DOI ; РИНЦ		NOT_KEYWORD_MATCHED	NEEDS_DOI_VERSION_AND_AFFILIATION_REVIEW
2022	89	https://www.itp.nsc.ru/publikacii/2022/2022stati/5.html	Mikhienkova E.I., Lysakov S.V., Neverov A.L., Zhigarev V.A., Minakov A.V., Rudyak V.Y. Experimental study on the influence of nanoparticles on oil-based drilling fluid properties // Journal of Petroleum Science and Engineering. - 2022. - Vol. 208. - 109452. - 12 p. DOI ; РИНЦ		NOT_KEYWORD_MATCHED	NEEDS_DOI_VERSION_AND_AFFILIATION_REVIEW
2022	90	https://www.itp.nsc.ru/publikacii/2022/2022stati/5.html	Chekmarev S.F. Extraction of kinetics from equilibrium distributions of states using the Metropolis Monte Carlo method // Physical Review E. - 2022. - Vol. 105, iss. 3. - 034407. - 7 p. DOI ; РИНЦ		NOT_KEYWORD_MATCHED	NEEDS_DOI_VERSION_AND_AFFILIATION_REVIEW
2022	91	https://www.itp.nsc.ru/publikacii/2022/2022stati/5.html	Sotnikov A.V., Syrokvashin M.M., Bakovets V.V., Filatova I.Yu., Korotaev E.V., Agazhanov A.Sh., Samoshkin D.A. Figure of merit enhancement in thermoelectric materials based on γ-Ln 0.8 Yb 0.2 S 1.5-y (Ln = Gd, Dy) solid solutions // Journal of the American Ceramic Society. – 2022. – Vol. 105, iss. 4. – P. 2813-2822. DOI ; РИНЦ		NOT_KEYWORD_MATCHED	NEEDS_DOI_VERSION_AND_AFFILIATION_REVIEW
2022	92	https://www.itp.nsc.ru/publikacii/2022/2022stati/5.html	Barakhovskaia E., Marchuk I. Fin shape design for stable film-wise vapor condensation in microgravity // Microgravity Science and Technology. – 2022. – Vol. 34, iss. 1. – 8. - 11 p. DOI ; РИНЦ		KEYWORD_CANDIDATE	NEEDS_DOI_VERSION_AND_AFFILIATION_REVIEW
2022	93	https://www.itp.nsc.ru/publikacii/2022/2022stati/5.html	Belosludtsev V.V., Zaitsev D.V., Kabov O.A. Flow boiling of HFE-7100 in a minichannel with local heating // Journal of Physics: Conference Series. - 2022. - Vol. 2211. - 012013. - 5 p. DOI ; РИНЦ		KEYWORD_CANDIDATE	NEEDS_DOI_VERSION_AND_AFFILIATION_REVIEW
2022	94	https://www.itp.nsc.ru/publikacii/2022/2022stati/5.html	Pryazhnikov M.I., Minakov A.V., Guzei D.V., Pryazhnikov A.I., Yakimov A.S. Flow regimes characteristics of water-crude oil in a rectangular‎ y-microchannel // Journal of Applied and Computational Mechanics. - 2022. - Vol. 8, iss. 2. - P. 655-670. DOI ; РИНЦ		KEYWORD_CANDIDATE	NEEDS_DOI_VERSION_AND_AFFILIATION_REVIEW
2022	95	https://www.itp.nsc.ru/publikacii/2022/2022stati/5.html	Minakov A.V., Lobasov A.S., Shebelev A.V., Zaitsev D.V., Kabov O.A. Flow regimes of a liquid film carried away by a gas flow in a flat horizontal channel under isothermal conditions // Journal of Applied and Industrial Mathematics. - 2022. - Vol. 16, iss. 3. - P. 490-500. DOI ; РИНЦ (Минаков А.В., Лобасов А.С., Шебелев А.В., Зайцев Д.В., Кабов О. А. Режимы течения плёнки жидкости, увлекаемой потоком газа в плоском горизонтальном канале, в изотермических условиях // Cибирский журнал индустриальной математики. – 2022. – Т. 25, № 3. – С. 104–119. РИНЦ )		KEYWORD_CANDIDATE	NEEDS_DOI_VERSION_AND_AFFILIATION_REVIEW
2022	96	https://www.itp.nsc.ru/publikacii/2022/2022stati/5.html	Pryazhnikov M.I., Yakimov A.S., Denisov I.A., Pryazhnikov A.I., Minakov A.V., Belobrov P.I. Fluid viscosity measurement by means of secondary flow in a curved channel // Micromachines. - 2022. - Vol. 13, iss. 9. - 1452. - 14 p. DOI ; РИНЦ		NOT_KEYWORD_MATCHED	NEEDS_DOI_VERSION_AND_AFFILIATION_REVIEW
2022	97	https://www.itp.nsc.ru/publikacii/2022/2022stati/5.html	Zhang F., Volodin V.A., Baranov E.A., Konstantinov V.O., Shchukin V.G., Zamchiy A.O., Vergnat M. Formation of germanium nanocrystals and amorphous nanoclusters in GeSiO x films using electron beam annealing // Vacuum. - 2022. - Vol. 197. - 110796. DOI ; РИНЦ		NOT_KEYWORD_MATCHED	NEEDS_DOI_VERSION_AND_AFFILIATION_REVIEW
2022	98	https://www.itp.nsc.ru/publikacii/2022/2022stati/5.html	Litvinov I., Gorelikov E., Shtork S. Frequency response of the flow in a radial swirler // Journal of Mechanical Science and Technology. - 2022. - Vol. 36, iss. 5. - P. 2397-2402. DOI ; WOS, Q; SCOPUS ; РИНЦ		NOT_KEYWORD_MATCHED	NEEDS_DOI_VERSION_AND_AFFILIATION_REVIEW
2022	99	https://www.itp.nsc.ru/publikacii/2022/2022stati/5.html	Zaikovskii A.,Yudin I., Kozlachkov D., Nartova A., Fedorovskaya E. Gas pressure control of electric arc synthesis of composite Sn–SnO 2 –C nanomaterials // Vacuum. - 2022. - Vol. 195. - 110694. DOI ; РИНЦ		NOT_KEYWORD_MATCHED	NEEDS_DOI_VERSION_AND_AFFILIATION_REVIEW
2022	100	https://www.itp.nsc.ru/publikacii/2022/2022stati/5.html	Plotnikov M.Yu., Gorbachev Yu.E., Emelyanov A.A., Leshchev D.V., Rebrov A.K., Timoshenko N.I., Yudin I.B. Gas-jet HFCVD synthesis of diamonds from mixtures of hydrogen with ethylene and methane // Diamond and Related Materials. – 2022. – Vol. 130. - 109505. - 11 p. DOI ; РИНЦ		NOT_KEYWORD_MATCHED	NEEDS_DOI_VERSION_AND_AFFILIATION_REVIEW
2022	101	https://www.itp.nsc.ru/publikacii/2022/2022stati/6.html	Rebrov A.K., Emel’yanov A.A., Pinaev V.A., Plotnikov M.Yu., Timoshenko N.I., Yudin I.B. Gas-jet synthesis of diamond coatings from a H 2 +CH 4 +Ar mixture activated in a microwave discharge // Doklady Physics. - 2022. - Vol. 67, iss. 7. - P. 197-200. DOI ; РИНЦ (Ребров А.К., Емельянов А.А., Пинаев В.А., Плотников М.Ю., Тимошенко Н.И., Юдин И.Б. Газоструйный синтез алмазных покрытий из смеси H 2 +CH 4 +Ar, активированной в СВЧ-разряде // Доклады Российской академии наук. Физика, технические науки. – 2022. – T. 505, № 1. – C 45-49. DOI ; РИНЦ)		NOT_KEYWORD_MATCHED	NEEDS_DOI_VERSION_AND_AFFILIATION_REVIEW
2022	102	https://www.itp.nsc.ru/publikacii/2022/2022stati/6.html	Fedoseeva Yu.V., Gorodetskiy D.V., Baskakova K.I., Shlyakhova E.V., Makarova A.A., Yudin I.B., Timoshenko N.I., Plotnikov M.Yu., Emelyanov A.A., Rebrov A.K., Okotrub A.V. Gas-phase synthesis of nitrogen-doped diamond coating using a high-velocity microwave plasma flow // Journal of Structural Chemistry. – 2022. – Vol. 63, iss. 7. – P. 1170–1179. DOI ; РИНЦ (Федосеева Ю.В., Городецкий Д.В., Баскакова К.И., Шляхова Е.В., Макарова А.А., Юдин И.Б., Тимошенко Н.И., Плотников М.Ю., Емельянов А.А., Ребров А.К., Окотруб А.В. Газофазный синтез легированной азотом алмазной плёнки из высокоскоростного потока микроволновой плазмы // Журнал структурной химии. – 2022. – Т. 63, № 7. – 98811. DOI ; РИНЦ )		NOT_KEYWORD_MATCHED	NEEDS_DOI_VERSION_AND_AFFILIATION_REVIEW
2022	103	https://www.itp.nsc.ru/publikacii/2022/2022stati/6.html	Misyura S.Y., Andryushchenko V.A., Smovzh D.V., Morozov V.S. Graphene wettability control: texturing of the substrate and removal of airborne contaminants in the atmosphere of various gases // Journal of Molecular Liquids. - 2022. - Vol. 349. - 118116. DOI ; РИНЦ		NOT_KEYWORD_MATCHED	NEEDS_DOI_VERSION_AND_AFFILIATION_REVIEW
2022	104	https://www.itp.nsc.ru/publikacii/2022/2022stati/6.html	Zaripov D.I., Tokarev M.P., Lukyanov A.A., Markovich D.M. Grid-free planar method of Particle Image Velocimetry // Numerical Methods and Programming. - 2022. - Vol. 23, iss. 4. - P. 328-338. DOI (Зарипов Д.И., Токарев М.П., Лукьянов А.А., Маркович Д.М. Бессеточный планарный метод Particle Image Velocimetry // Вычислительные методы и программирование. – 2022. – Т. 23, № 4. – С. 328-338. РИНЦ )		NOT_KEYWORD_MATCHED	NEEDS_DOI_VERSION_AND_AFFILIATION_REVIEW
2022	105	https://www.itp.nsc.ru/publikacii/2022/2022stati/6.html	Pavlenko A.N., Zhukov V.E., Mezentseva N.N. Heat transfer and critical heat flux on a modified surface during boiling under conditions of natural convection // Thermophysics and Aeromechanics. – 2022. – Vol. 29, iss. 3. – P. 423-426. DOI ; РИНЦ (Павленко А.Н., Жуков В.Е., Мезенцева Н.Н. Теплоотдача и критический тепловой поток на модифицированной поверхности при кипении в условиях естественной конвекции // Теплофизика и аэромеханика. – 2022. – Т. 29, № 3. – C. 445-449. РИНЦ )		KEYWORD_CANDIDATE	NEEDS_DOI_VERSION_AND_AFFILIATION_REVIEW
2022	106	https://www.itp.nsc.ru/publikacii/2022/2022stati/6.html	Shilyaev M.I., Khromova E.M., Bogomolov A.R. Heat transfer at condensation of immobile vapor on horizontal tube placed in granular layer // Journal of Engineering Thermophysics. - 2022. - Vol. 31, iss. 3. - P. 477–488. DOI ; РИНЦ		KEYWORD_CANDIDATE	NEEDS_DOI_VERSION_AND_AFFILIATION_REVIEW
2022	107	https://www.itp.nsc.ru/publikacii/2022/2022stati/6.html	Fedorchenko A.I., Maršík F., Terekhov V.I., Terekhov V.V. Heat transfer at the stagnation point of a free-falling impinging liquid jet // Thermophysics and Aeromechanics. – 2022. – Vol. 29, iss. 4. – P. 513-518. DOI ; РИНЦ (Федорченко А.И., Марсик Ф., Терехов В.И., Терехов В.В. Теплообмен в точке торможения свободно падающей импактной струи жидкости // Теплофизика и аэромеханика. – 2022. – Т. 29, № 4. – С. 541-546. РИНЦ )		KEYWORD_CANDIDATE	NEEDS_DOI_VERSION_AND_AFFILIATION_REVIEW
2022	108	https://www.itp.nsc.ru/publikacii/2022/2022stati/6.html	Samoshkin D.A., Abdullaev R.N., Agazhanov A.Sh., Stankus S.V. Heat transfer coefficients of Mg 70 Li 30 ultralight alloy // Thermophysics and Aeromechanics. – 2022. – Vol. 29, iss.1. – P. 143-147. DOI ; РИНЦ (Самошкин Д.А., Абдуллаев Р.Н., Агажанов А.Ш., Станкус С.В. Коэффициенты переноса тепла сверхлегкого сплава Mg 70 Li 30 // Теплофизика и аэромеханика. – 2022. – Т. 29, № 1. – С. 147-151. РИНЦ )		KEYWORD_CANDIDATE	NEEDS_DOI_VERSION_AND_AFFILIATION_REVIEW
2022	109	https://www.itp.nsc.ru/publikacii/2022/2022stati/6.html	Kuznetsov D.V., Pavlenko A.N. Heat transfer during nitrogen boiling on surfaces modified by microarc oxidation // Energies. - 2022. - Vol. 15, iss. 16. - 5792. - 14 p. DOI ; РИНЦ		KEYWORD_CANDIDATE	NEEDS_DOI_VERSION_AND_AFFILIATION_REVIEW
2022	110	https://www.itp.nsc.ru/publikacii/2022/2022stati/6.html	Pavlenko A.N., Kuznetsov D.V., Bessmeltsev V.P. Heat transfer enhancement during pool boiling of nitrogen on porous coatings produced by selective laser melting/sintering (SLM/SLS) // Journal of Engineering Thermophysics. - 2022. - Vol. 31, iss. 1. - P. 1–10. DOI ; РИНЦ		KEYWORD_CANDIDATE	NEEDS_DOI_VERSION_AND_AFFILIATION_REVIEW
2022	111	https://www.itp.nsc.ru/publikacii/2022/2022stati/6.html	Serdyukov V.S., Volodin O.A., Bessmeltsev V.P., Pavlenko A.N. Heat transfer enhancement during pool water boiling Using 3D printed capillary-porous coatings // Journal of Engineering Thermophysics. - 2022. - Vol. 31, iss. 2. - P. 201–209. DOI ; РИНЦ		KEYWORD_CANDIDATE	NEEDS_DOI_VERSION_AND_AFFILIATION_REVIEW
2022	112	https://www.itp.nsc.ru/publikacii/2022/2022stati/6.html	Zhukov V.E., Mezentseva N.N., Pavlenko A.N. Heat transfer enhancement on surface modified via additive manufacturing during pool boiling of freon // Journal of Engineering Thermophysics. - 2022. - Vol. 31, iss. 4. - P. 551–562. DOI ; РИНЦ		KEYWORD_CANDIDATE	NEEDS_DOI_VERSION_AND_AFFILIATION_REVIEW
2022	113	https://www.itp.nsc.ru/publikacii/2022/2022stati/6.html	Karelin V.A., Salomatov V.V. Heat treatment of a coal layer using microwave energy: numerical study under the conditions of heat release through radiation and convection // Thermophysics and Aeromechanics. – 2022. – Vol. 29, iss. 2. – P. 281–288. DOI ; РИНЦ (Карелин В.А., Саломатов В.В. Термообработка угольного слоя СВЧ-энергией: численное исследование в условиях теплосброса радиацией и конвекцией // Теплофизика и аэромеханика. – 2022. – Т. 29, № 2. – C. 293-300. РИНЦ )		NOT_KEYWORD_MATCHED	NEEDS_DOI_VERSION_AND_AFFILIATION_REVIEW
2022	114	https://www.itp.nsc.ru/publikacii/2022/2022stati/6.html	Baranov E.A., Zamchiy A.O., Lunev N.A., Merkulova I.E., Volodin V. A., Sharafutdinov M.R. , Shapovalova A.A. High-temperature annealing of thin silicon suboxide films produced by the method of gas-jet chemical deposition with activation by electron-beam plasma // Journal of Applied Mechanics and Technical Physics. - 2022. - Vol. 63, iss. 5. - P. 757-764. DOI ; РИНЦ (Баранов Е.А., Замчий А.О., Лунев Н.А, Меркулова И.Е., Володин В.А., Шарафутдинов М.Р., Шаповалова А.А. Высокотемпературный отжиг тонких пленок субоксида кремния, полученных методом газоструйного химического осаждения с активацией электронно-пучковой плазмой // Прикладная механика и техническая физика. – 2022. – Т. 63, №5. – С. 33-41. DOI ; РИНЦ)		NOT_KEYWORD_MATCHED	NEEDS_DOI_VERSION_AND_AFFILIATION_REVIEW
2022	115	https://www.itp.nsc.ru/publikacii/2022/2022stati/6.html	Arbuzov V.A., Arbuzov E.V., Dubnishchev Yu.N., Zolotukhina O.S., Lukashov V.V., Tupikin A.V. Hilbert-optic diagnostics of hydrogen-oxygen inverse diffusion flame // Energies. – 2022. – Vol. 15, iss. 24. – 9566. - 11 p. DOI ; РИНЦ		NOT_KEYWORD_MATCHED	NEEDS_DOI_VERSION_AND_AFFILIATION_REVIEW
2022	116	https://www.itp.nsc.ru/publikacii/2022/2022stati/6.html	Derzho O.G. How transition between sea water and liquid carbon dioxide affects its sequestration in deep oceans // Wave Motion. - 2022. - Vol. 114. - 102983. DOI ; РИНЦ		NOT_KEYWORD_MATCHED	NEEDS_DOI_VERSION_AND_AFFILIATION_REVIEW
2022	117	https://www.itp.nsc.ru/publikacii/2022/2022stati/6.html	Naumov I.V., Skripkin S.G., Gusev G.E., Shtern V.N. Hysteresis in a two-liquid whirlpool // Physics of Fluids. - 2022. - Vol. 34, iss. 3. - 032108. - 20 p. DOI ; РИНЦ		NOT_KEYWORD_MATCHED	NEEDS_DOI_VERSION_AND_AFFILIATION_REVIEW
2022	118	https://www.itp.nsc.ru/publikacii/2022/2022stati/6.html	Litvinov I., Sieber M., Oberleithner K. Identification of the precessing vortex core in a hydro turbine model using local stability analysis and stochastic modeling // IOP Conference Series: Earth and Environmental Science. - 2022. - Vol. 1079. - 012052. - 9 p. DOI ; РИНЦ		NOT_KEYWORD_MATCHED	NEEDS_DOI_VERSION_AND_AFFILIATION_REVIEW
2022	119	https://www.itp.nsc.ru/publikacii/2022/2022stati/6.html	Stebeleva O.P., Kashkina L.V., Minakov A.V., Vshivkova O.A. Impact of hydrodynamic cavitation on the properties of coal-water fuel: an experimental study // ACS Omega. – 2022. – Vol. 7, iss. 42. – P. 37369-37378. DOI ; РИНЦ		NOT_KEYWORD_MATCHED	NEEDS_DOI_VERSION_AND_AFFILIATION_REVIEW
2022	120	https://www.itp.nsc.ru/publikacii/2022/2022stati/6.html	Lückoff F., Naste, M., Müller J. S., Sieber M., Litvinov I., Oberleithner K. Impact of runner crown shape modifications on the onset of the precessing vortex core // IOP Conference Series: Earth and Environmental Science. - 2022. - Vol. 1079. - 012051. - 9 p. DOI ; РИНЦ		NOT_KEYWORD_MATCHED	NEEDS_DOI_VERSION_AND_AFFILIATION_REVIEW
2022	121	https://www.itp.nsc.ru/publikacii/2022/2022stati/7.html	Misyura S.Y., Donskoy I.G. Improving the efficiency of storage of natural and artificial methane hydrates // Journal of Natural Gas Science and Engineering. – 2022. – Vol. 97. – 104324. - 11 p. DOI ; РИНЦ		NOT_KEYWORD_MATCHED	NEEDS_DOI_VERSION_AND_AFFILIATION_REVIEW
2022	122	https://www.itp.nsc.ru/publikacii/2022/2022stati/7.html	Palkin E.V., Hrebtov M.Y., Slastnaya D.A., Mullyadzhanov R.I., Vervisch L., Sharaborin D.K., Lobasov A.S., Dulin V.M. Influence of a central jet on isothermal and reacting swirling flow in a model combustion chamber // Energies. - 2022. - Vol. 15, iss. 5. - 1615. - 16 p. DOI ; РИНЦ		NOT_KEYWORD_MATCHED	NEEDS_DOI_VERSION_AND_AFFILIATION_REVIEW
2022	123	https://www.itp.nsc.ru/publikacii/2022/2022stati/7.html	Misyura S.Y., Smovzh D.V., Morozov V.S., Andryushchenko V.A., Matochkin P.E. Influence of annealing and substrate surface textures on the wettability of graphene-coated copper foil // Physica Status Solidi. A: Applications and Materials Science. – 2022. – Vol. 219, iss.1. – 2100305. - 9 p. DOI ; РИНЦ		NOT_KEYWORD_MATCHED	NEEDS_DOI_VERSION_AND_AFFILIATION_REVIEW
2022	124	https://www.itp.nsc.ru/publikacii/2022/2022stati/7.html	Litvintseva A.A., Eloyan K.S., Dementyev Y.A., Vladimirov V.Y. Influence of high-frequency pulsations of liquid on heat and mass transfer in wide minichannel during liquid flow boiling // Journal of Engineering Thermophysics. - 2022. - Vol. 31, iss. 4. - P. 655–663. DOI ; РИНЦ		KEYWORD_CANDIDATE	NEEDS_DOI_VERSION_AND_AFFILIATION_REVIEW
2022	125	https://www.itp.nsc.ru/publikacii/2022/2022stati/7.html	Okulov V.L., Sharifullin B.R., Okulova N., Kafka J., Taboryski R., Sørensen J.N., Naumov I.V. Influence of nano- and micro-roughness on vortex generations of mixing flows in a cavity // Physics of Fluids. - 2022. - Vol. 34, iss. 3. - 032005. - 8 p. DOI ; РИНЦ		NOT_KEYWORD_MATCHED	NEEDS_DOI_VERSION_AND_AFFILIATION_REVIEW
2022	126	https://www.itp.nsc.ru/publikacii/2022/2022stati/7.html	Yudin I.B., Emelyanov A.A., Plotnikov M.Y., Rebrov A.K., Timoshenko N.I. Influence of nitrogen on the synthesis of diamonds during gas-jet HWCVD deposition // Fullerenes Nanotubes and Carbon Nanostructures. - 2022. - Vol. 30, iss. 1. - P. 126-132. DOI ; WOS , Q3; SCOPUS ; РИНЦ		NOT_KEYWORD_MATCHED	NEEDS_DOI_VERSION_AND_AFFILIATION_REVIEW
2022	127	https://www.itp.nsc.ru/publikacii/2022/2022stati/7.html	Shchinnikov P.A., Sadkin I.S., Shchinnikov A.P., Cheganova N.F., Vorogushina N.I. Influence of the initial parameters on the thermodynamic efficiency of carbon dioxide power cycles // Journal of Physics: Conference Series. - 2022. - Vol. 2150. - 012011. - 4 p. DOI ; РИНЦ		NOT_KEYWORD_MATCHED	NEEDS_DOI_VERSION_AND_AFFILIATION_REVIEW
2022	128	https://www.itp.nsc.ru/publikacii/2022/2022stati/7.html	Askarova A.S., Messerle V.E., Bolegenova S.A., Maksimov V.Yu., Bolegenova S.A., Nugymanova A.O. Influence of the method of air-fuel mixture supply on the main characteristics of heat and mass transfer processes // Thermophysics and Aeromechanics. – 2022. – Vol. 29, iss. 1. – P. 107-124. DOI ; РИНЦ (Аскарова А.С., Мессерле В.Е., Болегенова С.А., Максимов В.Ю., Болегенова С.А., Нугыманова А.О. Влияние способа подачи топливной аэросмеси на основные характеристики процессов тепломассопереноса // Теплофизика и аэромеханика. – 2022. – Т. 29, № 1. – C. 111–128. РИНЦ )		NOT_KEYWORD_MATCHED	NEEDS_DOI_VERSION_AND_AFFILIATION_REVIEW
2022	129	https://www.itp.nsc.ru/publikacii/2022/2022stati/7.html	Naumov I.V., Sharifullin B.R., Shtern V.N. Influence of the upper liquid layer on vortex breakdown in the bioreactor model // Technical Physics Letters. - 2022. - Vol. 48, iss. 10. - P. 42-48. DOI ; РИНЦ (Наумов И.В., Шарифуллин Б.Р., Штерн В.Н. Влияние слоя верхней жидкости на распад вихря в модели биореактора // Письма в Журнал технической физики. – 2022. – Т. 48, № 20. – С. 3-6. DOI; РИНЦ )		NOT_KEYWORD_MATCHED	NEEDS_DOI_VERSION_AND_AFFILIATION_REVIEW
2022	130	https://www.itp.nsc.ru/publikacii/2022/2022stati/7.html	Terekhov V.I., Dyachenko A.Yu., Smulsky Ya.J., Sunden B. Intensification of heat transfer behind the backward-facing step using tabs // Thermal Science and Engineering Progress. - 2022. - Vol. 35, iss. 1. - 2022. - 101475. - 14 p. DOI ; WOS, Q; SCOPUS; РИНЦ		KEYWORD_CANDIDATE	NEEDS_DOI_VERSION_AND_AFFILIATION_REVIEW
2022	131	https://www.itp.nsc.ru/publikacii/2022/2022stati/7.html	Terekhov V.I., Terekhov V.V., Filippov M.V. Chokhar I.A. Interaction of two turbulent parallel round jets in the near flow field // Journal of Applied Mechanics and Technical Physics. - 2022. - Vol. 63, iss. 3. - P. 373–382. DOI ; РИНЦ (Терехов В.И., Терехов В.В., Филиппов М.В., Чохар И.А. Взаимодействие двух турбулентных параллельных круглых струй в ближнем поле течения // Прикладная механика и техническая физика. – 2022. – Т. 63, № 3. – С. 3-13. DOI ; РИНЦ )		NOT_KEYWORD_MATCHED	NEEDS_DOI_VERSION_AND_AFFILIATION_REVIEW
2022	132	https://www.itp.nsc.ru/publikacii/2022/2022stati/7.html	Anufriev I.S., Kopyev E.P., Mukhina M.A., Sadkin I.S. Investigation into characteristics of combustion of n-heptane sprayed by jet of steam or air // Journal of Engineering Thermophysics. - 2022. - Vol. 31, iss. 3. - P. 420–428. DOI		KEYWORD_CANDIDATE	NEEDS_DOI_VERSION_AND_AFFILIATION_REVIEW
2022	133	https://www.itp.nsc.ru/publikacii/2022/2022stati/7.html	Makarov M.S., Vitovsky O.V., Naumkin V.S., Lebeda K.S. Investigation of hydraulic resistance and heat transfer in the flow of HE-XE mixture with a small Prandtl number in a quasi-triangular pipe // International Journal of Heat and Mass Transfer. – 2022. – Vol. 199. – 123427. - 10 p. DOI ; РИНЦ		KEYWORD_CANDIDATE	NEEDS_DOI_VERSION_AND_AFFILIATION_REVIEW
2022	134	https://www.itp.nsc.ru/publikacii/2022/2022stati/7.html	Arbuzov V.A., Arbuzov E.V., Dubnishchev Yu.N., Zolotukhina O.S., Lukashov V.V. Investigation of phase and temperature perturbations induced by a candle using Hilbert optics methods // Journal of Physics: Conference Series. – 2022. – Vol. 2233, iss. 1. - 012006. - 4 p. DOI ; WOS, Q; SCOPUS ; РИНЦ		NOT_KEYWORD_MATCHED	NEEDS_DOI_VERSION_AND_AFFILIATION_REVIEW
2022	135	https://www.itp.nsc.ru/publikacii/2022/2022stati/7.html	Pavlov V.A. , Bakakin G.V. , Rakhmanov V.V., Dvoynishnikov S.V. Investigation of temperature shift of wavelength of semiconductor laser diode in doppler anemometer // Optoelectronics, Instrumentation and Data Processing. - 2022. - Vol. 58, iss. 3. - P. 215–222. DOI ; РИНЦ (Павлов В.А., Бакакин Г.В., Рахманов В.В., Двойнишников С.В. Исследование температурного смещения длины волны полупроводникового лазерного диода в доплеровском анемометре // Автометрия. – 2022. – Т. 58, № 3. – C. 3-11. DOI ; РИНЦ )		NOT_KEYWORD_MATCHED	NEEDS_DOI_VERSION_AND_AFFILIATION_REVIEW
2022	136	https://www.itp.nsc.ru/publikacii/2022/2022stati/7.html	Lobasov A.S., Skripkin S.G., Tsoi M.A., Kravtsova A.Y. Investigation of the cavitation processes behind a cylinder located in a microchannel in a wide range of Reynolds numbers // Case Studies in Thermal Engineering. - 2022. - Vol. 38. - 102306. - 14 p. DOI ; РИНЦ		KEYWORD_CANDIDATE	NEEDS_DOI_VERSION_AND_AFFILIATION_REVIEW
2022	137	https://www.itp.nsc.ru/publikacii/2022/2022stati/7.html	Kirichenko E.O., Kirichenko D.P., Zaitsev D.V. Investigation of the flight of liquid microdroplets over the contact line in a horizontal liquid film heated from below // Journal of Physics: Conference Series. - 2022. - Vol. 2211. - 012012. - 6 p. DOI ; РИНЦ		KEYWORD_CANDIDATE	NEEDS_DOI_VERSION_AND_AFFILIATION_REVIEW
2022	138	https://www.itp.nsc.ru/publikacii/2022/2022stati/7.html	Kvon A., Kharlamov S., Bobylev A., Guzanov V. Investigation of the flow structure in three-dimensional waves on falling liquid films using light field camera // Experimental Thermal and Fluid Science. – 2022. – Vol. 132. – 110553. - 14 p. DOI ; РИНЦ		KEYWORD_CANDIDATE	NEEDS_DOI_VERSION_AND_AFFILIATION_REVIEW
2022	139	https://www.itp.nsc.ru/publikacii/2022/2022stati/7.html	Chinnov E.A., Ronshin F.V. Investigation of the gas-liquid flow hydrodynamics in minichannels of solar collectors under isothermal conditions // Journal of Physics: Conference Series. - 2022. - Vol. 2211. - 012014. - 6 p. DOI ; РИНЦ		NOT_KEYWORD_MATCHED	NEEDS_DOI_VERSION_AND_AFFILIATION_REVIEW
2022	140	https://www.itp.nsc.ru/publikacii/2022/2022stati/7.html	Platonov D.V., Minakov A.V., Sentyabov A.V., Shtork S.I., Skripkin S.G., Lobasov A.S. Investigation of the precessing vortex core reconnection phenomenon // International Journal of Heat and Fluid Flow. – 2022. – Vol. 96. – 109006. - 18 p. DOI ; РИНЦ		NOT_KEYWORD_MATCHED	NEEDS_DOI_VERSION_AND_AFFILIATION_REVIEW
2022	141	https://www.itp.nsc.ru/publikacii/2022/2022stati/8.html	Ronshin F., Dementyev Y., Kochkin D., Eloyan K., Vozhakov I. Investigation of two-phase flow regimes in square minichannels with different mixers created using additive technologies // Experimental Thermal and Fluid Science. – 2022. – Vol. 132. – 110565. DOI ; РИНЦ		NOT_KEYWORD_MATCHED	NEEDS_DOI_VERSION_AND_AFFILIATION_REVIEW
2022	142	https://www.itp.nsc.ru/publikacii/2022/2022stati/8.html	Gaidukova O., Misyura S., Strizhak P. Key areas of gas hydrates study: review // Energies. - 2022. - Vol. 15, iss. 5. - 1799. - 18 p. DOI ; РИНЦ		NOT_KEYWORD_MATCHED	NEEDS_DOI_VERSION_AND_AFFILIATION_REVIEW
2022	143	https://www.itp.nsc.ru/publikacii/2022/2022stati/8.html	Suslov D., Litvinov I., Gorelikov E., Shtork S., Wood D. Laboratory modeling of an axial flow micro hydraulic turbine // Applied Sciences (Switzerland). - 2022. - Vol. 12, iss. 2. - 573. - 18 p. DOI ; WOS, Q; SCOPUS ; РИНЦ		NOT_KEYWORD_MATCHED	NEEDS_DOI_VERSION_AND_AFFILIATION_REVIEW
2022	144	https://www.itp.nsc.ru/publikacii/2022/2022stati/8.html	Derzho O.G. Large internal solitary waves on a weak shear // Chaos. - 2022. - Vol. 32, iss. 6. - 063130. - 10 p. DOI ; РИНЦ		NOT_KEYWORD_MATCHED	NEEDS_DOI_VERSION_AND_AFFILIATION_REVIEW
2022	145	https://www.itp.nsc.ru/publikacii/2022/2022stati/8.html	Chernov A.A., Pil’nik A.A., Levin A.A., Safarov A.S., Adamova T.P., Elistratov D.S. Laser-induced boiling of subcooled liquid: influence of the radiation power on the vapor bubble nucleation and growth // International Journal of Heat and Mass Transfer. – 2022. – Vol.184. – 122298. DOI ; РИНЦ		KEYWORD_CANDIDATE	NEEDS_DOI_VERSION_AND_AFFILIATION_REVIEW
2022	146	https://www.itp.nsc.ru/publikacii/2022/2022stati/8.html	Fedoseev A.V., Salnikov M.V., Ostapchenko A. E., Surtaev A. S. Lattice Boltzmann simulation of optimal biphilic surface configuration to enhance boiling heat transfer // Energies. - 2022. - Vol. 15, iss. 21. - 8204. - 14 p. DOI ; РИНЦ		KEYWORD_CANDIDATE	NEEDS_DOI_VERSION_AND_AFFILIATION_REVIEW
2022	147	https://www.itp.nsc.ru/publikacii/2022/2022stati/8.html	Chikishev L.M., Sharaborin D.K., Lobasov A.S., Dekterev A.A., Tolstoguzov R.V., Dulin V.M., Markovich D.M. LES simulation of a model gas-turbine lean combustor: impact of coherent flow structures on the temperature field and concentration of CO and NO // Energies. - 2022. - Vol. 15, iss. 12. - 4362. - 26 p. DOI ; РИНЦ		NOT_KEYWORD_MATCHED	NEEDS_DOI_VERSION_AND_AFFILIATION_REVIEW
2022	148	https://www.itp.nsc.ru/publikacii/2022/2022stati/8.html	Grebenev V.N., Demenkov A.G., Chernykh G.G. Local equilibrium approximation in the mathematical model of the far turbulent wake behind a body of revolution // Journal of Applied Mechanics and Technical Physics. - 2022. - Vol. 63, iss. 5. - P. 825–832. DOI ; РИНЦ (Гребенев В.Н., Деменков А.Г., Черных Г.Г. Локально-равновесное приближение в математической модели дальнего турбулентного следа за телом вращения // Прикладная механика и техническая физика. - 2022. - Т. 63, № 5 (375). С. 110-118. DOI ; РИНЦ )		NOT_KEYWORD_MATCHED	NEEDS_DOI_VERSION_AND_AFFILIATION_REVIEW
2022	149	https://www.itp.nsc.ru/publikacii/2022/2022stati/8.html	Sakhnov A.Y. Local laminarization at negligible light gas injection into the compressible weakly accelerated boundary layer // International Journal of Heat and Mass Transfer. - 2022. - Vol. 182. - 121975. - 15 p. DOI ; WOS, Q; SCOPUS ; РИНЦ		NOT_KEYWORD_MATCHED	NEEDS_DOI_VERSION_AND_AFFILIATION_REVIEW
2022	150	https://www.itp.nsc.ru/publikacii/2022/2022stati/8.html	Pryazhnikov M.I., Minakov A.V., Pryazhikov A.I., Yakimov A.S. Map of water-oil flow regimes in a direct microchannel // Technical Physics Letters. - 2022. - Vol. 48, iss. 2. - P. 1-4. DOI ; РИНЦ (Пряжников М.И., Минаков А.В., Пряжников А.И., Якимов А.С. Карта режимов течения вода−нефть в прямом микроканале // Письма в Журнал технической физики. – 2022. – Т. 48, № 3. – С. 6-9. DOI ; РИНЦ )		KEYWORD_CANDIDATE	NEEDS_DOI_VERSION_AND_AFFILIATION_REVIEW
2022	151	https://www.itp.nsc.ru/publikacii/2022/2022stati/8.html	Lizunov S.A., Bulgakov A.V., Campbell E.B., Bulgakova N.M. Melting of gold by ultrashort laser pulses: advanced two-temperature modeling and comparison with surface damage experiments // Applied Physics A: Materials Science & Processing. - 2022. - Vol. 128, iss. 7. – 602. - 19 p. DOI ; РИНЦ		NOT_KEYWORD_MATCHED	NEEDS_DOI_VERSION_AND_AFFILIATION_REVIEW
2022	152	https://www.itp.nsc.ru/publikacii/2022/2022stati/8.html	Pryazhnikov M.I., Minakov A.V., Pryazhnikov A.I., Denisov I.A., Yakimov A.S. Microfluidic study of the effect of nanosuspensions on enhanced oil recovery // Nanomaterials. - 2022. - Vol. 12, iss. 3. - 520. - 15 p. DOI ; РИНЦ		KEYWORD_CANDIDATE	NEEDS_DOI_VERSION_AND_AFFILIATION_REVIEW
2022	153	https://www.itp.nsc.ru/publikacii/2022/2022stati/8.html	Litvinov I., Sharaborin D., Gorelikov E., Dulin V., Shtork S., Alekseenko S., Oberleithner K. Modal decomposition of the precessing vortex core in a hydro turbine model // Applied Sciences. - 2022. - Vol.12, iss.10. - 5127. - 15 p. DOI ; РИНЦ		NOT_KEYWORD_MATCHED	NEEDS_DOI_VERSION_AND_AFFILIATION_REVIEW
2022	154	https://www.itp.nsc.ru/publikacii/2022/2022stati/8.html	Gaidukova O., Misyura S., Razumov D., Strizhak P. Modeling of a double gas hydrate particle ignition // Applied Sciences. - 2022. - Vol. 12, iss. 12. - 5953. - 19 p. DOI ; РИНЦ		NOT_KEYWORD_MATCHED	NEEDS_DOI_VERSION_AND_AFFILIATION_REVIEW
2022	155	https://www.itp.nsc.ru/publikacii/2022/2022stati/8.html	Trifonov Yu.Ya. Modeling of mixture separation in column with structured packing // Multiphase Science and Technology. - 2022. - Vol. 34, iss. 1. - P. 23-51. DOI ; РИНЦ		NOT_KEYWORD_MATCHED	NEEDS_DOI_VERSION_AND_AFFILIATION_REVIEW
2022	156	https://www.itp.nsc.ru/publikacii/2022/2022stati/8.html	Pakhomov M.A., Terekhov V.I. Modeling of turbulent heat-transfer augmentation in gas-droplet non-boiling flow in diverging and converging axisymmetric ducts with sudden expansion // Energies. - 2022. - Vol. 15, iss. 16. - 5861. - 12 p. DOI ; РИНЦ		KEYWORD_CANDIDATE	NEEDS_DOI_VERSION_AND_AFFILIATION_REVIEW
2022	157	https://www.itp.nsc.ru/publikacii/2022/2022stati/8.html	Igumenov I.K., Lukashov V.V. Modern solutions for functional coatings in CVD processes // Coatings. - 2022. - Vol. 12, iss. 9. - 1265. - 5 p. DOI ; РИНЦ		NOT_KEYWORD_MATCHED	NEEDS_DOI_VERSION_AND_AFFILIATION_REVIEW
2022	158	https://www.itp.nsc.ru/publikacii/2022/2022stati/8.html	Hrebtov M., Bobrov M. Modification of k-ε model for sensible heat and momentum flux reconstruction from surface temperature data // Atmosphere. - 2022. - Vol.13, iss. 7. - 1146. - 18 p. DOI ; РИНЦ		NOT_KEYWORD_MATCHED	NEEDS_DOI_VERSION_AND_AFFILIATION_REVIEW
2022	159	https://www.itp.nsc.ru/publikacii/2022/2022stati/8.html	Misyura S.Y., Andryushchenko V.A., Morozov V.S. Molecular dynamic simulation and experimental data on graphene wettability on heated structured surfaces // Experimental Heat Transfer. - 2022. DOI ; РИНЦ		KEYWORD_CANDIDATE	NEEDS_DOI_VERSION_AND_AFFILIATION_REVIEW
2022	160	https://www.itp.nsc.ru/publikacii/2022/2022stati/8.html	Ukhina A.V., Dudina D.V., Bokhonov B.B., Savintseva D.V., Samoshkin D.A., Stankus S.V. Morphological features and phase composition of W-containing coatings formed on diamond via its interaction with WO 3 // Diamond and Related Materials. – 2022. – Vol. 123. – 108876. DOI ; РИНЦ		NOT_KEYWORD_MATCHED	NEEDS_DOI_VERSION_AND_AFFILIATION_REVIEW
2022	161	https://www.itp.nsc.ru/publikacii/2022/2022stati/9.html	Starinskiy S.V., Safonov A.I., Shukhov Y.G., Sulyaeva V.S., Korolkov I.V., Volodin V.V., Kibis L.S., Bulgakov A.V. Nanostructured silver substrates produced by cluster-assisted gas jet deposition for surface-enhanced Raman spectroscopy // Vacuum. - 2022. - Vol. 199. - 110929. DOI ; РИНЦ		NOT_KEYWORD_MATCHED	NEEDS_DOI_VERSION_AND_AFFILIATION_REVIEW
2022	162	https://www.itp.nsc.ru/publikacii/2022/2022stati/9.html	Antonova I.V., Nebogatikova N.A., Erohin S.V., Prenas V.A., Smovzh D.V., Suprun E.A., Volodin V.A., Olejniczak A., Sorokin P.B. Nanostructuring of CVD graphene by high-energy heavy ions // Diamond and Related Materials. – 2022. – Vol.123. – 108880. DOI ; РИНЦ		NOT_KEYWORD_MATCHED	NEEDS_DOI_VERSION_AND_AFFILIATION_REVIEW
2022	163	https://www.itp.nsc.ru/publikacii/2022/2022stati/9.html	Seredkin A.V., Yagodnitsyna A.A. Neural network approach for plug flow analysis in microchannels // Interfacial Phenomena and Heat Transfer. – 2022. – Vol. 10, iss. 1. - P. 15-24. DOI ; РИНЦ		KEYWORD_CANDIDATE	NEEDS_DOI_VERSION_AND_AFFILIATION_REVIEW
2022	164	https://www.itp.nsc.ru/publikacii/2022/2022stati/9.html	Anufriev I.S., Kopyev E.P., Alekseenko S.V., Sharypov O.V., Vigriyanov M.S. New ecology safe waste-to-energy technology of liquid fuel combustion with superheated steam // Energy. – 2022. – Vol. 250. – 123849. DOI ; РИНЦ		NOT_KEYWORD_MATCHED	NEEDS_DOI_VERSION_AND_AFFILIATION_REVIEW
2022	165	https://www.itp.nsc.ru/publikacii/2022/2022stati/9.html	Graur I.A., Batueva M.A., Wolf M., Gatapova E.Y. Non-equilibrium condensation // International Journal of Heat and Mass Transfer. – 2022. – Vol. 198. – 123391. DOI ; РИНЦ		KEYWORD_CANDIDATE	NEEDS_DOI_VERSION_AND_AFFILIATION_REVIEW
2022	166	https://www.itp.nsc.ru/publikacii/2022/2022stati/9.html	Lemanov V.V., Pakhomov M.A., Terekhov V.I., Travnicek Z. Non-stationary flow and heat transfer in a synthetic confined jet impingement // International Journal of Thermal Sciences. – 2022. – Vol. 179. – 107607. DOI ; РИНЦ		KEYWORD_CANDIDATE	NEEDS_DOI_VERSION_AND_AFFILIATION_REVIEW
2022	167	https://www.itp.nsc.ru/publikacii/2022/2022stati/9.html	Minakov A.V., Kuznetsov V.A., Anufriev I.S., Kopyev E.P. Numerical analysis of a pre-chamber vortex burner with a steam blast atomizer // Fuel. – 2022. – Vol. 323. – 124375. DOI ; РИНЦ		NOT_KEYWORD_MATCHED	NEEDS_DOI_VERSION_AND_AFFILIATION_REVIEW
2022	168	https://www.itp.nsc.ru/publikacii/2022/2022stati/9.html	Guzei D.V., Minakov A.V., Pryazhnikov M.I., Ivanova S.V. Numerical investigation of enhanced oil recovery from various‎ rocks by nanosuspensions flooding // Journal of Applied and Computational Mechanics. - 2022. - Vol. 8, iss. 1. - P. 306-318. DOI ; РИНЦ		NOT_KEYWORD_MATCHED	NEEDS_DOI_VERSION_AND_AFFILIATION_REVIEW
2022	169	https://www.itp.nsc.ru/publikacii/2022/2022stati/9.html	Guzei D.V., Minakov A.V., Rudyak V.Ya. Numerical simulation of a forced convection laminar fluid flow with regard for the thermodiffusion of nanoparticles in it // Journal of Engineering Physics and Thermophysics. - 2022. - Vol. 95, iss. 2. - P. 516-526. DOI ; РИНЦ (Гузей Д.В., Минаков А.В., Рудяк В.Я. Численное моделирование вынужденной конвекции наножидкости при ее ламинарном течении с учетом термодиффузии // Инженерно-физический журнал. – 2022. – Т. 95, № 2. – C. 526-536. DOI; РИНЦ )		NOT_KEYWORD_MATCHED	NEEDS_DOI_VERSION_AND_AFFILIATION_REVIEW
2022	170	https://www.itp.nsc.ru/publikacii/2022/2022stati/9.html	Minakov A.V., Kuznetsov V.A., Pukhovoy M.V., Kabov O.A. Numerical simulation of impact interaction between a drop and a heated substrate: the effects of liquid evaporation and conjugate heat transfer // Interfacial Phenomena and Heat Transfer. - Vol. 10, iss.1. - P. 47-62. DOI ; РИНЦ		KEYWORD_CANDIDATE	NEEDS_DOI_VERSION_AND_AFFILIATION_REVIEW
2022	171	https://www.itp.nsc.ru/publikacii/2022/2022stati/9.html	Pakhomov M.A., Terekhov V.I. Numerical simulation of the effect of evaporation of liquid droplets on turbulence and heat transfer in a droplet-laden flow behind a backward-facing step // Journal of Engineering Thermophysics. - 2022. - Vol. 31, iss. 4. - P. 580–588. DOI ; РИНЦ		KEYWORD_CANDIDATE	NEEDS_DOI_VERSION_AND_AFFILIATION_REVIEW
2022	172	https://www.itp.nsc.ru/publikacii/2022/2022stati/9.html	Savvinova N.A., Sleptsov S.D. Numerical study of radiative-conductive heat exchange in a ice layer under radiation heating // AIP Conference Proceedings. - 2022. - Vol. 2528. - 020012. - 4 p. DOI		NOT_KEYWORD_MATCHED	NEEDS_DOI_VERSION_AND_AFFILIATION_REVIEW
2022	173	https://www.itp.nsc.ru/publikacii/2022/2022stati/9.html	Kuznetsov V.A., Dekterev Ar.A., Anufriev I.S., Minakov A.V. Numerical study of the effect of superheated steam supply during the combustion of liquid fuel in a burner on the reduction of harmful emissions // Journal of Physics: Conference Series. - 2022. - Vol. 2233. - 012005. - 5 p. DOI ; РИНЦ		NOT_KEYWORD_MATCHED	NEEDS_DOI_VERSION_AND_AFFILIATION_REVIEW
2022	174	https://www.itp.nsc.ru/publikacii/2022/2022stati/9.html	Bhaskar N., Sulyaeva V., Gatapova E., Kaichev V., Khomyakov M., Kolodin A., Kosinova M., Basu B. On the origin of better hemocompatibility of the BC x N y O z coatings // Applied Surface Science. – 2022. – Vol. 576. – 151760. DOI ; РИНЦ		NOT_KEYWORD_MATCHED	NEEDS_DOI_VERSION_AND_AFFILIATION_REVIEW
2022	175	https://www.itp.nsc.ru/publikacii/2022/2022stati/9.html	Emelyanov A. A., Pinaev V. A., Plotnikov M.Yu, Rebrov A.K., Timoshenko N.I., Yudin I.B. Optical and gas-dynamic measurements in a microwave discharge plasma flow under conditions of gas-jet synthesis of diamond // Journal of Applied Mechanics and Technical Physics. - 2022. - Vol. 63. - P. 418–424. DOI ; РИНЦ (Емельянов А.А., Пинаев В.А., Плотников М.Ю., Ребров А.К., Тимошенко Н.И., Юдин И.Б. Оптические и газодинамические измерения в потоке плазмы СВЧ разряда в условиях газоструйного синтеза алмаза // Прикладная механика и техническая физика. – 2022. – Т. 63, №3. – С. 54-61. DOI ; РИНЦ )		NOT_KEYWORD_MATCHED	NEEDS_DOI_VERSION_AND_AFFILIATION_REVIEW
2022	176	https://www.itp.nsc.ru/publikacii/2022/2022stati/9.html	Arbuzov V.A., Arbuzov E.V., Dubnishchev Yu.N., Lukashov V.V., Zolotukhina O.S. Optical diagnostics of hydrogen-air diffusion jet flame // Journal of Engineering Thermophysics. – 2022. – Vol. 31, iss. 3. – P. 402–413. DOI ; WOS, Q; SCOPUS ; РИНЦ		NOT_KEYWORD_MATCHED	NEEDS_DOI_VERSION_AND_AFFILIATION_REVIEW
2022	177	https://www.itp.nsc.ru/publikacii/2022/2022stati/9.html	Eberst A., Zamchiy A., Qiu K., Winkel P., Gebrewold H., Lambertz A., Duan W., Li S., Bittkau K., Kirchartz T., Rau U., Ding K. Optical optimization potential of transparent-passivated contacts in silicon solar cells // Solar RRL. – 2022. – Vol. 6, iss. 6. – 2101050. - 8 p. DOI ; РИНЦ		NOT_KEYWORD_MATCHED	NEEDS_DOI_VERSION_AND_AFFILIATION_REVIEW
2022	178	https://www.itp.nsc.ru/publikacii/2022/2022stati/9.html	Semenova A.V., Chirkov D.V., Skorospelov V.A., Ustimenko A.S., Turuk P.A., Rigin V.E., Germanova I.A. Optimization design of the elbow draft tube of the hydraulic turbine // IOP Conference Series: Earth and Environmental Science. - 2022. - Vol. 1079. - 012028. - 10 p. DOI ; РИНЦ		NOT_KEYWORD_MATCHED	NEEDS_DOI_VERSION_AND_AFFILIATION_REVIEW
2022	179	https://www.itp.nsc.ru/publikacii/2022/2022stati/9.html	Fedyaeva O.N., Artamonov D.O., Vostrikov A.A. Oxidation of municipal sewage sludge, chicken and swine manure in the water-oxygen fluid flow under uniform heating // The Journal of Supercritical Fluids. - 2022. - Vol. 191. - 105767. DOI ; РИНЦ		NOT_KEYWORD_MATCHED	NEEDS_DOI_VERSION_AND_AFFILIATION_REVIEW
2022	180	https://www.itp.nsc.ru/publikacii/2022/2022stati/9.html	Aktershev S.P., Mezentsev I.V., Mezentseva N.N. Parametric study of a regenerative heat exchanger for ventilation with a periodic change in the air flow direction // Applied Thermal Engineering. – 2022. – Vol. 202. – 117831. DOI ; РИНЦ		NOT_KEYWORD_MATCHED	NEEDS_DOI_VERSION_AND_AFFILIATION_REVIEW
2022	181	https://www.itp.nsc.ru/publikacii/2022/2022stati/10.html	Zubairova U.S., Kravtsova A.Y., Romashchenko A.V., Pushkareva A.A., Doroshkov A.V. Particle-based imaging tools revealing water flows in maize nodal vascular plexus // Plants. - 2022. - Vol. 11, iss. 12. - 1533. - 16 p. DOI ; РИНЦ		NOT_KEYWORD_MATCHED	NEEDS_DOI_VERSION_AND_AFFILIATION_REVIEW
2022	182	https://www.itp.nsc.ru/publikacii/2022/2022stati/10.html	Dvoynishnikov S.V., Meledin V.G., Kabardin I.K., Rakhmanov V.V., Zuev V.O. Phase triangulation method with statistical filtering for measurements at random additive interference with a limited dynamic range of a photodetector // Measurement Techniques. - 2022. - Vol. 65, iss. 6. - P. 426–431. DOI ; РИНЦ (Двойнишников С.В., Меледин В.Г., Кабардин И.К., Рахманов В.В., Зуев В.О. Метод фазовой триангуляции со статистической фильтрацией для измерений в условиях случайных аддитивных помех и ограниченного динамического диапазона фотоприёмника // Измерительная техника. – 2022. – № 6. – С. 36–40. DOI ; РИНЦ )		NOT_KEYWORD_MATCHED	NEEDS_DOI_VERSION_AND_AFFILIATION_REVIEW
2022	183	https://www.itp.nsc.ru/publikacii/2022/2022stati/10.html	Volodin V.A., Krivyakin G.K., Bulgakov A.V., Levy Y., Beránek J.,NagisettyS., Bryknar Z., Bulgakova N.M., Geydt P.V., Popov A.A. Picosecond infrared laser crystallization of Ge layers in Ge/Si multi-nanolayers for optoelectronic applications // Proceedings of SPIE. - 2022. - Vol. 12157. - 1215702. - 10 p. DOI ; РИНЦ		NOT_KEYWORD_MATCHED	NEEDS_DOI_VERSION_AND_AFFILIATION_REVIEW
2022	184	https://www.itp.nsc.ru/publikacii/2022/2022stati/10.html	Morozov A., Titarev V. Planar gas expansion under intensive nanosecond laser evaporation into vacuum as applied to time-of-flight analysis // Entropy. - 2022. - Vol. 24, iss. 12. - 1738. - 15 p. DOI ; РИНЦ		KEYWORD_CANDIDATE	NEEDS_DOI_VERSION_AND_AFFILIATION_REVIEW
2022	185	https://www.itp.nsc.ru/publikacii/2022/2022stati/10.html	Gobyzov O., Ryabov M., Inzhevatkin K., Bilsky A., Markovich D. Planar laser-induced fluorescence measurement of the angular pattern of the cone-shaped spray // EPJ Web of Conference. – 2022. – Vol. 269. – 01018. - 4 p. DOI ; РИНЦ		KEYWORD_CANDIDATE	NEEDS_DOI_VERSION_AND_AFFILIATION_REVIEW
2022	186	https://www.itp.nsc.ru/publikacii/2022/2022stati/10.html	Aliferov A.I., Anshakov A.S., Domarov P.V. Plasma gasification of organic waste for production of motor fuel // Journal of Engineering Thermophysics. - 2022. - Vol. 31, iss. 2. - P. 238–247. DOI ; РИНЦ		NOT_KEYWORD_MATCHED	NEEDS_DOI_VERSION_AND_AFFILIATION_REVIEW
2022	187	https://www.itp.nsc.ru/publikacii/2022/2022stati/10.html	Messerle V.E., Ustimenko A.B., Tastanbekov A.K. Plasma ignition of solid fuels at thermal power plants. Part 1. Mathematical modeling of plasma-fuel system // Thermophysics and Aeromechanics. – 2022. – Vol. 29, iss. 2. – P. 295–310. DOI ; РИНЦ (Мессерле В.Е., Устименко А.Б., Тастанбеков А.К. Плазменное воспламенение твердых топлив на тепловых электростанциях. Часть 1. Математическое моделирование плазменно-топливной системы // Теплофизика и аэромеханика. – 2022. – Т. 29, № 2. – С. 307–322. РИНЦ )		NOT_KEYWORD_MATCHED	NEEDS_DOI_VERSION_AND_AFFILIATION_REVIEW
2022	188	https://www.itp.nsc.ru/publikacii/2022/2022stati/10.html	Butakov E.B., Burdukov A.P., Alekseenko S.V., Yaganov E.N. Plasma ignition system to start up pulverized coal boilers: experimental simulation and full-scale test // Journal of Engineering Thermophysics. - 2022. - Vol. 31, iss. 3. - P. 375–383. DOI ; РИНЦ		NOT_KEYWORD_MATCHED	NEEDS_DOI_VERSION_AND_AFFILIATION_REVIEW
2022	189	https://www.itp.nsc.ru/publikacii/2022/2022stati/10.html	An’shakov A.S., Domarov P.V., Butakov E.B. Plasma-thermal gasification of organic wastes // Combustion, Explosion, and Shock Waves. – 2022. – Т. 58, iss. 4. – P. 490-493. DOI ; РИНЦ (Аньшаков А.С., Домаров П.В., Бутаков Е.Б. Плазменно-термическая газификация органических отходов // Физика горения и взрыва. – 2022. – Т. 58, № 4. – С. 107-111. DOI ; РИНЦ )		NOT_KEYWORD_MATCHED	NEEDS_DOI_VERSION_AND_AFFILIATION_REVIEW
2022	190	https://www.itp.nsc.ru/publikacii/2022/2022stati/10.html	Zamchiy A.O., Baranov E.A. Polycrystalline silicon thin films for solar cells via metal-induced layer exchange crystallization // Coatings. - 2022. - Vol. 12, iss. 12. - 1926. - 5 p. DOI ; РИНЦ		NOT_KEYWORD_MATCHED	NEEDS_DOI_VERSION_AND_AFFILIATION_REVIEW
2022	191	https://www.itp.nsc.ru/publikacii/2022/2022stati/10.html	Abdurakipov S.S., Kiryukhina N.V., Butakov E.B. Prediction of boiling crisis in channels using machine learning algorithms // Optoelectronics, Instrumentation and Data Processing. – 2022. – Vol. 58, iss. 1. – P. 98-108. DOI ; РИНЦ (Абдуракипов С. С., Кирюхина Н. В., Бутаков Е. Б. О прогнозировании кризиса теплоотдачи при кипении в каналах с использованием алгоритмов машинного обучения // Автометрия – 2022. – Т. 58, № 1. – C. 119-131. DOI ; РИНЦ )		KEYWORD_CANDIDATE	NEEDS_DOI_VERSION_AND_AFFILIATION_REVIEW
2022	192	https://www.itp.nsc.ru/publikacii/2022/2022stati/10.html	Fedyaeva O.N., Vostrikov A.A. Processing watered toxic waste of pig abd poultry farming in sub- and supercritical water (Review) // Russian Journal of Physical Chemistry B. – 2022. – Vol. 16, iss. 8. – P. 1371-1383. DOI ; РИНЦ (Федяева О.Н., Востриков А.А. Переработка обводненных токсичных отходов свиноводства и птицеводства в суб- и сверхкритической воде (Обзор) // Сверхкритические флюиды: теория и практика. – 2022. – Т. 17, №2. – C. 3-23. DOI ; РИНЦ )		NOT_KEYWORD_MATCHED	NEEDS_DOI_VERSION_AND_AFFILIATION_REVIEW
2022	193	https://www.itp.nsc.ru/publikacii/2022/2022stati/10.html	Azikhanov S.S., Petrov I.Ya., Ushakov K.Yu., Gorina V.Z., Bogomolov A.R. Pyrolysis of crumb tire rubber obtained from waste largesized tires of trucks // Russian Journal of Applied Chemistry. - 2022. - Vol. 95, iss. 6. - P. 872-886. DOI ; РИНЦ (Азиханов С.С., Петров И.Я., Ушаков К.Ю., Горина В.З., Богомолов А.Р. Пиролиз резиновой крошки, полученной из крупногабаритных шин грузового автотранспорта // Журнал прикладной химии. – 2022. – Т. 95, № 6. – С. 787-802. DOI ; РИНЦ )		NOT_KEYWORD_MATCHED	NEEDS_DOI_VERSION_AND_AFFILIATION_REVIEW
2022	194	https://www.itp.nsc.ru/publikacii/2022/2022stati/10.html	Pakhomov M.A., Terekhov V.I. RANS modeling of turbulent flow and heat transfer in a droplet-laden mist flow through a ribbed duct // Water. - 2022. - Vol. 14, iss. 23. - 3829. - 18 p. DOI ; РИНЦ		KEYWORD_CANDIDATE	NEEDS_DOI_VERSION_AND_AFFILIATION_REVIEW
2022	195	https://www.itp.nsc.ru/publikacii/2022/2022stati/10.html	Pakhomov M.A. RANS simulation of flow structure and heat transfer in horizontal bubbly flow in sudden duct expansion // Journal of Engineering Thermophysics. - 2022. - Vol. 31, iss. 3. - P. 429–440. DOI ; РИНЦ		KEYWORD_CANDIDATE	NEEDS_DOI_VERSION_AND_AFFILIATION_REVIEW
2022	196	https://www.itp.nsc.ru/publikacii/2022/2022stati/10.html	Bulgakov A.V., Bulgakova N.M. Recent advances in nanoparticle generation in liquids by lasers: revealing formation mechanisms and tailoring properties // Science China. Physics, Mechanics & Astronomy. – 2022. – Vol. 65, iss. 7. –274207. - 3 p. DOI ; РИНЦ		NOT_KEYWORD_MATCHED	NEEDS_DOI_VERSION_AND_AFFILIATION_REVIEW
2022	197	https://www.itp.nsc.ru/publikacii/2022/2022stati/10.html	Tretyakov P.K., Tupikin A.V. Regimes of kerosene combustion in a constant-section channel with the Mach number M = 1.7 at the channel entrance // Combustion, Explosion, and Shock Waves. - 2022. - Vol. 58, iss.5. - P. 531–535. DOI ; РИНЦ (Третьяков П.К., Тупикин А.В. Режимы горения керосина в канале постоянного сечения при числе Mаха на входе М = 1.7 // Физика горения и взрыва. - 2022. - Т. 58, № 5. - С. 28-32. DOI ; РИНЦ )		NOT_KEYWORD_MATCHED	NEEDS_DOI_VERSION_AND_AFFILIATION_REVIEW
2022	198	https://www.itp.nsc.ru/publikacii/2022/2022stati/10.html	Gorelikov E.Y., Litvinov I.V., Shtork S.I. Regimes of lean premixed combustion of gas fuel in a radial burner // Combustion, Explosion, and Shock Waves. – 2022. – Vol. 58, iss. 5. – P. 521-530. DOI ; РИНЦ (Гореликов Е.Ю., Литвинов И.В., Шторк С.И. Режимы обедненного горения предварительно перемешанного газового топлива в радиальном горелочном устройстве // Физика горения и взрыва. – 2022. – Т. 58, № 5. – C. 18-27. DOI ; РИНЦ )		NOT_KEYWORD_MATCHED	NEEDS_DOI_VERSION_AND_AFFILIATION_REVIEW
2022	199	https://www.itp.nsc.ru/publikacii/2022/2022stati/10.html	Minakov A.V., Pryazhnikov M.I., Simunin M.M., Dobrosmyslov S.S., Kuular A.A., Molokeev M.S., Volochaev M.N., Khartov S.V., Voronin A.S. Rheological properties of colloidal suspensions of alumina nanofibers // Journal of Molecular Liquids. - 2022. - Vol. 367, part A. - 120385. DOI ; РИНЦ		NOT_KEYWORD_MATCHED	NEEDS_DOI_VERSION_AND_AFFILIATION_REVIEW
2022	200	https://www.itp.nsc.ru/publikacii/2022/2022stati/10.html	Chinnov E. A., Semionov V.V. Rivulet interaction on surfaces of heated liquid films // Technical Physics Letters. - 2022. - Vol. 48, iss. 12. - P. 14-17. DOI (Чиннов Е.А., Семионов В.В. Взаимодействие струй на поверхности нагреваемой пленки жидкости // Письма в Журнал технической физики. – 2022. – Т. 48, № 23. – С. 18-21. DOI ; РИНЦ )		KEYWORD_CANDIDATE	NEEDS_DOI_VERSION_AND_AFFILIATION_REVIEW
2022	201	https://www.itp.nsc.ru/publikacii/2022/2022stati/11.html	Zaitsev D.V., Belosludtsev V.V., Tkachenko E.M., Ye Fang, Guo Hang, Cheverda V.V., Kabov O.A. Shear-driven liquid films in a channel under intense local heating: methodology and critical heat flux results // Interfacial Phenomena and Heat Transfer. - 2022. - Vol. 10, iss. 2. - P. 53-65. DO I; РИНЦ		KEYWORD_CANDIDATE	NEEDS_DOI_VERSION_AND_AFFILIATION_REVIEW
2022	202	https://www.itp.nsc.ru/publikacii/2022/2022stati/11.html	Мешкова В.Д., Дектерев А.А., Филимонов С.А., Литвинцев К.Ю. SigmaFlow как инструмент исследования ветрового комфорта в условиях городской среды // Журнал Сибирского федерального университета. Серия: Техника и технологии = Journal of Siberian Federal University. Engineering and Technologies. - 2022. - Т. 15, № 4. - С. 490-504. РИНЦ		NOT_KEYWORD_MATCHED	NEEDS_DOI_VERSION_AND_AFFILIATION_REVIEW
2022	203	https://www.itp.nsc.ru/publikacii/2022/2022stati/11.html	Sleptsov S.D., Savvinova N.A. Simulation of ice melting on a vertical substrate // Thermophysics and Aeromechanics. – 2022. – V. 29, iss. 4. – P. 633-638. DOI ; РИНЦ (Слепцов С.Д., Саввинова Н.А. Моделирование таяния льда на вертикально расположенной подложке // Теплофизика и аэромеханика. – 2022. – Т. 29, №4. – С. 665-670. РИНЦ )		NOT_KEYWORD_MATCHED	NEEDS_DOI_VERSION_AND_AFFILIATION_REVIEW
2022	204	https://www.itp.nsc.ru/publikacii/2022/2022stati/11.html	Nizovtseva I.G., Starodumov I.O., Shchelyaev A.Ye., Aksenov A.A., Zhluktov S.V., Sazonova M.L., Kashinsky O.N., Timkin L.S., Gasenko V.G., Gorelik R.S., Chernushkin D.V., Oshkin I.Yu. Simulation of two-phase air–liquid flows in a closed bioreactor loop: numerical modeling, experiments, and verification // Mathematical Methods in the Applied Sciences. – 2022. – Vol. 45, iss. 13. – P. 8216-8229. DOI ; РИНЦ		NOT_KEYWORD_MATCHED	NEEDS_DOI_VERSION_AND_AFFILIATION_REVIEW
2022	205	https://www.itp.nsc.ru/publikacii/2022/2022stati/11.html	Matskevich N.I., Chernov A.A. Solid body calorimeter with one automatically regulated adiabatic jacket: Influence thermal and operated parameters on heat equivalent // International Journal of Heat and Mass Transfer. – 2022. – Vol. 197. – 123358. DOI ; РИНЦ		NOT_KEYWORD_MATCHED	NEEDS_DOI_VERSION_AND_AFFILIATION_REVIEW
2022	206	https://www.itp.nsc.ru/publikacii/2022/2022stati/11.html	Adamova T.P., Chudnovsky V.M., Elistratov D.S. Spontaneous boiling of submerged jets generated during the collapse of vapor bubbles // Technical Physics Letters. - 2022. - Vol. 48, iss. 1. - P. 16-18. DOI ; РИНЦ (Адамова Т.П., Чудновский В.М., Елистратов Д.С. Самопроизвольное (спонтанное) вскипание затопленных струй, генерируемых при коллапсе паровых пузырьков // Письма в Журнал технической физики. – 2022. – Т. 48, №1. – С. 20-22. DOI ; РИНЦ )		KEYWORD_CANDIDATE	NEEDS_DOI_VERSION_AND_AFFILIATION_REVIEW
2022	207	https://www.itp.nsc.ru/publikacii/2022/2022stati/11.html	Ronshin F.V., Kochkin D.Y., Dementyev Y.A., Eloyan K.S., Vozhakov I.S. Statistical analysis of Taylor bubble formation in a capillary pipe // Technical Physics Letters. - 2022. - Vol. 48, iss. 3. - P. 62-65. DOI ; РИНЦ (Роньшин Ф.В., Кочкин Д.Ю., Дементьев Ю.А., Элоян К.С., Вожаков И.С. Статистический анализ формирования пузыря Тейлора в капиллярной трубке // Письма в Журнал технической физики. – 2022. – Т. 48, № 6. – С. 36-40. DOI ; РИНЦ )		KEYWORD_CANDIDATE	NEEDS_DOI_VERSION_AND_AFFILIATION_REVIEW
2022	208	https://www.itp.nsc.ru/publikacii/2022/2022stati/11.html	Cherdantsev A.V., Zdornikov S.A., Cherdantsev M.V., Isaenkov S.V., Markovich D.M. Stratified-to-annular gas-liquid flow patterns transition in a horizontal pipe // Experimental Thermal and Fluid Science. - 2022. - Vol. 132. - 110552. - 17 p. DOI; WOS, Q; SCOPUS ; РИНЦ		NOT_KEYWORD_MATCHED	NEEDS_DOI_VERSION_AND_AFFILIATION_REVIEW
2022	209	https://www.itp.nsc.ru/publikacii/2022/2022stati/11.html	Fedoseev A.V., Salnikov M.V., Vasiliev M.M., Petrov O.F. Structural properties of a chain of dust particles in a field of external forces // Physical Review E. - 2022. - Vol. 106, iss. 2. - 025204. - 11 p. DOI ; РИНЦ		NOT_KEYWORD_MATCHED	NEEDS_DOI_VERSION_AND_AFFILIATION_REVIEW
2022	210	https://www.itp.nsc.ru/publikacii/2022/2022stati/11.html	Dekhtyar R.A., Ovchinnikov V.V. Study of heat transfer in a monolayer ball packing // Interfacial Phenomena and Heat Transfer. - 2022. - Vol. 10, iss. 4. - P. 19-31. DOI ; РИНЦ		KEYWORD_CANDIDATE	NEEDS_DOI_VERSION_AND_AFFILIATION_REVIEW
2022	211	https://www.itp.nsc.ru/publikacii/2022/2022stati/11.html	Kuznetsov A.V. Study of the processes of joint grinding and ignition of coal with wood raw materials // Journal of Physics: Conference Series. - 2022. - Vol. 2233. - 012017. - 4 p. DOI ; РИНЦ		NOT_KEYWORD_MATCHED	NEEDS_DOI_VERSION_AND_AFFILIATION_REVIEW
2022	212	https://www.itp.nsc.ru/publikacii/2022/2022stati/11.html	Cherdantsev A.V., Sinha A., Hann D.B. Studying the impacts of droplets depositing from the gas core onto a gas-sheared liquid film with stereoscopic BBLIF technique // International Journal of Multiphase Flow. - 2022. - Vol. 150. - 104033. - 24 p. DOI ; WOS, Q; SCOPUS ; РИНЦ		KEYWORD_CANDIDATE	NEEDS_DOI_VERSION_AND_AFFILIATION_REVIEW
2022	213	https://www.itp.nsc.ru/publikacii/2022/2022stati/11.html	Chernetskii M.Y., Butakov E.B. Studying the slagging properties of mechanically activated coals // Thermal Engineering. – 2022. – Vol. 69, iss. 2. – P. 109-113. DOI ; РИНЦ (Чернецкий М.Ю., Бутаков Е.Б. Изучение шлакующих свойств “механоактивированных” углей // Теплоэнергетика. – 2022. - № 2. – С. 42-47. DOI ; РИНЦ )		NOT_KEYWORD_MATCHED	NEEDS_DOI_VERSION_AND_AFFILIATION_REVIEW
2022	214	https://www.itp.nsc.ru/publikacii/2022/2022stati/11.html	Pavlova P.L., Minakov A.V., Platonov D.V., Zhigarev V.A., Guzei D.V. Supercritical fluid application in the oil and gas industry: a comprehensive review // Sustainability. - 2022. - Vol.14, iss. 2. - 698. - 27 p. DOI ; РИНЦ		NOT_KEYWORD_MATCHED	NEEDS_DOI_VERSION_AND_AFFILIATION_REVIEW
2022	215	https://www.itp.nsc.ru/publikacii/2022/2022stati/11.html	Salnikov M.V., Kinzin K.S., Ivaschenko V.A., Naumov I.V., Mullyadzhanov R.I. Swirl flow in a cylindrical container: lattice Boltzmann equations and Navier—Stokes equations // Thermophysics and Aeromechanics. – 2022. – Vol. 29, iss. 4. – P. 531-541. DOI ; РИНЦ (Сальников М.В., Кинзин К.С., Иващенко В.А., Наумов И.В., Мулляджанов Р.И. Закрученное течение в цилиндрическом контейнере: решеточные уравнения Больцмана и уравнения Навье–Стокса // Теплофизика и аэромеханика. – 2022. – Т. 29, № 4. – С. 561-572. РИНЦ )		NOT_KEYWORD_MATCHED	NEEDS_DOI_VERSION_AND_AFFILIATION_REVIEW
2022	216	https://www.itp.nsc.ru/publikacii/2022/2022stati/11.html	Geshev P.I. Symmetry of coupling matrix between forces and flows for stratified turbulent flow in channel with arbitrarily shaped cross section // Interfacial Phenomena and Heat Transfer. – 2022. – Vol. 10, iss. 4. – P. 45–56. DOI ; РИНЦ		KEYWORD_CANDIDATE	NEEDS_DOI_VERSION_AND_AFFILIATION_REVIEW
2022	217	https://www.itp.nsc.ru/publikacii/2022/2022stati/11.html	Minakov A.V., Pryazhnikov M.I., Mikhienkova E.I., Voronenkova Y.O. Systematic experimental study of the temperature dependence of viscosity and rheological behavior of water-based drilling fluids with nano-additives // Petroleum Available online. - 2022. - 11 p. DOI ; РИНЦ		NOT_KEYWORD_MATCHED	NEEDS_DOI_VERSION_AND_AFFILIATION_REVIEW
2022	218	https://www.itp.nsc.ru/publikacii/2022/2022stati/11.html	Tolstoguzov R.V., Chikishev L.M. Temperature field measurements between a Bunsen flame and flat a cold plate by using PLIF // Journal of Physics: Conference Series. - 2022. - Vol. 2233. - 012014. - 4 p. DOI ; РИНЦ		NOT_KEYWORD_MATCHED	NEEDS_DOI_VERSION_AND_AFFILIATION_REVIEW
2022	219	https://www.itp.nsc.ru/publikacii/2022/2022stati/11.html	Sharaborin D.K., Lobasov A.S., Tolstoguzov R.V., Dulin V.M. Temperature measurement in a bunsen gas–droplet flame of ethanol using OH PLIF // Combustion, Explosion, and Shock Waves. - 2022. - Vol. 58, iss. 5. - P. 507–515. DO I; РИНЦ		NOT_KEYWORD_MATCHED	NEEDS_DOI_VERSION_AND_AFFILIATION_REVIEW
2022	220	https://www.itp.nsc.ru/publikacii/2022/2022stati/11.html	Zaitsev D.V., Belosludtsev V.V., Ribatski G., Kabov O.A. The effect of channel height on flow boiling heat transfer and chf in flat minichannels with local heating // Interfacial Phenomena and Heat Transfer. - 2022. - Vol. 10, iss. 3. - P. 1-14. DOI ; РИНЦ		KEYWORD_CANDIDATE	NEEDS_DOI_VERSION_AND_AFFILIATION_REVIEW
2022	221	https://www.itp.nsc.ru/publikacii/2022/2022stati/12.html	Misyura S.Y., Andryushchenko V.A., Morozov V.S.,Smovzh D.V. The effect of textured surface on graphene wettability and droplet evaporation // Journal of Materials Science. – 2022. – Vol. 57, iss. 3. – P. 1850–1862. DOI ; РИНЦ		KEYWORD_CANDIDATE	NEEDS_DOI_VERSION_AND_AFFILIATION_REVIEW
2022	222	https://www.itp.nsc.ru/publikacii/2022/2022stati/12.html	Gigola T.G., Cheverda V.V. The heat transfer dynamics during dry patch formation in heated liquid layer // Journal of Physics: Conference Series. - 2022. - Vol. 2211. - 012010. - 4 p. DOI ; РИНЦ		KEYWORD_CANDIDATE	NEEDS_DOI_VERSION_AND_AFFILIATION_REVIEW
2022	223	https://www.itp.nsc.ru/publikacii/2022/2022stati/12.html	Lobasov A.S., Minakov A.V. The investigation of the average diameter of the SiO 2 nanoparticles effect on the oil displacing efficiency from the pore in the rock formation using nanosuspension as a displacing agent // Journal of Physics: Conference Series. - 2022. - Vol. 2150. - 012025. - 6 p. DOI ; РИНЦ		NOT_KEYWORD_MATCHED	NEEDS_DOI_VERSION_AND_AFFILIATION_REVIEW
2022	224	https://www.itp.nsc.ru/publikacii/2022/2022stati/12.html	Lobasov A. S., Minakov A. V. The investigation of the hydrodynamic drag of a slit microchannel with a textured wall // Technical Physics Letters. - 2022. - Vol. 48, iss. 1. - P. 13-15. DOI ; РИНЦ (Лобасов А.С., Минаков А.В. Исследование гидродинамического сопротивления щелевого микроканала с текстурированной стенкой // Письма в Журнал технической физики. - 2022. - Т. 48, № 1. - С. 16-19. DOI ; РИНЦ )		KEYWORD_CANDIDATE	NEEDS_DOI_VERSION_AND_AFFILIATION_REVIEW
2022	225	https://www.itp.nsc.ru/publikacii/2022/2022stati/12.html	Lobasov A.S., Minakov A.V., Rudyak V.Y. The investigation of the velocity slip and the temperature jump effect on the heat transfer characteristics in a microchannel // Case Studies in Thermal Engineering. - 2022. - Vol. 31. - 101791. DOI ; РИНЦ		KEYWORD_CANDIDATE	NEEDS_DOI_VERSION_AND_AFFILIATION_REVIEW
2022	226	https://www.itp.nsc.ru/publikacii/2022/2022stati/12.html	Sielaff A., Mangini D., Kabov O., Raza M.Q., Garivalis A.I., Zupančič M., Dehaeck S., Evgenidis S., Jacobsi C., Hoof D. Van, Oikonomidou O., Zabulisj X., Karamaounas М., Bender A., Ronshin F., Schinnerl M., Sebilleau J., Colin C., Marco P. Di, Karapantsios T., GolobičI., Rednikov A., Colinet P., Stephan P., Tadrist L. The multiscale boiling investigation on-board the International Space Station: an overview // Applied Thermal Engineering. – 2022. – Vol. 205. – 117932. - 23 p. DOI ; РИНЦ		KEYWORD_CANDIDATE	NEEDS_DOI_VERSION_AND_AFFILIATION_REVIEW
2022	227	https://www.itp.nsc.ru/publikacii/2022/2022stati/12.html	Aktershev S.P., Alekseenko S.V., Tsvelodub O.Y. Theoretical modeling of fluid dynamics and heat transfer in wavy liquid films under complex flow conditions (review) // Thermophysics and Aeromechanics. - 2022. - Vol. 29, iss. 1. - P. 1-34. DOI ; РИНЦ (Актершев С.П., Алексеенко С.В., Цвелодуб О.Ю. Теоретическое моделирование гидродинамики и теплопереноса в волновых пленках жидкости при сложных условиях течения // Теплофизика и аэромеханика. – 2022. – Т. 29, № 1. – C. 1-36. РИНЦ )		KEYWORD_CANDIDATE	NEEDS_DOI_VERSION_AND_AFFILIATION_REVIEW
2022	228	https://www.itp.nsc.ru/publikacii/2022/2022stati/12.html	Redkin A., Il’ina E., Pershina S., Mushnikov P., Stankus S., Agazhanov A., Zaikov Yu., Kholkina A., Artamonov A. Thermal properties of Li 2 BeF 4 near melting point // Thermo. - 2022. - Vol. 2, iss. 3. - P. 107-115. DOI ; РИНЦ		NOT_KEYWORD_MATCHED	NEEDS_DOI_VERSION_AND_AFFILIATION_REVIEW
2022	229	https://www.itp.nsc.ru/publikacii/2022/2022stati/12.html	Ponomareva T.V., Ponomarev E.I., Litvintsev K.Y., Finnikov K.A., Yakimov N.D. Thermal state of disturbed soils in the permafrost zone of Siberia according the remote data and numerical simulation // Computational Technologies. - 2022. - Vol. 27, iss. 3. - P. 16-35 (Пономарёва Т.В., Пономарёв Е.И., Литвинцев К.Ю., Финников К.А., Якимов Н.Д. Тепловое состояние нарушенных почв в криолитозоне Сибири на основе дистанционных данных и численного моделирования // Вычислительные технологии. – 2022. – Т. 27, № 3. – C. 16-35. DOI ; РИНЦ )		NOT_KEYWORD_MATCHED	NEEDS_DOI_VERSION_AND_AFFILIATION_REVIEW
2022	230	https://www.itp.nsc.ru/publikacii/2022/2022stati/12.html	Boyko E.V., Kostogrud I.A., Pilnik A.A., Smovzh D.V. Thermoacoustics and temperature distribution on the surface of a polymer-graphene composite // International Journal of Thermophysics. – 2022. – Vol. 43, iss. 2. - 29. - 10 p. DOI ; РИНЦ		NOT_KEYWORD_MATCHED	NEEDS_DOI_VERSION_AND_AFFILIATION_REVIEW
2022	231	https://www.itp.nsc.ru/publikacii/2022/2022stati/12.html	Matskevich N.I., Semerikova A.N., Samoshkin D.A., Stankus S.V., Zaitsev V.P., Fedorov A.A. Thermodynamic characteristics of bismuth, gadolinium, neodymium, and cobalt oxide compounds // Russian Journal of Inorganic Chemistry. – 2022. – Vol. 67, iss. 11. – P. 1813-1817. DOI ; РИНЦ (Мацкевич Н.И., Семерикова А.Н., Самошкин Д.А., Станкус С.В., Зайцев В.П., Федоров А.А. Термодинамические характеристики соединений на основе оксидов висмута, гадолиния, неодима и кобальта // Журнал неорганической химии. – 2022. – Т. 67, № 11. – С. 1626-1631. РИНЦ )		NOT_KEYWORD_MATCHED	NEEDS_DOI_VERSION_AND_AFFILIATION_REVIEW
2022	232	https://www.itp.nsc.ru/publikacii/2022/2022stati/12.html	Nemirovskii S.K. Thermodynamic equilibrium vortices in counterflowing superfluid: calculation of partition function // Journal of Low Temperature Physics. – 2022. – Vol. 208. – P. 386–393. DOI ; РИНЦ		NOT_KEYWORD_MATCHED	NEEDS_DOI_VERSION_AND_AFFILIATION_REVIEW
2022	233	https://www.itp.nsc.ru/publikacii/2022/2022stati/12.html	Matskevich N.I., Shlegel V.N., Samoshkin D.A., Stankus S.V., Zaitsev V.P., Trifonov V.A. Thermodynamic test of Li 2 WO 4 single crystals with low molybdenum doping: enthalpy, interconnections, heat capacity // The Journal of Chemical Thermodynamics. – 2022. – Vol. 165. – 106643. DOI ; РИНЦ		NOT_KEYWORD_MATCHED	NEEDS_DOI_VERSION_AND_AFFILIATION_REVIEW
2022	234	https://www.itp.nsc.ru/publikacii/2022/2022stati/12.html	Sotnikov A.V., Bakovets V.V., Korotaev E.V., Syrokvashin M.M., Agazhanov A.Sh., Pishchur D.P. Thermoelectric properties of SmS@Y 2 O 2 S and Y 2 O 2 S@SmS compounds with a core-shell nanostructure // Chemical Physics Letters. – 2022. – Vol. 809. – 140157. DOI ; РИНЦ		NOT_KEYWORD_MATCHED	NEEDS_DOI_VERSION_AND_AFFILIATION_REVIEW
2022	235	https://www.itp.nsc.ru/publikacii/2022/2022stati/12.html	Abdullaev R.N., Agazhanov A.Sh., Khairulin A.R., Samoshkin D.A., Stankus S.V. Thermophysical properties of magnesium in solid and liquid states // Journal of Engineering Thermophysics. - 2022. - Vol. 31, iss. 3. - P. 384–401. DOI ; РИНЦ		NOT_KEYWORD_MATCHED	NEEDS_DOI_VERSION_AND_AFFILIATION_REVIEW
2022	236	https://www.itp.nsc.ru/publikacii/2022/2022stati/12.html	Agazhanov A.Sh., Abdullaev R.N., Samoshkin D.A., Kozlovskii Yu.M. Thermophysical properties of magnesium-lithium eutectic // Thermophysics and Aeromechanics. – 2022. – Vol. 29, iss. 4. – P. 623-631. DOI ; РИНЦ (Агажанов А.Ш., Абдуллаев Р.Н., Самошкин Д.А., Козловский Ю.М. Теплофизические свойства эвтектического сплава магния с литием // Теплофизика и аэромеханика. – 2022. – Т. 29, № 4. – С. 655-664. РИНЦ )		NOT_KEYWORD_MATCHED	NEEDS_DOI_VERSION_AND_AFFILIATION_REVIEW
2022	237	https://www.itp.nsc.ru/publikacii/2022/2022stati/12.html	Gogonin I.I. Thin-film steam generators of binary geothermal power plants // Refrigeration Technology. – 2022. – Vol. 111, iss. 2. – Р. 99–104. (Гогонин И.И. Тонкопленочные парогенераторы бинарных геотермальных электростанций // Холодильная техника. - 2022. - Т. 111, № 2. - С. 97-104). DOI ; РИНЦ		NOT_KEYWORD_MATCHED	NEEDS_DOI_VERSION_AND_AFFILIATION_REVIEW
2022	238	https://www.itp.nsc.ru/publikacii/2022/2022stati/12.html	Alekseenko S., Anufriev I., Shadrin E. Three-component diagnostics of swirling flow in the model of an improved four-vortex furnace // Thermal Science. - 2022. - Vol. 26, iss. 2. - P. 1937-1944. DOI ; WOS, Q; SCOPUS ; РИНЦ		NOT_KEYWORD_MATCHED	NEEDS_DOI_VERSION_AND_AFFILIATION_REVIEW
2022	239	https://www.itp.nsc.ru/publikacii/2022/2022stati/12.html	Zuev V.O., Dvoynishnikov S.V., Kabardin I.K., Meledin V.G. Three-dimensional geometry measurement system based on the phase triangulation and binary cyclic code methods: the software package for configuration // Measurement Techniques. - 2022. - Vol. 65, iss. 8. - P. 590–596. DOI ; РИНЦ (Зуев В.О., Двойнишников С.В., Кабардин И.К., Меледин В.Г. Система измерения трёхмерной геометрии методами фазовой триангуляции и бинарных кодов грея: программный комплекс для настройки // Измерительная техника. – 2022. – № 8. – С. 46–51. DOI ; РИНЦ )		NOT_KEYWORD_MATCHED	NEEDS_DOI_VERSION_AND_AFFILIATION_REVIEW
2022	240	https://www.itp.nsc.ru/publikacii/2022/2022stati/12.html	Chirkov D., Shcherbakov P., Skorospelov V., Turuk P. Towards numerical simulation of high part load pulsations in Francis turbines // IOP Conference Series: Earth and Environmental Science. - 2022. - Vol. 1079. - 012088. - 10 p. DOI ; РИНЦ		NOT_KEYWORD_MATCHED	NEEDS_DOI_VERSION_AND_AFFILIATION_REVIEW
2022	241	https://www.itp.nsc.ru/publikacii/2022/2022stati/13.html	Somwanshi P.M., Cheverda V.V., Muralidhar K., Khandekar S., Kabov O.A. Understanding vertical coalescence dynamics of liquid drops over a superhydrophobic surface using high-speed orthographic visualization // Experiments in Fluids. – 2022. – Vol. 63, iss. 2. – 47. - 21 p. DOI ; РИНЦ		NOT_KEYWORD_MATCHED	NEEDS_DOI_VERSION_AND_AFFILIATION_REVIEW
2022	242	https://www.itp.nsc.ru/publikacii/2022/2022stati/13.html	Piskunov M., Khomutov N., Semyonova A., Ashikhmin A., Misyura S. Unsteady convective flow of a preheated water-in-oil emulsion droplet impinging on a heated wall // Physics of Fluids. - 2022. - Vol. 34. - 093311. - 68 p. DOI ; РИНЦ		NOT_KEYWORD_MATCHED	NEEDS_DOI_VERSION_AND_AFFILIATION_REVIEW
2022	243	https://www.itp.nsc.ru/publikacii/2022/2022stati/13.html	Kochkin D., Mungalov A., Zaitsev D., Kabov O. Use of the reflective background oriented schlieren technique to measure free surface deformations in a thin liquid layer non-uniformly heated from below // Experimental Thermal and Fluid Science. – 2022. – Vol. 133. - 110576. - 5 p. DOI ; РИНЦ		NOT_KEYWORD_MATCHED	NEEDS_DOI_VERSION_AND_AFFILIATION_REVIEW
2022	244	https://www.itp.nsc.ru/publikacii/2022/2022stati/13.html	Kulik V.M. Viscoelastic properties of silicone rubber with addition of carbon nanotubes // Journal of Applied Mechanics and Technical Physics. - 2022. - Vol. 63, iss. 5. - P. 884–890. DOI ; РИНЦ (Кулик В.М. Вязкоупругие свойства силиконовой резины с добавлением углеродных нанотрубок // Прикладная механика и техническая физика. – 2022. – Т. 63, № 5. – С. 178-184. DOI ; РИНЦ )		NOT_KEYWORD_MATCHED	NEEDS_DOI_VERSION_AND_AFFILIATION_REVIEW
2022	245	https://www.itp.nsc.ru/publikacii/2022/2022stati/13.html	Gatapova E.Ya., Sitnikov V.O., Sharaborin D.K. Visualization of drop and bubble dynamics on a heated sapphire plate by high-speed camera enhanced by stereomicroscope // Journal of Flow Visualization and Image Processing. - 2022. - Vol. 29, iss. 2. - P. 87-103. DOI ; РИНЦ		NOT_KEYWORD_MATCHED	NEEDS_DOI_VERSION_AND_AFFILIATION_REVIEW
2022	246	https://www.itp.nsc.ru/publikacii/2022/2022stati/13.html	Misyura S.Y., Morozov V.S., Egorov R.I. Water evaporation on structured surfaces with different wettability // International Journal of Heat and Mass Transfer. – 2022. – Vol. 192. - 122843. DOI ; РИНЦ		KEYWORD_CANDIDATE	NEEDS_DOI_VERSION_AND_AFFILIATION_REVIEW
2022	247	https://www.itp.nsc.ru/publikacii/2022/2022stati/13.html	Tsvelodub O.Yu., Vozhakov I.S. Waves on the surface of a thin liquid film entrained by a turbulent gas flow in a narrow channel // European Journal of Mechanics-B/Fluids. – 2022. – Vol. 96. – P. 78-89. DOI ; РИНЦ		KEYWORD_CANDIDATE	NEEDS_DOI_VERSION_AND_AFFILIATION_REVIEW
2022	248	https://www.itp.nsc.ru/publikacii/2022/2022stati/13.html	Misyura S.Y., Morozov V.S., Smovzh D.V., Makotchenko V.G., Feoktistov D.V., Orlova E.G., Islamova A.G., Khomyakov M.N., Solnyshkina O.A. Wetting properties of graphene and multilayer graphene deposited on copper: the influence of copper topography // Thin Solid Films. - 2022. - Vol. 755. - 139333. DOI ; РИНЦ		NOT_KEYWORD_MATCHED	NEEDS_DOI_VERSION_AND_AFFILIATION_REVIEW
2022	249	https://www.itp.nsc.ru/publikacii/2022/2022stati/13.html	Горбачева Н.В., Новикова Т.С., Огородников И.А. «Зеленые» города в Сибири: концепции и методы анализа // Развитие территорий. – 2022. – № 2 (28). - C. 44—58. DOI ; РИНЦ		NOT_KEYWORD_MATCHED	NEEDS_DOI_VERSION_AND_AFFILIATION_REVIEW
2022	250	https://www.itp.nsc.ru/publikacii/2022/2022stati/13.html	Двойнишников С.В., Бакакин Г.В., Рахманов В.В., Зуев В.О. Адаптивная статистическая фильтрация данных при расшифровке фазовых изображений в условиях случайных аддитивных помех фотоприемника // Интерэкспо Гео-Сибирь. – 2022. – Т. 8, № 1. – С. 72-79. DOI ; РИНЦ		NOT_KEYWORD_MATCHED	NEEDS_DOI_VERSION_AND_AFFILIATION_REVIEW
2022	251	https://www.itp.nsc.ru/publikacii/2022/2022stati/13.html	Петин Ю.М., Гогонин И.И., Колесников Д.В., Любин А.А. Анализ и предложения по совершенствованию бинарной фреоновой электростанции БЭС–2.5 // Промышленная энергетика. – 2022. – № 7. – С. 39-44. DO I; РИНЦ		NOT_KEYWORD_MATCHED	NEEDS_DOI_VERSION_AND_AFFILIATION_REVIEW
2022	252	https://www.itp.nsc.ru/publikacii/2022/2022stati/13.html	Двойнишников С.В., Куликов Д.В., Меледин В.Г., Главный В.Г. Быстрый алгоритм расшифровки фазовых изображений с произвольным пошаговым сдвигом // Интерэкспо Гео-Сибирь. – 2022. – Т. 8, № 1. – С. 80-85. DOI ; РИНЦ		NOT_KEYWORD_MATCHED	NEEDS_DOI_VERSION_AND_AFFILIATION_REVIEW
2022	253	https://www.itp.nsc.ru/publikacii/2022/2022stati/13.html	Гордиенко М.Р., Яворский Н.И., Правдина М.Х., Какаулин С.В., Кабардин И.К. Визуализация в вихревой трубе Ранка-Хилша с использованием высокоскоростной видеосъемки // Интерэкспо Гео-Сибирь. – 2022. – Т. 8, № 1. – C. 138–144. DOI ; РИНЦ		NOT_KEYWORD_MATCHED	NEEDS_DOI_VERSION_AND_AFFILIATION_REVIEW
2022	254	https://www.itp.nsc.ru/publikacii/2022/2022stati/13.html	Грибанова С.В., Янкова В.Г., Гобызов О.А., Рябов М.Н., Карпова А.С., Кедик С.А., Удянская И.Л., Григорьева В.Ю., Краснюк И.И., Слонская Т.К., Жукова А.А. Изучение и анализ параметров распыления назальных спреев на основе фрамицетина // Вопросы практической педиатрии. – 2022. – Т. 17, № 2. – С. 109-116. DOI ; РИНЦ		NOT_KEYWORD_MATCHED	NEEDS_DOI_VERSION_AND_AFFILIATION_REVIEW
2022	255	https://www.itp.nsc.ru/publikacii/2022/2022stati/13.html	Зуев В.О., Двойнишников С.В., Кабардин И.К., Рахманов В.В. Метод калибровки измерителя на основе фазовой триангуляции для измерений в условиях ограниченного объема с преломлением оптических сигналов // Интерэкспо Гео-Сибирь. – 2022. – Т. 8, № 1. – С. 86-93. DOI ; РИНЦ		NOT_KEYWORD_MATCHED	NEEDS_DOI_VERSION_AND_AFFILIATION_REVIEW
2022	256	https://www.itp.nsc.ru/publikacii/2022/2022stati/13.html	Рахманов В.В., Павлов В.А., Бакакин Г.В., Двойнишников С.В. Метод оптической фильтрации сигналов в трехкомпонентных лазерных доплеровских анемометрах // Интерэкспо Гео-Сибирь. – 2022. – Т. 8, № 1. – С. 99-104. DOI ; РИНЦ		NOT_KEYWORD_MATCHED	NEEDS_DOI_VERSION_AND_AFFILIATION_REVIEW
2022	257	https://www.itp.nsc.ru/publikacii/2022/2022stati/13.html	Низовцев М.И., Летушко В.Н., Стерлягов А.Н. Повышение теплопроводности фазоизменяемого материала графеновыми нанотрубками // Доклады Академии наук высшей школы Российской Федерации. - 2022. - № 4 (57). - С. 50-65. DOI ; РИНЦ		NOT_KEYWORD_MATCHED	NEEDS_DOI_VERSION_AND_AFFILIATION_REVIEW
2022	258	https://www.itp.nsc.ru/publikacii/2022/2022stati/13.html	Константинов В.О., Щукин В.Г., Шарафутдинов Р.Г. Получение поликристаллического кремния из моносилана газоструйным плазмохимическим методом // Прикладная физика. – 2022. – № 2. – С. 45-49. DOI ; РИНЦ		NOT_KEYWORD_MATCHED	NEEDS_DOI_VERSION_AND_AFFILIATION_REVIEW
2022	259	https://www.itp.nsc.ru/publikacii/2022/2022stati/13.html	Гаврилов А.А., Дектерев А.А. Применение PANS модели турбулентности для расчета течения в модельной радиально-осевой гидротурбине Francis 99 // Журнал Сибирского федерального университета. Серия: Техника и технологии = Journal of Siberian Federal University. Engineering and Technologies. - 2022. - Т. 15, № 6. - С. 726-738. РИНЦ		NOT_KEYWORD_MATCHED	NEEDS_DOI_VERSION_AND_AFFILIATION_REVIEW
2022	260	https://www.itp.nsc.ru/publikacii/2022/2022stati/13.html	Зуев В.О., Двойнишников С.В., Кабардин И.К., Меледин В.Г. Программный модуль настройки системы измерения 3D геометрии объектов в аэродинамическом стенде методами фазовой триангуляции // Интерэкспо Гео-Сибирь. – 2022. – Т. 8, № 1. – С. 105-111. DOI ; РИНЦ		NOT_KEYWORD_MATCHED	NEEDS_DOI_VERSION_AND_AFFILIATION_REVIEW
2022	261	https://www.itp.nsc.ru/publikacii/2022/2022stati/14.html	Какаулин С.В., Кабардин И.К., Гордиенко М.Р. Развитие метода лазерной доплеровской анемометрии для верификации численных расчетов при исследовании движения газа в управляемом поворотно-расходящемся потоке // Интерэкспо Гео-Сибирь. – 2022. – Т. 8, № 1. – С. 130–137. DOI ; РИНЦ		NOT_KEYWORD_MATCHED	NEEDS_DOI_VERSION_AND_AFFILIATION_REVIEW
2022	262	https://www.itp.nsc.ru/publikacii/2022/2022stati/14.html	Чергинец О.А., Дворовенко И.В., Богомолов А.Р., Темникова Е.Ю. Разработка метода снижения шлакования пароперегревателя котлов ТП-87 Ново-Кемеровской ТЭЦ при помощи моделирования в Sigma Flame // Международный журнал прикладных и фундаментальных исследований. – 2022. – № 9. – С. 57-62. DOI ; РИНЦ		NOT_KEYWORD_MATCHED	NEEDS_DOI_VERSION_AND_AFFILIATION_REVIEW
2022	263	https://www.itp.nsc.ru/publikacii/2022/2022stati/14.html	Миськив Н.Б., Назаров А.Д., Серов А.Ф., Мамонов В.Н. Расчет конструктивных параметров мультицилиндрового теплового генератора на основе течения Куэтта–Тэйлора // Доклады Академии наук высшей школы Российской Федерации. – 2022. – N4(57). – С. 29-38. DOI ; РИНЦ		NOT_KEYWORD_MATCHED	NEEDS_DOI_VERSION_AND_AFFILIATION_REVIEW
2022	264	https://www.itp.nsc.ru/publikacii/2022/2022stati/14.html	Matskevich N.I., Shlegel V.N., Grigorieva V.D., Samoshkin D.A., Stankus S.V., Semerikova A.N., Kuznetsov V.A., Novikov A.Yu. Сrystal growth and heat capacity of lithium molybdate tungstates // Russian Journal of Inorganic Chemistry. – 2022. – Vol. 67, iss. 10. – P. 1521-1526. DOI (Мацкевич Н.И., Шлегель В.Н., Григорьева В.Д., Самошкин Д.А., Станкус С.В., Семерикова А.Н., Кузнецов В.А., Новиков А.Ю. Рост кристаллов и теплоемкость вольфрамата лития, замещенного молибденом // Журнал неорганической химии. – 2022. – Т. 67, № 10. – С. 1373-1378. DOI ; РИНЦ )		NOT_KEYWORD_MATCHED	NEEDS_DOI_VERSION_AND_AFFILIATION_REVIEW
2022	265	https://www.itp.nsc.ru/publikacii/2022/2022stati/14.html	Огуречников Л.А. Совместное влияние теплофизических свойств теплоносителя R245fa и теплопередающей стенки на процесс кипения // Промышленная энергетика. – 2022. – № 3. – С. 49-55. DOI ; РИНЦ		KEYWORD_CANDIDATE	NEEDS_DOI_VERSION_AND_AFFILIATION_REVIEW
2022	266	https://www.itp.nsc.ru/publikacii/2022/2022stati/14.html	Петров И.Я., Ушаков К.Ю., Осипов А.В., Богомолов А.Р., Трясунов Б.Г. Совместное ожижение угля и отходов резинотехнических изделий // Вестник Кузбасского государственного технического университета. - 2022. - № 5. - С. 4-21. DOI ; РИНЦ		NOT_KEYWORD_MATCHED	NEEDS_DOI_VERSION_AND_AFFILIATION_REVIEW
2022	267	https://www.itp.nsc.ru/publikacii/2022/2022stati/14.html	Бакакин Г.В., Двойнишников С.В., Рахманов В.В., Павлов В.А. Способ изготовления и контроля качества имитаторов топливных урановых таблеток для настройки системы технического зрения контроля дефектов поверхности // Международный научно-исследовательский журнал. – 2022. – №8 (122). - С. 1-6. DOI ; РИНЦ		NOT_KEYWORD_MATCHED	NEEDS_DOI_VERSION_AND_AFFILIATION_REVIEW
2022	268	https://www.itp.nsc.ru/publikacii/2022/2022stati/14.html	Стерлягов А.Н., Низовцев М.И. Сравнительный анализ работы воздушных приточных клапанов в зимний период // Известия высших учебных заведений. Строительство. – 2022. – № 4. – С. 40-49. DOI ; РИНЦ		NOT_KEYWORD_MATCHED	NEEDS_DOI_VERSION_AND_AFFILIATION_REVIEW
2022	269	https://www.itp.nsc.ru/publikacii/2022/2022stati/14.html	Огородников И.А., Бородулин В.Ю., Низовцев М.И. Тепловой баланс дома с солнечным коллектором и аккумулятором тепла для условий Прибайкалья // Известия высших учебных заведений. Строительство. - 2022. - № 12 (768). - С. 49-63. DOI ; РИНЦ		NOT_KEYWORD_MATCHED	NEEDS_DOI_VERSION_AND_AFFILIATION_REVIEW
2022	270	https://www.itp.nsc.ru/publikacii/2022/2022stati/14.html	Бакакин Г.В., Двойнишников С.В., Павлов В.А., Рахманов В.В. Технология изготовления эталонных калибровочных имитаторов топливных таблеток реакторов водо-водяного типа // Интерэкспо Гео-Сибирь. – 2022. – Т. 8, № 1. – С. 94-98. DOI ; РИНЦ		NOT_KEYWORD_MATCHED	NEEDS_DOI_VERSION_AND_AFFILIATION_REVIEW
2022	271	https://www.itp.nsc.ru/publikacii/2022/2022stati/14.html	Гогонин И.И. Тонкопленочные парогенераторы бинарных геотермальных электростанций // Холодильная техника. – 2022. – Т. 111, № 2. – С. 97-104. DOI ; РИНЦ		NOT_KEYWORD_MATCHED	NEEDS_DOI_VERSION_AND_AFFILIATION_REVIEW
2022	272	https://www.itp.nsc.ru/publikacii/2022/2022stati/14.html	Константинов В.О., Щукин В.Г., Шарафутдинов Р.Г. Эффект перекристаллизации при рафинировании металлургического кремния в электронно-пучковой плазме // Прикладная физика. – 2022. – №3. – С. 5-10. РИНЦ		NOT_KEYWORD_MATCHED	NEEDS_DOI_VERSION_AND_AFFILIATION_REVIEW
