year	index_on_site	source_page	bibliography	doi_links	relevance_review_hint	identity_review_state
2023	1	https://www.itp.nsc.ru/publikacii/2023/2023stati.html	Esipov D.V., Kuranakov D.S. 2D CFD-DEM numerical simulation of the sedimentation of circular particles in the rectangular inclined vessel // AIP Conference Proceedings. – 2023. – Vol. 2504. – 030011. DOI		NOT_KEYWORD_MATCHED	NEEDS_DOI_VERSION_AND_AFFILIATION_REVIEW
2023	2	https://www.itp.nsc.ru/publikacii/2023/2023stati.html	Fatkullina N.B., Solnyshkina O.A., Bulatova A.Z., Andryuschenko V.A. 3D simulation of deformable particle dynamics in channel with hydrodynamic traps // St. Petersburg Polytechnic University Journal: Physics and Mathematics. - 2023. - Vol. 16, iss. 1.1. - P. 281-287. DOI ; РИНЦ (Фаткуллина Н.Б., Солнышкина О.А., Булатова А.З., Андрющенко В.А. 3D моделирование динамики деформируемых частиц в канале с гидродинамическими ловушками // Научно-технические ведомости Санкт-Петербургского государственного политехнического университета. Физико-математические науки. - 2023. – Т. 16, № 1.1. – С. 281-287)		NOT_KEYWORD_MATCHED	NEEDS_DOI_VERSION_AND_AFFILIATION_REVIEW
2023	3	https://www.itp.nsc.ru/publikacii/2023/2023stati.html	Chernov V.A., Bataev I.A., Rakshun Ya.V., Khomyakov Yu.V., Gorbachev M.V., Trebushinin A.E., Chkhalo N.I., Krasnorutskiy D.A., Naumkin V.S., Sklyarov A.N., Mezentsev N.A., Korsunsky A.M., Dolbnya I.P. A concept of “materials” diffraction and imaging beamline for SKIF: Siberian circular photon source // Review of Scientific Instruments. - 2023. - Vol. 94, iss. 1. - 013305. - 19 p. DOI ; РИНЦ		NOT_KEYWORD_MATCHED	NEEDS_DOI_VERSION_AND_AFFILIATION_REVIEW
2023	4	https://www.itp.nsc.ru/publikacii/2023/2023stati.html	Dvoynishnikov S.V., Bakakin G.V., Pavlov V.A., Meledin V.G. A fast algorithm for decoding an object image in structured light for measuring a three-dimensional profile in a nonlinear optical path // Measurement Techniques. - 2023. - Vol. 66, iss. 8. - P. 584-592. DOI ; РИНЦ (Двойнишников С.В., Бакакин Г.В., Павлов В.А., Меледин В.Г. Быстрый алгоритм расшифровки изображения объекта в структурированном свете для измерения трёхмерного профиля в условиях нелинейности оптического тракта // Измерительная техника. – 2023. – № 8. – С. 36–41). DOI ; РИНЦ		NOT_KEYWORD_MATCHED	NEEDS_DOI_VERSION_AND_AFFILIATION_REVIEW
2023	5	https://www.itp.nsc.ru/publikacii/2023/2023stati.html	Savitskii A.G., Sharaborin D.K., Dulin V.M., Markovich D.M. A LIF study of the temperature field behind the pilot flame front of a gas turbine type model combustor // Thermal Engineering. - 2023. - Vol. 70, iss. 5. - P. 354–361. DOI ; РИНЦ (Савицкий А.Г., Шараборин Д.К., Дулин В.М., Маркович Д.М. Исследование методом LIF поля температуры за фронтом пламени дежурного факела модельного фронтового устройства газотурбинного типа // Теплоэнергетика. - 2023. - № 5. - С. 40-48). DOI ; РИНЦ		NOT_KEYWORD_MATCHED	NEEDS_DOI_VERSION_AND_AFFILIATION_REVIEW
2023	6	https://www.itp.nsc.ru/publikacii/2023/2023stati.html	Misyura S., Strizhak P., Meleshkin A., Morozov V., Gaidukova O., Shlegel N., Shkola M. A review of gas capture and liquid separation technologies by CO		NOT_KEYWORD_MATCHED	NEEDS_DOI_VERSION_AND_AFFILIATION_REVIEW
2023	7	https://www.itp.nsc.ru/publikacii/2023/2023stati.html	Gavrilov A.A., Dekterev A.A., Shebelev A.V. A simple criterion for estimating the grid level of detail for RANS methods // Computational Mathematics and Mathematical Physics. - 2023. - Vol. 63, iss. 4. - P. 505-518. DOI ; РИНЦ (Гаврилов А.А., Дектерев А.А., Шебелев А.В. Простой критерий оценки сеточной детализации для RANS методов // Журнал вычислительной математики и математической физики. - 2023. - Т. 63, № 4. - С. 533-547) DOI ; РИНЦ		NOT_KEYWORD_MATCHED	NEEDS_DOI_VERSION_AND_AFFILIATION_REVIEW
2023	8	https://www.itp.nsc.ru/publikacii/2023/2023stati.html	Litvinov I., Suslov D., Tsoy M., Gorelikov E., Shtork S., Alekseenko S., Oberleithner K. Active control of the vortex induced pressure fluctuations in a hydro turbine model via axial and radial jets at the crown tip // International Journal of Fluid Machinery and Systems. – 2023. – Vol. 16, iss. 4. – P. 320–331. DOI ; РИНЦ		NOT_KEYWORD_MATCHED	NEEDS_DOI_VERSION_AND_AFFILIATION_REVIEW
2023	9	https://www.itp.nsc.ru/publikacii/2023/2023stati.html	Dvoynishnikov S.V., Bakakin G.V., Zuev V.O., Meledin V.G. Adaptive data processing algorithm in problems of measuring three-dimensional geometry by phase triangulation methods under additive noise in the photodetector // Journal of Applied and Industrial Mathematics. - 2023. - Vol. 17, iss. 1. - P. 58–63. DOI ; РИНЦ (Двойнишников С.В., Бакакин Г.В., Зуев В.О., Меледин В.Г. Адаптивный алгоритм обработки данных в условиях аддитивных помех фотоприёмника в задачах измерения трёхмерной геометрии методами фазовой триангуляции // Сибирский журнал индустриальной математики. - 2023. - Т. 26, № 1 (93). - С. 47-54). РИНЦ		NOT_KEYWORD_MATCHED	NEEDS_DOI_VERSION_AND_AFFILIATION_REVIEW
2023	10	https://www.itp.nsc.ru/publikacii/2023/2023stati.html	Carrat J.B., Gavrilov N., Cherdantsev A., Shmakova N., Ermanyuk E. Air entrapment at impact of a conus onto a liquid // Journal of Fluid Mechanics. - 2023. - Vol. 966. - R1. DOI ; РИНЦ		NOT_KEYWORD_MATCHED	NEEDS_DOI_VERSION_AND_AFFILIATION_REVIEW
2023	11	https://www.itp.nsc.ru/publikacii/2023/2023stati.html	Dvoynishnikov S.V. , Kulikov D.V. , Meledin V.G. , Rakhmanov V.V. Algorithm for interpretation of phase images for measuring the three-dimensional geometry of dynamic objects // Journal of Applied and Industrial Mathematics. - 2023. - Vol.17, iss. 2. - P. 291–295. DOI (Двойнишников С.В., Куликов Д.В., Меледин В.Г., Рахманов В.В. Алгоритм расшифровки фазовых изображений для измерения трёхмерной геометрии динамичных объектов // Сибирский журнал индустриальной математики. – 2023. – Т. 26, № 2. – C. 53–59). РИНЦ		NOT_KEYWORD_MATCHED	NEEDS_DOI_VERSION_AND_AFFILIATION_REVIEW
2023	12	https://www.itp.nsc.ru/publikacii/2023/2023stati.html	Dementyev Yu.A., Chinnov E.A., Ronshin F.V., Evstrapov A.A., Gusev V.S., Karpich S.S., Kabov O.A. An experimental investigation of two-phase gas-liquid flow patterns in extremely small gap microchannel // Interfacial Phenomena and Heat Transfer. – 2023. – Vol. 11, iss. 2. – P. 123-133. DOI ; РИНЦ		KEYWORD_CANDIDATE	NEEDS_DOI_VERSION_AND_AFFILIATION_REVIEW
2023	13	https://www.itp.nsc.ru/publikacii/2023/2023stati.html	Geshev P.I. An integral model for turbulent wave liquid film // Thermophysics and Aeromechanics. - 2023. - Vol. 30, iss. 2. - P. 293–304. DOI ; РИНЦ (Гешев П.И. Интегральная модель для турбулентно-волновой пленки жидкости // Теплофизика и аэромеханика. - 2023. - Т. 30, № 2. - С. 309-320). РИНЦ		KEYWORD_CANDIDATE	NEEDS_DOI_VERSION_AND_AFFILIATION_REVIEW
2023	14	https://www.itp.nsc.ru/publikacii/2023/2023stati.html	Shtork S., Suslov D., Skripkin S., Litvinov I., Gorelikov E. An overview of active control techniques for vortex rope mitigation in hydraulic turbines // Energies. – 2023. – Vol. 16, iss. 13. – 5131. - 31 p. DOI ; РИНЦ		NOT_KEYWORD_MATCHED	NEEDS_DOI_VERSION_AND_AFFILIATION_REVIEW
2023	15	https://www.itp.nsc.ru/publikacii/2023/2023stati.html	Arkhipov V. A., Glazunov A.A., Zolotorev N.N., Kozlov E.A., Korotkikh A.G., Kuznetsov V. T., Trushlyakov V.I. Analyzing the possibility of burning the launcher nose fairing elements // Combustion, Explosion, and Shock Waves. - 2023. - Vol. 59, iss. 5. - P. 22–32. DOI (Архипов В.А., Глазунов А.А., Золоторёв Н.Н., Козлов Е.А., Коротких А.Г., Кузнецов В.Т., Трушляков В.И. Анализ возможности сжигания элементов головного обтекателя ракеты-носителя // Физика горения и взрыва. - 2023. - Т. 59, № 5. - С. 22-32. DOI ; РИНЦ )		NOT_KEYWORD_MATCHED	NEEDS_DOI_VERSION_AND_AFFILIATION_REVIEW
2023	16	https://www.itp.nsc.ru/publikacii/2023/2023stati.html	Dulin V., Cherdantsev A., Volkov R., Markovich D. Application of planar laser-induced fluorescence for interfacial transfer phenomena // Energies. - 2023. - Vol. 16, iss.4. - 1877. - 27 p. DOI ; РИНЦ		NOT_KEYWORD_MATCHED	NEEDS_DOI_VERSION_AND_AFFILIATION_REVIEW
2023	17	https://www.itp.nsc.ru/publikacii/2023/2023stati.html	Ustimenko A.S., Litvinov I.V., Sonin V.I. , Shtork S.I. , Kuibin P. A. , Semenova A.V. Approach to the laboratory modeling of the flow velocity distribution behind a hydro-turbine runner. 1. Design of swirler vanes // Journal of Applied Mechanics and Technical Physics. - 2023. - Vol. 64, iss. 1. - P. 64–72. DOI ; РИНЦ (Устименко А.С., Литвинов И.В., Сонин В.И., Шторк С.И., Куйбин П.А., Семенова А.В. Подход к лабораторному моделированию распределения скорости за рабочим колесом гидротурбины. 1. Проектирование лопаток завихрителей // Прикладная механика и техническая физика. - 2023. - Т. 64, № 1 (377). - С. 76-85) DOI ; РИНЦ		NOT_KEYWORD_MATCHED	NEEDS_DOI_VERSION_AND_AFFILIATION_REVIEW
2023	18	https://www.itp.nsc.ru/publikacii/2023/2023stati.html	Ustimenko A.S., Litvinov I.V., Sonin V.I. , Shtork S.I. , Kuibin P. A. , Semenova A.V. Approach to the laboratory modeling of the velocity distribution behind a hydro-turbine runner. 2. Verification of the method // Journal of Applied Mechanics and Technical Physics. - 2023. - Vol. 64, iss. 2. - P. 190–197. DOI ; РИНЦ (Устименко А.С., Литвинов И.В., Сонин В.И., Шторк С.И., Куйбин П.А., Семенова А.В. Подход к лабораторному моделированию распределения скорости за рабочим колесом гидротурбины. 2. Верификация метода // Прикладная механика и техническая физика. - 2023. - Т. 64, № 2 (378). - С. 18-26) DOI ; РИНЦ		NOT_KEYWORD_MATCHED	NEEDS_DOI_VERSION_AND_AFFILIATION_REVIEW
2023	19	https://www.itp.nsc.ru/publikacii/2023/2023stati.html	Zaikovsky A., Leonov N., Ukhina A. Arc discharge sputtering of NiO-C electrodes: Structure and magnetic properties of synthesized materials // Journal of Nanoparticle Research. - 2023. - Vol. 25. - 252. DOI ; РИНЦ		NOT_KEYWORD_MATCHED	NEEDS_DOI_VERSION_AND_AFFILIATION_REVIEW
2023	20	https://www.itp.nsc.ru/publikacii/2023/2023stati.html	Samokhvalov F.A., Smirnov N.I., Rodionov A.A., Zamchiy A.O., Baranov E.A., Shukhov Yu.G., Fedotov A.S., Starinskiy S.V. Au-induced crystallization of non-stoichiometric amorphous silicon oxide initiated by nanosecond laser pulses // Thermophysics and Aeromechanics. – 2023. – Vol. 30, iss. 2. – P. 361–365. DOI ; РИНЦ (Самохвалов Ф.А., Смирнов Н.И., Родионов А.А., Замчий А.О., Баранов Е.А., Шухов Ю.Г., Федотов А.С., Старинский С.В. Золото-индуцированная кристаллизация аморфного нестехиометрического оксида кремния, инициированная наносекундными лазерными импульсами // Теплофизика и аэромеханика. – 2023. – Т. 30, № 2. – С. 381–385). РИНЦ		NOT_KEYWORD_MATCHED	NEEDS_DOI_VERSION_AND_AFFILIATION_REVIEW
2023	21	https://www.itp.nsc.ru/publikacii/2023/2023stati/2.html	Zaripov D., Li R., Lukyanov A., Skrypnik A., Ivashchenko E., Mullyadzhanov R., Markovich D. Backflow phenomenon in converging and diverging channels // Experiments in Fluids. – 2023. – Vol. 64, iss. 1. - 9. - 11 p. DOI ; РИНЦ		NOT_KEYWORD_MATCHED	NEEDS_DOI_VERSION_AND_AFFILIATION_REVIEW
2023	22	https://www.itp.nsc.ru/publikacii/2023/2023stati/2.html	Kuznetsov V.V., Shamirzaev A.S. Boiling heat transfer with freon r-21 in vertical downflow for assembly of minichannels with inclined texture // Journal of Engineering Thermophysics. – 2023. – Vol. 32, iss. 3. – P. 455–461. DOI ; РИНЦ		KEYWORD_CANDIDATE	NEEDS_DOI_VERSION_AND_AFFILIATION_REVIEW
2023	23	https://www.itp.nsc.ru/publikacii/2023/2023stati/2.html	Pavlenko A.N. Boiling in high temperature publications: from basic mechanisms to development of flow control methods for enhancement of heat transfer // High Temperature. - 2023. - Vol. 61, iss. 6. - P. 742-758. DOI ; РИНЦ (Павленко А.Н. Кипение в публикациях ТВТ: от базовых механизмов к разработке методов управления потоками для интенсификации теплообмена // Теплофизика высоких температур. – 2023. – Т. 61, № 6 . – С. 807-824. DOI ; РИНЦ )		KEYWORD_CANDIDATE	NEEDS_DOI_VERSION_AND_AFFILIATION_REVIEW
2023	24	https://www.itp.nsc.ru/publikacii/2023/2023stati/2.html	Olivares A. J., Zamchiy A., Nguyen V.S., Cabarrocas P.R. Boron activation in silicon thin films grown by PECVD under epitaxial and microcrystalline conditions // Applied Surface Science Advances. – 2023. – Vol 18. – 100508. - 6 p. DOI ; РИНЦ		NOT_KEYWORD_MATCHED	NEEDS_DOI_VERSION_AND_AFFILIATION_REVIEW
2023	25	https://www.itp.nsc.ru/publikacii/2023/2023stati/2.html	Agafontsev D.S., Gelash A.A., Mullyadzhanov R.I., Zakharov V.E. Bound-state soliton gas as a limit of adiabatically growing integrable turbulence // Chaos, Solitons & Fractals. – 2023. – Vol. 166. – 112951. - 22 p. DOI ; РИНЦ		NOT_KEYWORD_MATCHED	NEEDS_DOI_VERSION_AND_AFFILIATION_REVIEW
2023	26	https://www.itp.nsc.ru/publikacii/2023/2023stati/2.html	Pukhovoy M.V., Zolotarev K.V., Vinokurov V.V., Vinokurov V.A., Finnikov K.A., Bykovskaya E.F., Kabov O.A. Calculation of cooling systems for cvd-diamond filters of the siberian ring photon source // Interfacial Phenomena and Heat Transfer. – 2023. – Vol. 11, iss. 2. – P. 81–93. DOI ; РИНЦ		KEYWORD_CANDIDATE	NEEDS_DOI_VERSION_AND_AFFILIATION_REVIEW
2023	27	https://www.itp.nsc.ru/publikacii/2023/2023stati/2.html	Trifonov Yu.Ya. Calculation of the linear stability of fluid flow in a plane channel with transversely corrugated walls // Fluid Dynamics. - 2023. - Vol. 58, iss. 5. - P. 873-881. DOI ; РИНЦ (Трифонов Ю.Я. Расчет линейной устойчивости течения жидкости в плоском канале с волнистыми поперек потока стенками // Известия Российской академии наук. Механика жидкости и газа. - 2023. - Т. 58, № 5. - С. 47-56. DOI ; РИНЦ )		NOT_KEYWORD_MATCHED	NEEDS_DOI_VERSION_AND_AFFILIATION_REVIEW
2023	28	https://www.itp.nsc.ru/publikacii/2023/2023stati/2.html	Bezverkhii P.P., Dutova O.S. Calculation of the thermodynamic properties of methane up to 30 MPa using a new low-constant equation of state with regular and scale parts and few constants // High Temperature. – 2023. - Vol. 61, iss. 3. - P. 328–338. DOI ; РИНЦ (Безверхий П.П., Дутова О.С. Расчет термодинамических свойств метана до 30 МПа по новому малоконстантному уравнению состояния с регулярной и масштабной частями // Теплофизика высоких температур. – 2023. – Т. 61, № 3. – С. 358–369). DOI ; РИНЦ		NOT_KEYWORD_MATCHED	NEEDS_DOI_VERSION_AND_AFFILIATION_REVIEW
2023	29	https://www.itp.nsc.ru/publikacii/2023/2023stati/2.html	Abdullaev R.N., Khairulin A.R., Agazhanov A.S. Caloric properties of the Mg 2 Ca intermetallic compound in solid and liquid states // Thermophysics and Aeromechanics. - 2023. - Vol. 30, iss. 3. - P. 553–556. DOI ; РИНЦ (Абдуллаев Р.Н., Хайрулин А.Р., Агажанов А.Ш. Калорические свойства интерметаллического соединения Mg 2 Ca в твердом и жидком состояниях // Теплофизика и аэромеханика. - 2023. - Т. 30, № 3. - С. 587-590) РИНЦ		NOT_KEYWORD_MATCHED	NEEDS_DOI_VERSION_AND_AFFILIATION_REVIEW
2023	30	https://www.itp.nsc.ru/publikacii/2023/2023stati/2.html	Naumov I.V., Skrypkin S.G., Kvon A.Z., Shtern V.N. Changing interface conditions in a two-fluid rotating flow // Physics of Fluids. – 2023. – Vol. 35, iss. 3. – 031705. - 6 p. DOI ; РИНЦ		NOT_KEYWORD_MATCHED	NEEDS_DOI_VERSION_AND_AFFILIATION_REVIEW
2023	31	https://www.itp.nsc.ru/publikacii/2023/2023stati/2.html	Gaidukova O.S., Dorokhov V.V., Misyura S .Ya., Morozov V.S., Shlegel N.E., Strizhak P.A. Co-combustion of methane hydrate and conventional fuels // Fuel. – 2023. – Vol. 344. – 128046. DOI ; РИНЦ		NOT_KEYWORD_MATCHED	NEEDS_DOI_VERSION_AND_AFFILIATION_REVIEW
2023	32	https://www.itp.nsc.ru/publikacii/2023/2023stati/2.html	Matveeva A.G., Patrakov Yu F., Sechin A.I., Plyusnin P.E., Kuznetsov A.V., Podgorbunskikh E.M., Bukhtoyarov V.A., Bychkov A.L., Lomovsky O.I., Lomovsky I.O. Co-milling as a synergy factor for co-firing. A case study of wood/coal blends // Carbon Resources Conversion. – 2023. – Vol. 6, iss. 1. – P. 51-57. DOI ; РИНЦ		NOT_KEYWORD_MATCHED	NEEDS_DOI_VERSION_AND_AFFILIATION_REVIEW
2023	33	https://www.itp.nsc.ru/publikacii/2023/2023stati/2.html	Sadkin I., Mukhina M., Shadrin E., Kopyev E. Combined combustion of pulverized coal and liquid fuel in a low-power vortex burner // Thermal Science. – 2023. – Vol. 27, iss. 5A. – P. 3735–3743. DOI ; РИНЦ		NOT_KEYWORD_MATCHED	NEEDS_DOI_VERSION_AND_AFFILIATION_REVIEW
2023	34	https://www.itp.nsc.ru/publikacii/2023/2023stati/2.html	Volodin O., Pecherkin N., Pavlenko A. Combining microstructured surface and mesh covering for heat transfer enhancement in falling films of refrigerant mixture // Energies. - 2023. - Vol. 16, iss. 2. - 782. - 17 p. DOI ; РИНЦ		KEYWORD_CANDIDATE	NEEDS_DOI_VERSION_AND_AFFILIATION_REVIEW
2023	35	https://www.itp.nsc.ru/publikacii/2023/2023stati/2.html	Misyura S., Morozov V., Donskoy I., Shlegel N., Dorokhov V. Combustion of liquid fuels in the presence of CO 2 hydrate powder // Fire. – 2023. – Vol. 6, iss. 8. - 318. - 25 p. DOI ; РИНЦ		NOT_KEYWORD_MATCHED	NEEDS_DOI_VERSION_AND_AFFILIATION_REVIEW
2023	36	https://www.itp.nsc.ru/publikacii/2023/2023stati/2.html	Anufriev I.S, Kopyev E.P, Sadkin I.S, Mukhina M.A, Minakov A.V, Kuznetsov V.A. Combustion of n-heptane with steam injection in a laboratory spray burner // Thermophysics and Aeromechanics. - 2023. - Vol. 30, iss. 2. - P. 249–262. DOI ; РИНЦ (Ануфриев И.С., Копьев Е.П., Садкин И.С., Мухина М.А., Минаков А.В., Кузнецов В.А. Горение н-гептана со впрыском пара в лабораторной распылительной горелке // Теплофизика и аэромеханика. - 2023. - Т. 30, № 2. - С. 263-276) РИНЦ		KEYWORD_CANDIDATE	NEEDS_DOI_VERSION_AND_AFFILIATION_REVIEW
2023	37	https://www.itp.nsc.ru/publikacii/2023/2023stati/2.html	Kopyev E.P., Sadkin I.S., Mukhina M.A., Shadrin E.Yu., Anufriev I.S. Combustion of the diesel fuel atomized with superheated steam under conditions of a closed combustion chamber // Combustion, Explosion, and Shock Waves. - 2023. - Vol. 59, iss. 4. - P. 488–496. DOI ; РИНЦ (Копьев Е.П., Садкин И.С., Мухина М.А., Шадрин Е.Ю., Ануфриев И.С. Исследование горения дизельного топлива при его распылении перегретым водяным паром в условиях закрытой камеры сгорания // Физика горения и взрыва. - 2023. - Т. 59, № 4. - С. 102–110) DOI ; РИНЦ		NOT_KEYWORD_MATCHED	NEEDS_DOI_VERSION_AND_AFFILIATION_REVIEW
2023	38	https://www.itp.nsc.ru/publikacii/2023/2023stati/2.html	Nemirovskii S.K. Comment on “Superfluid Rayleigh–Plesset extension of FLRW cosmology” // Annals of Physics. - 2023. - Vol. 455. - 169363. DOI ; РИНЦ		NOT_KEYWORD_MATCHED	NEEDS_DOI_VERSION_AND_AFFILIATION_REVIEW
2023	39	https://www.itp.nsc.ru/publikacii/2023/2023stati/2.html	Minakov A.V., Kuznetsov V.A., Dekterev A.A., Anufriev I.S., Kopyev E.P., Alekseenko S.V. Comparative analysis of numerical methods for simulating n-heptane combustion with steam additive // Energies. – 2023. – Vol. 16, iss. 1. - 25. - 25 p. DOI ; РИНЦ		NOT_KEYWORD_MATCHED	NEEDS_DOI_VERSION_AND_AFFILIATION_REVIEW
2023	40	https://www.itp.nsc.ru/publikacii/2023/2023stati/2.html	Gaidukova O., Morozov V., Volkov R., Strizhak P. Containment and suppression of class a fires using CO 2 hydrate // Fire. – 2023. – Vol. 6, iss. 3. - 82. - 30 p. DOI ; РИНЦ		NOT_KEYWORD_MATCHED	NEEDS_DOI_VERSION_AND_AFFILIATION_REVIEW
2023	41	https://www.itp.nsc.ru/publikacii/2023/2023stati/3.html	Yurkov A.S, Yudin P.V. Continuum model for converse flexoelectricity in a thin plate // International Journal of Engineering Science. – Vol. 182. – 103771. DOI ; РИНЦ		NOT_KEYWORD_MATCHED	NEEDS_DOI_VERSION_AND_AFFILIATION_REVIEW
2023	42	https://www.itp.nsc.ru/publikacii/2023/2023stati/3.html	Misyura S.Y., Strizhak P.A., Volkov R.S., Morozov V.S. Convection in the liquid at droplet squeezing out of the capillary // International Journal of Heat and Mass Transfer. – 2023. – Vol. 200. – 123524. DOI ; РИНЦ		KEYWORD_CANDIDATE	NEEDS_DOI_VERSION_AND_AFFILIATION_REVIEW
2023	43	https://www.itp.nsc.ru/publikacii/2023/2023stati/3.html	Glezer V.V. Corrosion of aluminum-magnesium alloy from a drop of salt solution // AIP Conference Proceedings. – 2023. – Vol. 2911, iss. 1. – 020004. DOI ; РИНЦ		NOT_KEYWORD_MATCHED	NEEDS_DOI_VERSION_AND_AFFILIATION_REVIEW
2023	44	https://www.itp.nsc.ru/publikacii/2023/2023stati/3.html	Yarygin I.V., Yarygin V.N., Prikhodko V.G., Fedoseev A.V., Maltsev V.A., Novopashin S.A. Coulomb explosion of powders under fast pressure decrease // Vacuum. – 2023. – Vol. 211. – 111973. DOI ; РИНЦ		NOT_KEYWORD_MATCHED	NEEDS_DOI_VERSION_AND_AFFILIATION_REVIEW
2023	45	https://www.itp.nsc.ru/publikacii/2023/2023stati/3.html	Bezverkhii P.P., Dutova O.S. Crossover equation of methane state for calculation of heat capacity in regular and critical state regions up to 30 MPa // Thermophysics and Aeromechanics. - 2023. - Vol. 30, iss. 1. - P. 137–151. DOI ; РИНЦ (Безверхий П.П., Дутова О.С. Кроссоверное уравнение состояния метана для расчета теплоемкостей кроссоверное уравнение состояния метана для расчета теплоемкостей и скорости звука в регулярной и критической областях состояния до 30 МПа // Теплофизика и аэромеханика. - 2023. - Т. 30, № 1. - С. 147-162. РИНЦ		NOT_KEYWORD_MATCHED	NEEDS_DOI_VERSION_AND_AFFILIATION_REVIEW
2023	46	https://www.itp.nsc.ru/publikacii/2023/2023stati/3.html	Skripkin S., Suslov D., Plokhikh I., Tsoy M., Gorelikov E., Litvinov I. Data-driven prediction of unsteady vortex phenomena in a conical diffuser // Energies. – 2023. – Vol. 16, iss. 5. – 2108. - 20 p. DOI ; РИНЦ		NOT_KEYWORD_MATCHED	NEEDS_DOI_VERSION_AND_AFFILIATION_REVIEW
2023	47	https://www.itp.nsc.ru/publikacii/2023/2023stati/3.html	Malakhov I.P., Seredkin A.V., Chernyavskiy A.N., Serdyukov V.S., Mullyadzanov R.I., Surtaev A.S. Deep learning segmentation to analyze bubble dynamics and heat transfer during boiling at various pressures // International Journal of Multiphase Flow. – 2023. – Vol. 162. – 104402. DOI ; РИНЦ		KEYWORD_CANDIDATE	NEEDS_DOI_VERSION_AND_AFFILIATION_REVIEW
2023	48	https://www.itp.nsc.ru/publikacii/2023/2023stati/3.html	Yudin P., Okamoto K., Yamada T., Tyunina M. Deformation of substrate by epitaxial piezoelectric film and implications for interferometry // International Journal of Solids and Structures. – 2023. – Vol. 262–263. – 12048. DOI ; РИНЦ		NOT_KEYWORD_MATCHED	NEEDS_DOI_VERSION_AND_AFFILIATION_REVIEW
2023	49	https://www.itp.nsc.ru/publikacii/2023/2023stati/3.html	Abdullaev R.N., Khairulin R.A., Stankus S.V. Density and thermal expansion of indium–lead melts // Thermophysics and Aeromechanics. – 2023. – Vol. 30, iss. 5. - P. 961–966. DOI ; РИНЦ (Абдуллаев Р.Н., Хайрулин Р.А., Станкус С.В. Плотность и тепловое расширение расплавов индий-свинец // Теплофизика и аэромеханика. – 2023. – Т. 30, № 5. – С. 1017–1022) РИНЦ		NOT_KEYWORD_MATCHED	NEEDS_DOI_VERSION_AND_AFFILIATION_REVIEW
2023	50	https://www.itp.nsc.ru/publikacii/2023/2023stati/3.html	Abdullaev R.N. , Khairulin R.A., Stankus S.V. Density and thermal expansion of liquid salts LiF and LiF–NaF // Thermophysics and Aeromechanics. - 2023. - Vol. 30, iss. 1. - P. 133–136. DOI ; РИНЦ (Абдуллаев Р.Н., Хайрулин Р.А., Станкус С.В. Плотность и тепловое расширение жидких солей LiF и LiF–NaF // Теплофизика и аэромеханика. - 2023. - Т. 30, № 1. - С. 141-145). РИНЦ		NOT_KEYWORD_MATCHED	NEEDS_DOI_VERSION_AND_AFFILIATION_REVIEW
2023	51	https://www.itp.nsc.ru/publikacii/2023/2023stati/3.html	Abdullaev R.N., Khairulin R.A., Kozlovskii Yu.M., Stankus S.V., Agazhanov A.Sh. Density and thermal expansion of magnesium-calcium alloys in solid and liquid states // International Journal of Thermophysics. - 2023. - Vol. 44, iss. 5. - 74. DOI ; РИНЦ		NOT_KEYWORD_MATCHED	NEEDS_DOI_VERSION_AND_AFFILIATION_REVIEW
2023	52	https://www.itp.nsc.ru/publikacii/2023/2023stati/3.html	Abdullaev R.N., Khairulin R.A., Agazhanov A.Sh., Khairulin A.R., Kozlovskii Yu.M., Samoshkin D.A. Density, thermal expansion, enthalpy, heat capacity and thermal conductivity of calcium in the temperature range 720–1290 K // Russian Journal of Inorganic Chemistry. – 2023. – Vol. 68, iss. 2. – P. 125-132. DOI ; РИНЦ (Абдуллаев Р.Н., Хайрулин Р.А., Агажанов А.Ш., Хайрулин А.Р., Козловский Ю.М., Самошкин Д.А. Плотность, тепловое расширение, энтальпия, теплоемкость и теплопроводность кальция в интервале температур 720–1290 K // Журнал неорганической химии. - 2023. - Т. 68, № 2. - С. 158-166) DOI ; РИНЦ		NOT_KEYWORD_MATCHED	NEEDS_DOI_VERSION_AND_AFFILIATION_REVIEW
2023	53	https://www.itp.nsc.ru/publikacii/2023/2023stati/3.html	Gorelikova A.E. , Randin V.V. , Chinak A.V. Dependence of the bubble velocity in an inclined flat channel on the gas volume fraction and bubble diameter // Journal of Applied Mechanics and Technical Physics. - 2023. - Vol. 64, iss. 1. - P. 73–78. DOI ; РИНЦ (Гореликова А.Е., Рандин В.В., Чинак А.В. Исследование зависимости скорости пузырей в наклонном плоском канале от объемной доли газа и диаметра пузырей // Прикладная механика и техническая физика. - 2023. - Т. 64, № 1 (377). - С. 86-91) DOI ; РИНЦ		NOT_KEYWORD_MATCHED	NEEDS_DOI_VERSION_AND_AFFILIATION_REVIEW
2023	54	https://www.itp.nsc.ru/publikacii/2023/2023stati/3.html	Petrova A.V., Melnik A.V., Sulyaeva V.S., Safonov A.I. Deposition of hydrophobic fluoropolymer coatings on a plasma-treated stainless steel surface // Interfacial Phenomena and Heat Transfer. – 2023. – Vol. 11, iss. 1. – P. 31–38. DOI ; РИНЦ		KEYWORD_CANDIDATE	NEEDS_DOI_VERSION_AND_AFFILIATION_REVIEW
2023	55	https://www.itp.nsc.ru/publikacii/2023/2023stati/3.html	Rodionov A.A., Melnik A.V., Sulyaeva V.S., Shukhov Yu.G., Vasilev M.M., Starinskiy S.V. Deposition of transparent Al 2 O 3 coatings with extreme wetting properties by nanosecond laser ablation of aluminum in background oxygen // Technical Physics Letters. - 2023. - Vol. 49, iss.9. - P. 23-26. DOI (Родионов А.А., Мельник А.В., Суляева В.С., Шухов Ю.Г., Васильев М.М., Старинский С.В. Осаждение прозрачных покрытий Al 2 O 3 с экстремальными свойствами смачивания методом наносекундной лазерной абляции алюминия в фоновом кислороде // Письма в Журнал технической физики. – 2023. – Т. 49, № 17. – С. 25-28. DOI ; РИНЦ )		NOT_KEYWORD_MATCHED	NEEDS_DOI_VERSION_AND_AFFILIATION_REVIEW
2023	56	https://www.itp.nsc.ru/publikacii/2023/2023stati/3.html	Dolbnya I.P., Bataev I.A., Rakshun Ya.V., Chernov V.A., Khomyakov Yu.V., Gorbachev M.V., Chkhalo N.I., Krasnorutsky D.A., Naumkin V.S., Sklyarov A.N., Mezentsev N.A., Korsunskyh A.M. Designing a universal undulator beamline for materials science: A conceptual approach // Journal of Surface Investigation: X-Ray, Synchrotron and Neutron Techniques. - 2023. – Vol. 17, suppl. 1. – P. S78–S89. DOI ; РИНЦ		NOT_KEYWORD_MATCHED	NEEDS_DOI_VERSION_AND_AFFILIATION_REVIEW
2023	57	https://www.itp.nsc.ru/publikacii/2023/2023stati/3.html	Sibiryakov N.E., Kochkin D.Yu., Kabov O.A., Karchevsky A.L. Determining the heat flux density in the area of a contact line during the evaporation of liquid into a bubble // Journal of Applied and Industrial Mathematics. – 2023. – Vol. 17, iss. 3. – P. 628–639. DOI ; РИНЦ (Сибиряков Н.Е., Кочкин Д.Ю., Кабов О.А., Карчевский А.Л. Определение плотности теплового потока в области контактной линии при испарении жидкости в пузырь // Сибирский журнал индустриальной математики. - 2023. - Т. 26, № 3 (95). - С. 95-111. РИНЦ)		KEYWORD_CANDIDATE	NEEDS_DOI_VERSION_AND_AFFILIATION_REVIEW
2023	58	https://www.itp.nsc.ru/publikacii/2023/2023stati/3.html	Kuibin P.A., Skripkin S.G., Shtork S.I. Development of analytical model for description of swirling flows // Eurasian Journal of Mathematical and Computer Applications. – 2023. – Vol. 11, iss. 4. – P. 78–89. DOI ; РИНЦ		NOT_KEYWORD_MATCHED	NEEDS_DOI_VERSION_AND_AFFILIATION_REVIEW
2023	59	https://www.itp.nsc.ru/publikacii/2023/2023stati/3.html	Morozov A.A., Gatapova E.Ya. Direct Monte Carlo simulation of subsonic evaporation into a half-space // Thermophysics and Aeromechanics. – 2023. – Vol. 30, iss. 3. – P. 417–427. DOI ; РИНЦ (Морозов А.А., Гатапова Е.Я. Прямое статистическое моделирование методом Монте-Карло дозвукового испарения в полупространство // Теплофизика и аэромеханика. – 2023. – Т. 30, № 3. – С. 441–452). РИНЦ		KEYWORD_CANDIDATE	NEEDS_DOI_VERSION_AND_AFFILIATION_REVIEW
2023	60	https://www.itp.nsc.ru/publikacii/2023/2023stati/3.html	Ivashchenko V.A., Lobanov P.D., Yavorsky N.I., Tokarev M.P., Mullyadzhanov R.I. Direct numerical simulation of the peripheral and internal configurations of a model assembly of fuel elements // Journal of Applied and Industrial Mathematics. – 2023. – Vol. 17, iss. 2. – P. 320–325. DOI ; РИНЦ (Иващенко В.А., Лобанов П.Д., Яворский Н.И., Токарев М.П., Мулляджанов Р.И. Прямое численное моделирование периферийной и внутренней конфигураций модельной сборки ТВЭЛов // Сибирский журнал индустриальной математики. – 2023. – Т. 26, № 2. – С 74–80. РИНЦ )		NOT_KEYWORD_MATCHED	NEEDS_DOI_VERSION_AND_AFFILIATION_REVIEW
2023	61	https://www.itp.nsc.ru/publikacii/2023/2023stati/4.html	Zaripov D.I., Ivashchenko V.A., Panteleev S.A., Luk'yanov A.A., Mullyadzhanov R.I. Direct numerical simulation of the turbulent flow laminarization in a pipe at Re=5000 // Russian Aeronautics. - 2023. - Vol. 66, iss. 4. - P. 723–730. DOI ; РИНЦ (Зарипов Д.И., Иващенко В.А., Пантелеев С.А., Лукьянов А.А., Мулляджанов Р.И. Прямое численное моделирование ламинаризации турбулентного течения в цилиндрической трубе при Re=5000 // Известия высших учебных заведений. Авиационная техника. – 2023. – № 4. - C. 80-85. РИНЦ )		NOT_KEYWORD_MATCHED	NEEDS_DOI_VERSION_AND_AFFILIATION_REVIEW
2023	62	https://www.itp.nsc.ru/publikacii/2023/2023stati/4.html	Antonov D.V., Dorokhov V.V., Gaidukova O.S., Misyura S .Ya., Morozov V.S., Strizhak P.A. Dissociation of gas hydrates in different heating schemes // Thermal Science and Engineering Progress. – 2023. – Vol. 40. – 101774. DOI ; РИНЦ		NOT_KEYWORD_MATCHED	NEEDS_DOI_VERSION_AND_AFFILIATION_REVIEW
2023	63	https://www.itp.nsc.ru/publikacii/2023/2023stati/4.html	Gaidukova O.S., Dorokhov V.V., Misyura S .Ya., Morozov V.S., Shlegel N.E., Strizhak P.A. Dissociation of methane and carbon dioxide hydrates: Synergistic effects // Fuel. – 2023. – Vol. 359. – 130399. DOI ; РИНЦ		NOT_KEYWORD_MATCHED	NEEDS_DOI_VERSION_AND_AFFILIATION_REVIEW
2023	64	https://www.itp.nsc.ru/publikacii/2023/2023stati/4.html	Antonov D.V., Shchepakina E.A., Sobolev V.A., Misyura S.Y., Donskoy I.G., Strizhak P.A., Sazhin S.S. Dissociation of methane from a layer of methane-hydrate particles: A new simple model // International Journal of Heat and Mass Transfer. – 2023. – Vol. 213. - 124225. - 14 p. DOI ; РИНЦ		NOT_KEYWORD_MATCHED	NEEDS_DOI_VERSION_AND_AFFILIATION_REVIEW
2023	65	https://www.itp.nsc.ru/publikacii/2023/2023stati/4.html	Zhukov V.E., Pavlenko A.N., Sukhorukova E.Y. , Chernyavskiy A.N. Distribution of gas flow parameters at the outlet of structured packing // Thermophysics and Aeromechanics. - 2023. - Vol. 30, iss. 1. - P. 19–28. DOI ; РИНЦ (Жуков В.Е., Павленко А.Н., Сухорукова Е.Ю., Чернявский А.Н. Распределение параметров потока газа на выходе из структурированной насадки // Теплофизика и аэромеханика. - 2023. - Т. 30, № 1. - С. 21-31) РИНЦ		NOT_KEYWORD_MATCHED	NEEDS_DOI_VERSION_AND_AFFILIATION_REVIEW
2023	66	https://www.itp.nsc.ru/publikacii/2023/2023stati/4.html	Levin A.A., Elistratov D.S., Safarov A.S., Chernov A.A. Dynamics of a vapor bubble induced by laser heating of water in a capillary // Technical Physics Letters. - 2023. - Vol. 49, iss. 9. - P. 60-63. DOI (Левин А.А., Елистратов Д.С., Сафаров А.С., Чернов А.А. Динамика парового пузырька, индуцированного лазерным нагревом воды в капилляре // Письма в Журнал технической физики. – 2023. – Т. 49, № 18. – С. 20-23. DOI ; РИНЦ )		KEYWORD_CANDIDATE	NEEDS_DOI_VERSION_AND_AFFILIATION_REVIEW
2023	67	https://www.itp.nsc.ru/publikacii/2023/2023stati/4.html	Chernov A.A., Davydov M.N., Pil'nik A.A. Dynamics of gas bubble growth in a high-viscosity gas-saturated liquid during its decompression at a finite rate // Thermophysics and Aeromechanics. - 2023. - Vol. 30, iss. 1. - P. 153–162. DOI ; РИНЦ (Чернов А.А., Давыдов М.Н., Пильник А.А. Динамика роста газового пузырька в высоковязкой газонасыщенной жидкости при ее декомпрессии с конечной скоростью // Теплофизика и аэромеханика. - 2023. - Т. 30, № 1. - С. 163-172). РИНЦ		NOT_KEYWORD_MATCHED	NEEDS_DOI_VERSION_AND_AFFILIATION_REVIEW
2023	68	https://www.itp.nsc.ru/publikacii/2023/2023stati/4.html	Skripkin S.G., Starinskiy S.V., Tsoy M.A., Vasiliev M.M., Kravtsova A.Yu. Effect of a textured surface on the occurrence and development of cavitation on the hydrofoil // Physics of Fluids. – 2023. – Vol. 35, iss. 2. – 025109. DOI ; РИНЦ		NOT_KEYWORD_MATCHED	NEEDS_DOI_VERSION_AND_AFFILIATION_REVIEW
2023	69	https://www.itp.nsc.ru/publikacii/2023/2023stati/4.html	Emelyanov A.A., Pinaev V.A., Plotnikov M.Y., Rebrov A.K., Timoshenko N.I., Yudin I.B. Effect of argon on microwave plasma chemical vapor deposition of diamond coatings from an H 2 +CH 4 +Ar mixture activated in a microwave discharge // Thermophysics and Aeromechanics. - 2023. - Vol. 30, iss. 3. - P. 393–401. DOI ; РИНЦ (Емельянов А.А., Пинаев В.А., Плотников М.Ю., Ребров А.К., Тимошенко Н.И., Юдин И.Б. Влияние аргона на газоструйный синтез алмазных покрытий из смеси H 2 +CH 4 +Ar, активированной в СВЧ-разряде // Теплофизика и аэромеханика. - 2023. - Т. 30, № 3. - С. 417-426). РИНЦ		NOT_KEYWORD_MATCHED	NEEDS_DOI_VERSION_AND_AFFILIATION_REVIEW
2023	70	https://www.itp.nsc.ru/publikacii/2023/2023stati/4.html	Chernov A.A., Davydov M.N., Lezhnin S.I. Effect of barodiffusion on the dynamics of gas bubble growth in the magmatic melt // Thermophysics and aeromechanics. – 2023. – Vol. 30, iss. 4. – P. 721–732. DOI ; РИНЦ (Чернов А.А., Давыдов М.Н., Лежнин С.И. Влияние бародиффузии на динамику роста газового пузырька в магматическом расплаве // Теплофизика и аэромеханика. - 2023. - Т. 30, № 4. - С. 763-774. РИНЦ )		NOT_KEYWORD_MATCHED	NEEDS_DOI_VERSION_AND_AFFILIATION_REVIEW
2023	71	https://www.itp.nsc.ru/publikacii/2023/2023stati/4.html	Sakhnov A.Yu., Volodin O.A., Pecherkin N.I., Pavlenko A.N. Effect of contact angle on spreading of refrigerant mixture over the vertical cylinder // International Journal of Heat and Mass Transfer. - 2023. - Vol. 215. - 124484. - 16 p. DOI ; РИНЦ		NOT_KEYWORD_MATCHED	NEEDS_DOI_VERSION_AND_AFFILIATION_REVIEW
2023	72	https://www.itp.nsc.ru/publikacii/2023/2023stati/4.html	Nizovtsev M.I., Sterlygov A.N. Effect of external facing vapor permeability on humidification of facade materials // Magazine of Civil Engineering. – 2023. – Vol. 119, iss. 3. - 11908. - 13 p. DOI ; РИНЦ		NOT_KEYWORD_MATCHED	NEEDS_DOI_VERSION_AND_AFFILIATION_REVIEW
2023	73	https://www.itp.nsc.ru/publikacii/2023/2023stati/4.html	Shishkin A.V., Alekhin S.A., Sokol M.Y. Effect of initiating additives on phenol oxidation in water–oxygen fluid // Thermophysics and Aeromechanics. - 2023. - Vol. 30, iss. 3. - P. 539–552. DOI ; РИНЦ (Шишкин А.В., Алехин С.А., Сокол М.Я. Влияние инициирующих добавок на окисление фенола в водокислородном флюиде // Теплофизика и аэромеханика. - 2023. - Т. 30, № 3. - С. 571-585). РИНЦ		NOT_KEYWORD_MATCHED	NEEDS_DOI_VERSION_AND_AFFILIATION_REVIEW
2023	74	https://www.itp.nsc.ru/publikacii/2023/2023stati/4.html	Nizovtsev M.I,. Sterlygov A.N. Effect of phase change material (PCM) on thermal inertia of walls in lightweight buildings // Journal of Building Engineering. – 2023. – Vol. 82. – 107912. DOI ; РИНЦ		NOT_KEYWORD_MATCHED	NEEDS_DOI_VERSION_AND_AFFILIATION_REVIEW
2023	75	https://www.itp.nsc.ru/publikacii/2023/2023stati/4.html	Mamonov V.N., Miskiv N.B., Nazarov A.D., Serov A.F., Terekhov V.I. Effect of ribbing of the internal rotating cylinder in the Couette–Taylor system on the value of rotational resistance moment // Thermophysics and Aeromechanics. - 2023. - Vol. 30, iss. 4. - 637–647. DOI ; РИНЦ (Мамонов В.Н., Миськив Н.Б., Назаров А.Д., Серов А.Ф., Терехов В.И. Влияние оребрения внутреннего вращающегося цилиндра в системе Куэтта-Тейлора на величину момента сопротивления // Теплофизика и аэромеханика. - 2023. - Т. 30, № 4. - С. 675-686). РИНЦ		NOT_KEYWORD_MATCHED	NEEDS_DOI_VERSION_AND_AFFILIATION_REVIEW
2023	76	https://www.itp.nsc.ru/publikacii/2023/2023stati/4.html	Naumov I.V., Sharifullin B.R., Herrada M.A., Shtern V.N. Effect of rotation on boundary conditions at the interface of two immiscible fluids // Journal of Engineering Thermophysics. – 2023. – Vol. 32, iss. 3. – P. 508-520. DOI ; РИНЦ		NOT_KEYWORD_MATCHED	NEEDS_DOI_VERSION_AND_AFFILIATION_REVIEW
2023	77	https://www.itp.nsc.ru/publikacii/2023/2023stati/4.html	Pakhomov M.A., Terekhov V.I. Effect of sudden constriction of a flat duct on forced convection in a turbulent droplet-laden mist flow // Technical Physics Letters. - 2023. - Vol. 49, iss. 4. - P. 14-17. DOI ; РИНЦ (Пахомов М.А., Терехов В.И. Влияние внезапного сужения плоского канала на вынужденную конвекцию в турбулентном газокапельном течении // Письма в Журнал технической физики. – 2023. – Т. 49, № 7. – С. 16–19. DOI ; РИНЦ )		NOT_KEYWORD_MATCHED	NEEDS_DOI_VERSION_AND_AFFILIATION_REVIEW
2023	78	https://www.itp.nsc.ru/publikacii/2023/2023stati/4.html	Alekseenko S.V., Shchinnikov P.A., Sadkin I.S. Effect of thermodynamic parameters on energy characteristics of CO 2 power cycles during oxygen combustion of methane // Thermophysics and Aeromechanics. - 2023. - Vol. 30, iss. 1. - P. 83–92. DOI ; РИНЦ (Алексеенко С.В., Щинников П.А., Садкин И.С. Влияние термодинамических параметров на энергетические характеристики СО 2 -циклов при кислородном сжигании метана // Теплофизика и аэромеханика. - 2023. - Т. 30, № 1. - С. 89-98). РИНЦ		NOT_KEYWORD_MATCHED	NEEDS_DOI_VERSION_AND_AFFILIATION_REVIEW
2023	79	https://www.itp.nsc.ru/publikacii/2023/2023stati/4.html	Moharana S., Sha B.B., Das M.K., Pecherkin N.I., Pavlenko A.N., Volodin O.A. Effect of tube rows on two-phase heat transfer characteristics of water over staggered tube bundles under flow boiling mode // Journal of Thermal Science and Engineering Applications. – 2023. - Vol. 15, iss. 5. - 050904. - 14 p. DOI ; РИНЦ		KEYWORD_CANDIDATE	NEEDS_DOI_VERSION_AND_AFFILIATION_REVIEW
2023	80	https://www.itp.nsc.ru/publikacii/2023/2023stati/4.html	Mundhra R., Lakkaraju R., Das P.K., Pakhomov M.A., Lobanov P.D. Effect of wall proximity and surface tension on a single bubble rising near a vertical wall // Water. - 2023. - Vol. 15, iss. 8. - 1567. - 23 p. DOI ; РИНЦ		NOT_KEYWORD_MATCHED	NEEDS_DOI_VERSION_AND_AFFILIATION_REVIEW
2023	81	https://www.itp.nsc.ru/publikacii/2023/2023stati/5.html	Zhukov V.E., Mezentseva N.N., Pavlenko A.N. Enhancement of heat transfer during nitrogen boiling on capillary-porous coatings under conditions of intense mass forces at high-speed rotation of cryostat // Journal of Engineering Thermophysics. – 2023. – Vol. 32, iss. 2. – P. 181–195. DOI ; РИНЦ		KEYWORD_CANDIDATE	NEEDS_DOI_VERSION_AND_AFFILIATION_REVIEW
2023	82	https://www.itp.nsc.ru/publikacii/2023/2023stati/5.html	Stankus S.V., Khairulin A.R., Yatsuk O.S. Enthalpy and heat capacity of lead in the condensed state // Atomic Energy. – 2023. – Vol. 134, iss. 3-4. - P. 150–158. DOI ; РИНЦ (Станкус С.В., Хайрулин А.Р., Яцук О.С. Энтальпия и теплоемкость свинца в конденсированном состоянии // Атомная энергия. – 2023. – Т. 134, № 3-4. - C. 124-131). РИНЦ		NOT_KEYWORD_MATCHED	NEEDS_DOI_VERSION_AND_AFFILIATION_REVIEW
2023	83	https://www.itp.nsc.ru/publikacii/2023/2023stati/5.html	Khairulin A.R., Stankus S.V. Enthalpy and heat capacity of liquid Na 15 Pb 4 and Na 50 Pb 50 alloys // Thermophysics and Aeromechanics. - 2023. - Vol. 30, iss. 6. - P. 1157-1161. DOI ; РИНЦ (Хайрулин А.Р., Станкус С.В. Энтальпия и теплоемкость жидких сплавов Na 15 Pb 4 и Na 50 Pb 50 // Теплофизика и аэромеханика. – 2023. – Т. 30, №6. – С. 1223-1227. РИНЦ )		NOT_KEYWORD_MATCHED	NEEDS_DOI_VERSION_AND_AFFILIATION_REVIEW
2023	84	https://www.itp.nsc.ru/publikacii/2023/2023stati/5.html	Plotnikov M.Y., Shkarupa E.V. Error estimation and optimization of the direct simulation Monte Carlo method taking into account spatial regularization // Computational Mathematics and Mathematical Physics. - 2023. - Vol. 63, iss. 8. - P. 1499-1510. DOI ; РИНЦ (Плотников М.Ю., Шкарупа Е.В. Оценка погрешности и оптимизация метода прямого статистического моделирования с учетом пространственной регуляризации // Журнал вычислительной математики и математической физики. – 2023. – T. 63, № 8. – C. 1367–1379. DOI ; РИНЦ )		NOT_KEYWORD_MATCHED	NEEDS_DOI_VERSION_AND_AFFILIATION_REVIEW
2023	85	https://www.itp.nsc.ru/publikacii/2023/2023stati/5.html	Pakhomov M.A., Terekhov V.I. Eulerian-Eulerian modeling of the features of mean and fluctuational flow structure and the dispersed phase motion in the axisymmetric round two-phase jets // Mathematics. – 2023. – Vol. 11, iss. 11. – 2533. - 19 p. DOI ; РИНЦ		NOT_KEYWORD_MATCHED	NEEDS_DOI_VERSION_AND_AFFILIATION_REVIEW
2023	86	https://www.itp.nsc.ru/publikacii/2023/2023stati/5.html	Pavlenko А.N., Kataev А.I., Mironova I.B. Evaporation and boiling heat transfer at film irrigation of horizontal roughened tubes // Journal of Engineering Thermophysics. – 2023. – Vol. 32, iss. 4. – P. 657–671. DOI ; РИНЦ		KEYWORD_CANDIDATE	NEEDS_DOI_VERSION_AND_AFFILIATION_REVIEW
2023	87	https://www.itp.nsc.ru/publikacii/2023/2023stati/5.html	Misyura S.Y., Egorov R.I., Morozov V.S., Zaitsev A.S. Evaporation and heat exchange of a thin liquid layer under various heating methods: Advantages of local heating over uniform heating of the wall // International Communications in Heat and Mass Transfer. – 2023. – Vol. 149. - 107138. DOI ; РИНЦ		KEYWORD_CANDIDATE	NEEDS_DOI_VERSION_AND_AFFILIATION_REVIEW
2023	88	https://www.itp.nsc.ru/publikacii/2023/2023stati/5.html	Starinskaya E., Miskiv N., Terekhov V., Safonov A., Li Yu., Lei M.-K., Starinskiy S. Evaporation dynamics of sessile and suspended almost-spherical droplets from a biphilic surface // Water. – 2023. – Vol. 15, iss. 2. – 273. - 11 p. DOI ; РИНЦ		KEYWORD_CANDIDATE	NEEDS_DOI_VERSION_AND_AFFILIATION_REVIEW
2023	89	https://www.itp.nsc.ru/publikacii/2023/2023stati/5.html	Glezer V.V. Evaporation of a drop of aqueous solution (H 2 O/NaCl/H 2 O 2 ) on a horizontal wall // AIP Conference Proceedings. – 2023. – Vol. 2911, iss. 1. – 020005. DOI ; РИНЦ		KEYWORD_CANDIDATE	NEEDS_DOI_VERSION_AND_AFFILIATION_REVIEW
2023	90	https://www.itp.nsc.ru/publikacii/2023/2023stati/5.html	Misyura S.Y., Egorov R.I., Morozov V.S., Zaitsev A.S. Evaporation of a water layer under local non-isothermal heating // Applied Thermal Engineering. – 2023. – Vol. 219. – 119383. - 9 p. DOI ; РИНЦ		KEYWORD_CANDIDATE	NEEDS_DOI_VERSION_AND_AFFILIATION_REVIEW
2023	91	https://www.itp.nsc.ru/publikacii/2023/2023stati/5.html	Starinskaya E.M., Miskiv N.B., Nazarov A.D., Terekhov V.V., Terekhov V.I., Rybdylova O.D., Sazhin S.S. Evaporation of suspended nanofluid (SiO 2 /water) droplets: experimental results and modelling // Internationl Journal of Thermophysics. – 2023. – Vol. 44. – 64. - 24 p. DOI ; РИНЦ		KEYWORD_CANDIDATE	NEEDS_DOI_VERSION_AND_AFFILIATION_REVIEW
2023	92	https://www.itp.nsc.ru/publikacii/2023/2023stati/5.html	Shishkin N.E. Evaporation of water droplets and nucleation at the interface // Thermophysics and Aeromechanics. - 2023. - Vol. 30, iss. 2. - P. 327–338. DOI ; РИНЦ (Шишкин Н.Е. Испарение капель воды и нуклеация на межфазной границе // Теплофизика и аэромеханика. - 2023. - Т. 30, № 2. - С. 345-356). РИНЦ		KEYWORD_CANDIDATE	NEEDS_DOI_VERSION_AND_AFFILIATION_REVIEW
2023	93	https://www.itp.nsc.ru/publikacii/2023/2023stati/5.html	Morozov A.A., Titarev V.A. Evolution of the shape of a gas cloud during pulsed laser evaporation into vacuum: Direct simulation Monte Carlo and the solution of a model equation // Computational Mathematics and Mathematical Physics. – 2023. - Vol. 63, iss. 12. - P. 2244–2256. DOI ; РИНЦ (Морозов A.A., Титарев В.А. Эволюция формы облака газа при импульсном лазерном испарении в вакуум: прямое статистическое моделирование и решение модельного уравнения // Журнал вычислительной математики и математической физики. – 2023. – Т. 63, № 12. – С. 1960-1972. DOI ; РИНЦ )		KEYWORD_CANDIDATE	NEEDS_DOI_VERSION_AND_AFFILIATION_REVIEW
2023	94	https://www.itp.nsc.ru/publikacii/2023/2023stati/5.html	Dvoynishnikov S.V., Bakakin G.V. , Zuev V.O., Kashkarova M.V., Pavlov V.A. Expanding the dynamic range of the measuring system by implementing the phase triangulation method // Measurement Techniques. - 2023. - Vol. 66, iss. 9. - P. 664–670. DOI ; РИНЦ (Двойнишников С.В., Бакакин Г.В., Зуев В.О., Кашкарова М.В., Павлов В.А. Расширение динамического диапазона измерительной системы, реализующей метод фазовой триангуляции // Измерительная техника. – 2023. – № 9. – C. 25–30. DOI ; РИНЦ )		NOT_KEYWORD_MATCHED	NEEDS_DOI_VERSION_AND_AFFILIATION_REVIEW
2023	95	https://www.itp.nsc.ru/publikacii/2023/2023stati/5.html	Lemanov V.V., Pakhomov M.A., Terekhov V.I. Experimental and numerical simulation of heat transfer in an impact synthetic jet // High Temperature. - 2023. - Vol. 61, iss. 2. - P. 206-212. DOI ; РИНЦ (Леманов В.В., Пахомов М.А., Терехов В.И. Экспериментальное и численное моделирование теплопереноса в импактной синтетической струе // Теплофизика высоких температур. - 2023. - Т. 61, № 2. - С. 226-233) DOI ; РИНЦ		KEYWORD_CANDIDATE	NEEDS_DOI_VERSION_AND_AFFILIATION_REVIEW
2023	96	https://www.itp.nsc.ru/publikacii/2023/2023stati/5.html	Andryushchenko V.A., Boiko E.V., Sakhapov S.Z., Skirda M.S., Smovzh D.V. Experimental and theoretical study of the jet formed by means of sputtering of electrodes in an arc discharge // Journal of Applied Mechanics and Technical Physics. - 2023. - Vol. 64, iss. 3. - P. 371–377. DOI ; РИНЦ (Андрющенко В.А., Бойко Е.В., Сахапов С.З., Скирда М.С., Смовж Д.В. Экспериментальное и теоретическое исследование струи, формирующейся при распылении электродов в дуговом разряде // Прикладная механика и техническая физика. - 2023. - Т. 64, № 3 (379). - С. 12-19) DOI ; РИНЦ		NOT_KEYWORD_MATCHED	NEEDS_DOI_VERSION_AND_AFFILIATION_REVIEW
2023	97	https://www.itp.nsc.ru/publikacii/2023/2023stati/5.html	Moharana S., Das M.K., Pecherkin N.I., Pavlenko A.N., Volodin O.A. Experimental assessment of enhanced 2x3 Semi-Closed microstructure tube bundle as an alternative in shell and tube heat exchangers // Applied Thermal Engineering. - 2023. - Vol. 232. - 120966. DOI ; РИНЦ		NOT_KEYWORD_MATCHED	NEEDS_DOI_VERSION_AND_AFFILIATION_REVIEW
2023	98	https://www.itp.nsc.ru/publikacii/2023/2023stati/5.html	Starinskiy S.V., Safonov A.I., Rodionov A.A., Miskiv N.B., Starinskaya E.M. Experimental confirmation of the contact angle transcendence phenomena on a superhydrophobic surface // Chemical Engineering Science. – 2023. – Vol. 281. – 119173. DOI ; РИНЦ		NOT_KEYWORD_MATCHED	NEEDS_DOI_VERSION_AND_AFFILIATION_REVIEW
2023	99	https://www.itp.nsc.ru/publikacii/2023/2023stati/5.html	Mezentsev I.V., Mezentsev S.I, Gorelik R.S., Mezentseva N.N. Experimental investigations of non-stationary heat and mass transfer with reversible air flow through fixed layers of absorbent and heat-accumulating packing // Journal of Engineering Thermophysics. – 2023. – Vol. 32, iss. 4. – P. 807–815. DOI ; РИНЦ		NOT_KEYWORD_MATCHED	NEEDS_DOI_VERSION_AND_AFFILIATION_REVIEW
2023	100	https://www.itp.nsc.ru/publikacii/2023/2023stati/5.html	Glezer V.V. Experimental study of emission concentrations during the combustion of methane-isopropanol hydrate in a muffle furnace // AIP Conference Proceedings. – 2023. – Vol. 2999, iss. 1. – 020015. DOI ; РИНЦ		NOT_KEYWORD_MATCHED	NEEDS_DOI_VERSION_AND_AFFILIATION_REVIEW
2023	101	https://www.itp.nsc.ru/publikacii/2023/2023stati/6.html	Glezer V.V. Experimental study of emissions from the combustion of methane-isopropanol and methane-propane hydrates // AIP Conference Proceedings. – 2023. – Vol. 2999, iss. 1. – 020016. DOI ; РИНЦ		NOT_KEYWORD_MATCHED	NEEDS_DOI_VERSION_AND_AFFILIATION_REVIEW
2023	102	https://www.itp.nsc.ru/publikacii/2023/2023stati/6.html	Bartkus G.V., Filatov N.A., Bukatin A.S., Kuznetsov V.V. Experimental study of interfacial mass transfer in a slug flow of ethanol — CO 2 mixture in a rectangular microchannel // Thermophysics and Aeromechanics. - 2023. - Vol. 30, iss. 3. - P. 475–486. DOI ; РИНЦ (Барткус Г.В., Филатов Н.А., Букатин А.С., Кузнецов В.В. Экспериментальное исследование межфазного массообмена при снарядном течении смеси этанол-CO 2 в прямоугольном микроканале // Теплофизика и аэромеханика. - 2023. - Т. 30, № 3. - С. 503-515). РИНЦ		KEYWORD_CANDIDATE	NEEDS_DOI_VERSION_AND_AFFILIATION_REVIEW
2023	103	https://www.itp.nsc.ru/publikacii/2023/2023stati/6.html	Bartkus G.V., Kuznetsov V.V. Experimental study of mass transfer for gas-liquid flow in rectangular microchannel // AIP Conference Proceedings. – 2023. – Vol. 2504, iss. 1. – 030073. DOI		KEYWORD_CANDIDATE	NEEDS_DOI_VERSION_AND_AFFILIATION_REVIEW
2023	104	https://www.itp.nsc.ru/publikacii/2023/2023stati/6.html	Vostretsov S., Yagodnitsyna A., Kovalev A., Bilsky A. Experimental study of mass transfer in a plug regime of immiscible liquid-liquid flow in a t-shaped microchannel // Energies. – 2023. – Vol. 16, iss. 10. – 4059. - 13 p. DOI ; РИНЦ		KEYWORD_CANDIDATE	NEEDS_DOI_VERSION_AND_AFFILIATION_REVIEW
2023	105	https://www.itp.nsc.ru/publikacii/2023/2023stati/6.html	Garipov M.D., Khafizov A.G., Zinnatullin R.F., Melkov A.A., Shayakhmetov V.A., Gobyzov O.A. Experimental study of sizes and velocities of the droplets produced by water injection system with compressed-air atomizer into the intake manifold of an internal combustion engine applying the optic methods // Thermophysics and Aeromechanics. - 2023. - Vol. 30, iss. 6. - P. 1111-1121. DOI ; РИНЦ (Гарипов М.Д., Хафизов А.Г., Зиннатуллин Р.Ф., Мелков А.А., Шаяхметов В.А., Гобызов О.А. Экспериментальное исследование размеров и скорости капель, формируемых системой пневматического впрыска воды во впускную систему поршневого двигателя внутреннего сгорания, с применением оптических методов // Теплофизика и аэромеханика. – 2023. – Т. 30, № 6. – С. 1177 - 1188. РИНЦ )		NOT_KEYWORD_MATCHED	NEEDS_DOI_VERSION_AND_AFFILIATION_REVIEW
2023	106	https://www.itp.nsc.ru/publikacii/2023/2023stati/6.html	Meleshkin A.V., Marasanov N.V., Glezer V.V., Morozov V.S. Experimental study of the dissociation of freon R-134a hydrate at atmospheric pressure // AIP Conference Proceedings. – 2023. – Vol. 2999. – 020006. DOI ; РИНЦ		NOT_KEYWORD_MATCHED	NEEDS_DOI_VERSION_AND_AFFILIATION_REVIEW
2023	107	https://www.itp.nsc.ru/publikacii/2023/2023stati/6.html	Meleshkin A.V., Marasanov N.V., Glezer V.V., Morozov V.S. Experimental study of the dissociation of freon R-134a hydrate with an external air flow // AIP Conference Proceedings. – 2023. – Vol. 2999. – 020007. DOI ; РИНЦ		NOT_KEYWORD_MATCHED	NEEDS_DOI_VERSION_AND_AFFILIATION_REVIEW
2023	108	https://www.itp.nsc.ru/publikacii/2023/2023stati/6.html	Minakov A.V., Lysakova E.I., Skorobogatova A.D., Pryazhnikov M.I., Ivleva Y.O., Voronin A.S., Simunin M.M. Experimental study of the effect of crystalline aluminum oxide nanofibers on the properties of oil-based drilling fluids // Journal of Molecular Liquids. – 2023. – Vol. 388. – 122676. DOI ; РИНЦ		NOT_KEYWORD_MATCHED	NEEDS_DOI_VERSION_AND_AFFILIATION_REVIEW
2023	109	https://www.itp.nsc.ru/publikacii/2023/2023stati/6.html	Dekhtyar R.A., Ovchinnikov V.V. Experimental study of the motion and shape of a vapor bubble rising in an annular channel at subatmospheric pressure // Thermophysics and Aeromechanics. - 2023. - Vol. 30, iss. 6. - P. 1051–1059. DOI ; РИНЦ (Дехтярь Р.А., Овчинников В.В. Экспериментальное исследование движения и формы парового пузыря, всплывающего в кольцевом канале при субатмосферном давлении // Теплофизика и аэромеханика. – Т. 30, № 6. – С. 1111–1121). РИНЦ		NOT_KEYWORD_MATCHED	NEEDS_DOI_VERSION_AND_AFFILIATION_REVIEW
2023	110	https://www.itp.nsc.ru/publikacii/2023/2023stati/6.html	Naumov I.V., Gevorgiz R.G., Skripkin S.G., Tintulova M.V., Tsoi M.A., Sharifullin B.R. Experimental study of the topological flow transformations in an aerial vortex bioreactor with a floating washer // Biotechnology Journal. - 2023. - Vol. 18, iss. 8. - 2200644. DOI ; РИНЦ		NOT_KEYWORD_MATCHED	NEEDS_DOI_VERSION_AND_AFFILIATION_REVIEW
2023	111	https://www.itp.nsc.ru/publikacii/2023/2023stati/6.html	Ronshin F.V., Dementyev Yu.A., Chinnov E.A. Experimental study of two-phase flow regimes in slit microchannels // Microfluidics and Nanofluidics. – 2023. – Vol. 27, iss. 24. DOI ; РИНЦ		KEYWORD_CANDIDATE	NEEDS_DOI_VERSION_AND_AFFILIATION_REVIEW
2023	112	https://www.itp.nsc.ru/publikacii/2023/2023stati/6.html	Meleshkin A.V., Marasanov N.V. Experimental study on H 2 O/PEGDA/Irgacure hydrogel droplet evaporation and polymerization // AIP Conference Proceedings. – 2023. – Vol. 2999. – 020014. DOI ; РИНЦ		KEYWORD_CANDIDATE	NEEDS_DOI_VERSION_AND_AFFILIATION_REVIEW
2023	113	https://www.itp.nsc.ru/publikacii/2023/2023stati/6.html	Surtaev Anton, Vladyko Ilya, Miskiv Nikolai, Serdyukov Vladimir, Pavlenko Konstantin Exploring heat transfer efficiency in non-boiling spray cooling // International Journal of Thermofluids. – 2023. – Vol. 20. – 100504. DOI ; РИНЦ		KEYWORD_CANDIDATE	NEEDS_DOI_VERSION_AND_AFFILIATION_REVIEW
2023	114	https://www.itp.nsc.ru/publikacii/2023/2023stati/6.html	Surtaev А., Malakhov I., Serdyukov V. Explosive vaporization of ethanol on microheater during pulse heating // Heat Transfer Engineering. - 2023. - Vol. 44, iss. 6. - P. 502-511. DOI ; РИНЦ		KEYWORD_CANDIDATE	NEEDS_DOI_VERSION_AND_AFFILIATION_REVIEW
2023	115	https://www.itp.nsc.ru/publikacii/2023/2023stati/6.html	Kabardin I.K., Meledin V.G., Dvoynishnikov S.V., Stepanov K.I., Mukhin D.G., Zuev V.O., Gordienko M.R., Kakaulin S.V., Zezyulin I.V., Ledovsky V.E., Zubanov K.S. Features of using nanostructured plastic polymer coatings for protection against icing of industrial structures // Journal of Engineering Thermophysics. – 2023. – Vol. 32, iss. 1. – P. 54–61. DOI ; РИНЦ		NOT_KEYWORD_MATCHED	NEEDS_DOI_VERSION_AND_AFFILIATION_REVIEW
2023	116	https://www.itp.nsc.ru/publikacii/2023/2023stati/6.html	Isupov M.V., Pinaev V.A. Ferromagnetic-enhanced low-pressure inductive discharge for plasma processing // Journal of Applied Mechanics and Technical Physics. – 2023 – Vol. 64, iss. 5. - P. 757-766. DOI ; РИНЦ (Исупов М.В., Пинаев В.А. Ферромагнитно-усиленный индукционный разряд низкого давления для ионно-плазменной обработки // Прикладная механика и техническая физика. – 2023. – Т. 64, № 5 (381). – С. 27–38). DOI ; РИНЦ		NOT_KEYWORD_MATCHED	NEEDS_DOI_VERSION_AND_AFFILIATION_REVIEW
2023	117	https://www.itp.nsc.ru/publikacii/2023/2023stati/6.html	Stroeva P.S., Frolova E.N., Nichik M.Y., Dulin V.M., Markovich D.M. Flow dynamics of an axisymmetric impinging jet under two-frequency external forcing. A study by time-resolved PIV and DMD // International Journal of Heat and Fluid Flow. – 2023. – Vol. 103. – 109196. DOI ; РИНЦ		NOT_KEYWORD_MATCHED	NEEDS_DOI_VERSION_AND_AFFILIATION_REVIEW
2023	118	https://www.itp.nsc.ru/publikacii/2023/2023stati/6.html	Savitskii A.G., Sharaborin D.K., Chikishev L.M., Dulin V.M. Flow instability control in a model swirl-stabilized combustor with central jet injection // Inventions. – 2023. – Vol. 8, iss. 6. – 148. - 19 p. DOI ; РИНЦ		NOT_KEYWORD_MATCHED	NEEDS_DOI_VERSION_AND_AFFILIATION_REVIEW
2023	119	https://www.itp.nsc.ru/publikacii/2023/2023stati/6.html	Pakhomov M.A., Terekhov V.I. Flow structure and heat transfer in a gas-droplet flow behind a sudden channel constriction // Technical Physics. - 2023. - Vol. 68, iss. 6. - P. 710-717. DOI (Пахомов М.А., Терехов В.И. Структура течения и теплоперенос в газокапельном течении за внезапным сужением канала // Журнал технической физики. - 2023. - Т. 93, № 6. - С. 761-768). DOI ; РИНЦ		KEYWORD_CANDIDATE	NEEDS_DOI_VERSION_AND_AFFILIATION_REVIEW
2023	120	https://www.itp.nsc.ru/publikacii/2023/2023stati/6.html	Karelin V.A., Salomatov V.V. Formulation of approximate analytical solutions for a heat transfer model for an ice layer during microwave heating // Thermophysics and Aeromechanics. - 2023. - Vol. 30, iss. 6. - P. 1123-1130. DOI ; РИНЦ (Карелин В.А., Саломатов В.В. Построение приближенных аналитических решений для модели переноса тепла в слое льда при СВЧ-облучении // Теплофизика и аэромеханика. – 2023. – Т. 30, № 6. – С. 1189-1196. РИНЦ )		KEYWORD_CANDIDATE	NEEDS_DOI_VERSION_AND_AFFILIATION_REVIEW
2023	121	https://www.itp.nsc.ru/publikacii/2023/2023stati/7.html	Mungalov Alexandr S., Kochkin Dmitry Yu., Derevyannikov Ivan A., Kabov Oleg A. Free surface deformations of the horizontal liquid film heated from the substrate side, experiment and numerical simulation // Interfacial Phenomena and Heat Transfer. – 2023. – Vol. 11, iss. 2. – P. 95–107. DOI ; РИНЦ		KEYWORD_CANDIDATE	NEEDS_DOI_VERSION_AND_AFFILIATION_REVIEW
2023	122	https://www.itp.nsc.ru/publikacii/2023/2023stati/7.html	Yarygin V.N, Prikhod'ko V.G, Yarygin I.V. Gas and gas-droplet jet flows into vacuum // Journal of Applied Mechanics and Technical Physics. - 2023. - Vol. 64, iss. 5. - P. 784-792. DOI ; РИНЦ (Ярыгин В.Н., Приходько В.Г., Ярыгин И.В. Струйное истечение газовых и газокапельных потоков в вакуум // Прикладная механика и техническая физика. - 2023. - Т. 64, № 5 (381). - С. 59-69. РИНЦ )		NOT_KEYWORD_MATCHED	NEEDS_DOI_VERSION_AND_AFFILIATION_REVIEW
2023	123	https://www.itp.nsc.ru/publikacii/2023/2023stati/7.html	Yarygin V.N., Prikhodko V.G., Yarygin I.V. Gas and gas–droplet jet flows into vacuum // Journal of Applied Mechanics and Technical Physics. – 2023. – Vol. 64, iss. 5. – P. 784–792. DOI ; РИНЦ (Ярыгин В.Н., Приходько В.Г., Ярыгин И.В. Струйное истечение газовых и газокапельных потоков в вакуум // Прикладная механика и техническая физика. – 2023. – Т. 64, № 5 (381). – С. 59-69. РИНЦ )		NOT_KEYWORD_MATCHED	NEEDS_DOI_VERSION_AND_AFFILIATION_REVIEW
2023	124	https://www.itp.nsc.ru/publikacii/2023/2023stati/7.html	Gaidukova Olga, Misyura Sergey, Morozov Vladimir, Strizhak Pavel Gas hydrates: applications and advantages // Energies. – 2023. – Vol. 16, iss. 6. – 2866. - 19 p. DOI ; РИНЦ		NOT_KEYWORD_MATCHED	NEEDS_DOI_VERSION_AND_AFFILIATION_REVIEW
2023	125	https://www.itp.nsc.ru/publikacii/2023/2023stati/7.html	Emel'yanov A.A., Plotnikov M.Y., Timoshenko N.I, Yudin I.B. Gas-jet synthesis of diamond coatings on silicon substrates from an H 2 + CH 4 + Ar mixture activated in a microwave discharge // Journal of Applied Mechanics and Technical Physics. - 2023. - Vol. 64, iss. 5. - P. 748–756. DOI ; РИНЦ (Емельянов А.А., Плотников М.Ю., Тимошенко Н.И., Юдин И.Б. Газоструйный синтез из активированной в СВЧ-разряде смеси H 2 + CH 4 + Ar алмазных покрытий на кремниевых подложках // Прикладная механика и техническая физика. - 2023. - Т. 64, № 5 (381). - С. 17-26). РИНЦ		NOT_KEYWORD_MATCHED	NEEDS_DOI_VERSION_AND_AFFILIATION_REVIEW
2023	126	https://www.itp.nsc.ru/publikacii/2023/2023stati/7.html	Arbuzov E.V., Zolotukhina O.S. Gauss-Newton method application in the problem of phase function reconstructing from hilbertograms // Eurasian Journal of Mathematical and Computer Applications. – 2023. – Vol. 11, No. 4. – P. 4–13. DOI ; РИНЦ		NOT_KEYWORD_MATCHED	NEEDS_DOI_VERSION_AND_AFFILIATION_REVIEW
2023	127	https://www.itp.nsc.ru/publikacii/2023/2023stati/7.html	Nuriakhmetov Z., Chernousov Y., Sakhapov S., Smovzh D. Graphene passivation effect on copper cavity resonator preserves Q-factor // Nanotechnology. – 2023. – Vol. 34, iss. 20. – 205704. DOI ; РИНЦ		NOT_KEYWORD_MATCHED	NEEDS_DOI_VERSION_AND_AFFILIATION_REVIEW
2023	128	https://www.itp.nsc.ru/publikacii/2023/2023stati/7.html	Petukhova D.E., Vikulova E.S., Korolkov I.V., Khmel S.Ya., Lebedev M.S. Growth features and phase composition of HF–Sc–O thin films synthesized by atomic layer deposition // Journal of Structural Chemistry. - 2023. - Vol. 64, iss. 3. - P. 424–436. DOI; РИНЦ Петухова Д.Е., Викулова Е.С., Корольков И.В., Хмель С.Я., Лебедев М.С. Особенности роста и фазовый состав тонких пленок HF-Sc-O, синтезированных методом атомно-слоевого осаждения // Журнал структурной химии. - 2023. - Т. 64, № 3. - 107605. DOI ; РИНЦ )		NOT_KEYWORD_MATCHED	NEEDS_DOI_VERSION_AND_AFFILIATION_REVIEW
2023	129	https://www.itp.nsc.ru/publikacii/2023/2023stati/7.html	Adamova T.P., Skiba S.S., Manakov A.Yu., Misyura S.Y. Growth rate of CO 2 hydrate film on water–oil and water–gaseous CO 2 interface // Chinese Journal of Chemical Engineering. - 2023. - Vol. 56. - P. 266-272. DOI ; РИНЦ		NOT_KEYWORD_MATCHED	NEEDS_DOI_VERSION_AND_AFFILIATION_REVIEW
2023	130	https://www.itp.nsc.ru/publikacii/2023/2023stati/7.html	Antonov D.V., Gaidukova O.S., Dorokhov V.V., Misyura S .Ya., Morozov V.S., Shlegel N.E., Strizhak P.A. Heat and mass transfer at the ignition of single and double gas hydrate powder flow in a reactor // International Journal of Heat and Mass Transfer. – 2023. – Vol. 209. – 124121. DOI ; РИНЦ		NOT_KEYWORD_MATCHED	NEEDS_DOI_VERSION_AND_AFFILIATION_REVIEW
2023	131	https://www.itp.nsc.ru/publikacii/2023/2023stati/7.html	Samoshkin D.A., Stankus S.V., Agazhanov A.Sh. Heat capacity of corrosion-resistant refractory alloy ChS88U-VI in the temperature range of 300–1270 K // Journal of Engineering Thermophysics. – 2023. – Vol. 32, iss. 4. - P. 692–696. DOI ; РИНЦ		NOT_KEYWORD_MATCHED	NEEDS_DOI_VERSION_AND_AFFILIATION_REVIEW
2023	132	https://www.itp.nsc.ru/publikacii/2023/2023stati/7.html	Samoshkin D.A., Abdullaev R.N., Stankus S.V., Agazhanov A.S. Heat capacity of magnesium-calcium alloys in the solid state // Thermophysics and Aeromechanics. - 2023. - Vol. 30, iss. 3. - P. 575–580. DOI ; РИНЦ (Самошкин Д.А., Абдуллаев Р.Н., Станкус С.В., Агажанов А.Ш. Удельная теплоемкость сплавов магния с кальцием в твердом состоянии // Теплофизика и аэромеханика. - 2023. - Т. 30, № 3. - С. 609-614). РИНЦ		NOT_KEYWORD_MATCHED	NEEDS_DOI_VERSION_AND_AFFILIATION_REVIEW
2023	133	https://www.itp.nsc.ru/publikacii/2023/2023stati/7.html	Brester A.E., Shvetsov D.A., Zhukov V.I., Pavlenko A.N. Heat transfer during evaporation/boiling of horizontal layers of liquid at low pressure // Journal of Engineering Thermophysics. – 2023. – Vol. 32, iss. 3. – Р. 415–454. DOI ; РИНЦ		KEYWORD_CANDIDATE	NEEDS_DOI_VERSION_AND_AFFILIATION_REVIEW
2023	134	https://www.itp.nsc.ru/publikacii/2023/2023stati/7.html	Chinnov E.A. Heat transfer enhancement and interaction of rivulets on the surface of a heated liquid film // High Temperature. - 2023. - Vol. 61, iss. 4. - P. 559-564. DOI ; РИНЦ (Чиннов Е.А. Интенсификация теплообмена и взаимодействие струй на поверхности нагреваемой пленки жидкости // Теплофизика высоких температур. – 2023. – Т. 61, № 4. – С. 604-610. DOI ; РИНЦ )		KEYWORD_CANDIDATE	NEEDS_DOI_VERSION_AND_AFFILIATION_REVIEW
2023	135	https://www.itp.nsc.ru/publikacii/2023/2023stati/7.html	Pecherkin N.I., Pavlenko A.N., Volodin O.A. Heat transfer in a falling liquid film of freon R21 on an array of horizontal tubes with modified MAO coatings // Journal of Engineering Thermophysics. – 2023. – Vol. 32, iss. 2. – Р. 196–207. DOI ; РИНЦ		KEYWORD_CANDIDATE	NEEDS_DOI_VERSION_AND_AFFILIATION_REVIEW
2023	136	https://www.itp.nsc.ru/publikacii/2023/2023stati/7.html	Zhukov V.E., Mezentseva N.N. Heat transfer in circular channel with spiral intensifiers during circulation of non-azeotropic alcohol-water mixture // Journal of Engineering Thermophysics. – 2023. – Vol. 32, iss. 4. – P. 714-727. DOI ; РИНЦ		KEYWORD_CANDIDATE	NEEDS_DOI_VERSION_AND_AFFILIATION_REVIEW
2023	137	https://www.itp.nsc.ru/publikacii/2023/2023stati/7.html	Davis J.E., Kabov O.A., Zaitsev D.V., Ajaev V.S. Heat transfer, vapour diffusion and Stefan flow around levitating droplets near a heated liquid surface // Journal of Fluid Mechanics. – 2023. – Vol. 964. – А3. - 21 p. DOI		KEYWORD_CANDIDATE	NEEDS_DOI_VERSION_AND_AFFILIATION_REVIEW
2023	138	https://www.itp.nsc.ru/publikacii/2023/2023stati/7.html	Kamel M.A., Lobasov A.S., Narayan S., Pervunin K.S., Markides Ch.N. Hydrate growth over a sessile drop of water in cyclopentane // Crystal Growth and Design. – 2023. – Vol. 23, iss. 6. – P. 4273–4284. DOI ; РИНЦ		NOT_KEYWORD_MATCHED	NEEDS_DOI_VERSION_AND_AFFILIATION_REVIEW
2023	139	https://www.itp.nsc.ru/publikacii/2023/2023stati/7.html	Pakhomov M.A., Lobanov P.D. Hydrodynamics and heat mass transfer in two-phase dispersed flows in pipes or ducts // Water. – 2023. – Vol. 15, iss. 11. – 1969. - 4 p. DOI ; РИНЦ		NOT_KEYWORD_MATCHED	NEEDS_DOI_VERSION_AND_AFFILIATION_REVIEW
2023	140	https://www.itp.nsc.ru/publikacii/2023/2023stati/7.html	Somvanshi P.M., Cheverda V.V., Kabov O.A. Impact of liquid drop over a superhydrophobic surface // Journal of Applied and Industrial Mathematics. - 2023. - Vol. 17, iss. 2. - P. 405–413. DOI (Сомванши П.М., Чеверда В.В., Кабов O.A. Взаимодействие капли жидкости с супергидрофобной поверхностью // Сибирский журнал индустриальной математики. – 2023. – Т. 26, № 2. – C. 142–154). DOI ; РИНЦ		NOT_KEYWORD_MATCHED	NEEDS_DOI_VERSION_AND_AFFILIATION_REVIEW
2023	141	https://www.itp.nsc.ru/publikacii/2023/2023stati/8.html	Finnikov K.A., Ponomareva T.V., Ponomarev E.I., Litvintsev K.Yu. Impact of wildfire on heat and moisture transfer in a seasonally thawed layer of soil studied by numerical simulation // Thermophysics and Aeromechanics. - 2023. - Vol. 30, iss. 6. - P. 1149-1156. DOI ; РИНЦ (Финников К.А., Пономарева Т.В., Пономарев Е.И., Литвинцев К.Ю. Исследование влияния последствий лесных пожаров на перенос тепла и влаги в сезонно-талом слое почвы методами численного моделирования // Теплофизика и аэромеханика. – 2023. – Т. 30, № 6. – С. 1215-1222. РИНЦ )		NOT_KEYWORD_MATCHED	NEEDS_DOI_VERSION_AND_AFFILIATION_REVIEW
2023	142	https://www.itp.nsc.ru/publikacii/2023/2023stati/8.html	Alekseenko S.V., Dekterev A.A., Maltsev L.I., Kuznetsov V.A. Implementation of a three-stage scheme for the co-combustion of pulverized coal and coal-water slurry in an industrial boiler to reduce NO x emissions // Process Safety and Environmental Protection. - 2023. - Vol. 169. - Pages 313-327. DOI ; РИНЦ		NOT_KEYWORD_MATCHED	NEEDS_DOI_VERSION_AND_AFFILIATION_REVIEW
2023	143	https://www.itp.nsc.ru/publikacii/2023/2023stati/8.html	Baranov E.A., Nepomnyashchikh V.A., Konstantinov V.O, Shchukin V.G., Merkulova I.E., Zamchiy A.O., Lunev N.A., Volodin V.A., Shapovalova A.A. Influence of current density on the structure of amorphous silicon suboxide thin films under electron-beam annealing // Journal of Applied Mechanics and Technical Physics. - 2023. - Vol. 64, iss. 5. - P. 778–783. DOI ; РИНЦ (Баранов Е.А., Непомнящих В.А., Константинов В.О., Щукин В.Г., Меркулова И.Е., Замчий А.О., Лунев Н.А., Володин В.А., Шаповалова А.А. Влияние плотности тока на структуру тонких пленок аморфного субоксида кремния при электронно-пучковом отжиге // Прикладная механика и техническая физика. – 2023. – Т. 64, № 5. – С. 52–58). РИНЦ		NOT_KEYWORD_MATCHED	NEEDS_DOI_VERSION_AND_AFFILIATION_REVIEW
2023	144	https://www.itp.nsc.ru/publikacii/2023/2023stati/8.html	Kuznetsov V.V., Shamirzaev A.S., Mordovskoi A.S. Influence of jet velocity on critical heat flux during two-phase microjet cooling of electronics with HFE-7100 // Journal of Engineering Thermophysics. – 2023. – Vol. 32, iss. 2. – P. 208–213. DOI ; РИНЦ		KEYWORD_CANDIDATE	NEEDS_DOI_VERSION_AND_AFFILIATION_REVIEW
2023	145	https://www.itp.nsc.ru/publikacii/2023/2023stati/8.html	Kuznetsov V.V., Shamirzaev A.S., Mordovskoi A.S. Influence of location of submerged impact microjets on convective heat transfer during cooling of a heat-stressed surface by water and dielectric liquid // Technical Physics Letters. – 2023. – Vol. 49, iss. 1. – P. 71- 74. DOI ; РИНЦ (Кузнецов В.В., Шамирзаев А.С., Мордовской А.С. Влияние расположения затопленных импактных микроструй на конвективный теплообмен при охлаждении теплонапряженной поверхности водой и диэлектрической жидкостью // Письма в Журнал технической физики. – 2023. – Т. 49, № 2. – С. 30–33. DOI ; РИНЦ )		KEYWORD_CANDIDATE	NEEDS_DOI_VERSION_AND_AFFILIATION_REVIEW
2023	146	https://www.itp.nsc.ru/publikacii/2023/2023stati/8.html	Bartkus G.V., Kovalev A.V., Yagodnitsyna A.A. Influence of low-frequency external pulsations of liquid flow rate on gas-liquid slug flow in a rectangular microchannel // Interfacial Phenomena and Heat Transfer. – 2023. – Vol. 11, iss. 1. – P. 1-9. DOI ; РИНЦ		KEYWORD_CANDIDATE	NEEDS_DOI_VERSION_AND_AFFILIATION_REVIEW
2023	147	https://www.itp.nsc.ru/publikacii/2023/2023stati/8.html	Gogonin I.I. Influence of nonuniform irrigation of structured packing on heat and mass transfer in distillation column // Journal of Engineering Thermophysics. – 2023. – Vol. 32, iss. 4. – Р. 407–414. DOI ; РИНЦ		NOT_KEYWORD_MATCHED	NEEDS_DOI_VERSION_AND_AFFILIATION_REVIEW
2023	148	https://www.itp.nsc.ru/publikacii/2023/2023stati/8.html	Pakhomov M.A., Terekhov V.I. Influence of pulses frequency on forced convection in nonstationary jets inpingement // Technical Physics Letters. – 2023. – Vol. 49, iss. 10. – P. 27-29. (Пахомов М.А., Терехов В.И. Влияние частоты импульсов на вынужденную конвекцию в импактных нестационарных струях // Письма в Журнал технической физики. – 2023. – Т. 49, № 19. – С. 31–34. DOI ; РИНЦ )		NOT_KEYWORD_MATCHED	NEEDS_DOI_VERSION_AND_AFFILIATION_REVIEW
2023	149	https://www.itp.nsc.ru/publikacii/2023/2023stati/8.html	Litvintsev K.Y., Dekterev A.A, Meshkova V.D., Filimonov S.A. Influence of radiation on the formation of wind and temperature regimes in urban environment // Thermophysics and Aeromechanics. - 2023. - Vol. 30, iss. 4. - P. 683–694. DOI ; РИНЦ (Литвинцев К.Ю., Дектерев А.А., Мешкова В.Д., Филимонов С.А. Влияние излучения на формирование ветрового и температурного режимов в городской среде // Теплофизика и аэромеханика. - 2023. - Т. 30, № 4. - С. 723-735). РИНЦ		NOT_KEYWORD_MATCHED	NEEDS_DOI_VERSION_AND_AFFILIATION_REVIEW
2023	150	https://www.itp.nsc.ru/publikacii/2023/2023stati/8.html	Kovalev A.V., Yagodnitsyna A.A., Bilsky A.V. Influence of sinusoidal flow pulsations of the dispersed phase on the flow characteristics of immiscible viscous liquids in a T-type microchannel // Journal of Applied Mechanics and Technical Physics. - 2023. - Vol. 64, iss. 3. - P. 378–387. DOI ; РИНЦ (Ковалев А.В., Ягодницына А.А., Бильский А.В. Влияние синусоидальных пульсаций расхода дисперсной фазы на характеристики течений вязких несмешивающихся жидкостей в микроканале Т-типа // Прикладная механика и техническая физика. – 2023. – Т. 64, № 3. – C. 20–31). DOI ; РИНЦ		KEYWORD_CANDIDATE	NEEDS_DOI_VERSION_AND_AFFILIATION_REVIEW
2023	151	https://www.itp.nsc.ru/publikacii/2023/2023stati/8.html	Vladyko I.V., Miskiv N.B., Serdyukov V.S., Nazarov A.D., Surtaev A.S. Influence of the nozzle-to-surface distance on spray cooling efficiency // Fluids. – 2023. – Vol. 8, iss. 7. – 191. - 12 p. DOI ; РИНЦ		KEYWORD_CANDIDATE	NEEDS_DOI_VERSION_AND_AFFILIATION_REVIEW
2023	152	https://www.itp.nsc.ru/publikacii/2023/2023stati/8.html	Morozova M.A., Ukhina A.V. , Zaikovskii A.V. Influence of the pressure of a propane-butane mixture on the morphology of carbon nanomaterial formed in an arc discharge // Thermophysics and Aeromechanics. - 2023. - Vol. 30, iss. 5. - P. 917-924. DOI ; РИНЦ (Морозова М.А., Ухина А.В., Зайковский А.В. Влияние давления пропан-бутановой смеси на морфологию углеродного наноматериала, формируемого в дуговом разряде // Теплофизика и аэромеханика. – 2023. – Т. 30, № 5. – С. 965-973. РИНЦ )		NOT_KEYWORD_MATCHED	NEEDS_DOI_VERSION_AND_AFFILIATION_REVIEW
2023	153	https://www.itp.nsc.ru/publikacii/2023/2023stati/8.html	Abdurakipov S.S., Lushkin A.P., Shatskiy E.N., Chinnov E.A. Influence of thermocapillary forces on the characteristics of falling liquid films // International Journal of Heat and Mass Transfer. - 2023. - Vol. 202. - 123496. - 31 p. DOI ; РИНЦ		KEYWORD_CANDIDATE	NEEDS_DOI_VERSION_AND_AFFILIATION_REVIEW
2023	154	https://www.itp.nsc.ru/publikacii/2023/2023stati/8.html	Zudov V.N., Tupikin A.V. Initiation of homogeneous combustion in a high-velocity jet by a joint action of optical and electric discharge // Combustion, Explosion, and Shock Waves. - 2023. - Vol. 59, iss. 1. - P. 22–28. DOI ; РИНЦ (Зудов В.Н., Тупикин А.В. Инициирование гомогенного горения в высокоскоростной струе совместным воздействием оптического и электрического разрядов // Физика горения и взрыва. - 2023. - Т. 59, № 1. - С. 25-31. DOI ; РИНЦ )		NOT_KEYWORD_MATCHED	NEEDS_DOI_VERSION_AND_AFFILIATION_REVIEW
2023	155	https://www.itp.nsc.ru/publikacii/2023/2023stati/8.html	Sharifullin B.R., Skripkin S.G., Naumov I.V., Zuo Z., Li B., Shtern V.N. Intense vortex motion in a two-phase bioreactor // Water. – 2023. – Vol. 15, iss. 1. – 94. - 15 p. DOI ; РИНЦ		NOT_KEYWORD_MATCHED	NEEDS_DOI_VERSION_AND_AFFILIATION_REVIEW
2023	156	https://www.itp.nsc.ru/publikacii/2023/2023stati/8.html	Somvanshi P.M., Cheverda V.V., Kabov O.A. Interaction of a liquid drop with a superhydrophobic surface // Journal of Applied and Industrial Mathematics. – 2023. – Vol. 17, iss. 2. – P. 405–413. DOI ; РИНЦ		NOT_KEYWORD_MATCHED	NEEDS_DOI_VERSION_AND_AFFILIATION_REVIEW
2023	157	https://www.itp.nsc.ru/publikacii/2023/2023stati/8.html	Yarygin V.N., Prikhodko V.G., Yarygin I.V. Interfacial interaction of high-velocity co-current gas flow with near-wall liquid film inside a nozzle and under outflow into a vacuum // Interfacial Phenomena and Heat Transfer. – 2023. – Vol. 11, iss. 2. – P. 53–64. DOI ; РИНЦ		KEYWORD_CANDIDATE	NEEDS_DOI_VERSION_AND_AFFILIATION_REVIEW
2023	158	https://www.itp.nsc.ru/publikacii/2023/2023stati/8.html	Shvetsov D.A., Pavlenko A.N., Brester A.E., Zhukov V.I. Inversion of the boiling curve on microstructured porous coatings // High Temperature. – 2023. - Vol. 61, iss. 3. - P. 372–376. DOI ; РИНЦ (Швецов Д.А., Павленко А.Н., Брестер А.Е., Жуков В.И. Инверсия кривой кипения на микроструктурированных пористых покрытиях // Теплофизика высоких температур. - 2023. - Т. 61, № 3. - С. 405-409. DOI ; РИНЦ )		KEYWORD_CANDIDATE	NEEDS_DOI_VERSION_AND_AFFILIATION_REVIEW
2023	159	https://www.itp.nsc.ru/publikacii/2023/2023stati/8.html	Gaidukova O.S., Misyura S.Ya. , Strizhak P. A. Investigating gas hydrate ignition at various heating schemes // Journal of Engineering Physics and Thermophysics. - 2023. - Vol. 96, iss. 1. - P. 91–103. DOI ; РИНЦ (Гайдукова О.С., Мисюра С.Я., Стрижак П.А. Исследование зажигания газовых гидратов при разных схемах нагрева // Инженерно-физический журнал. - 2023. - Т. 96, № 1. - С. 93-105) РИНЦ		NOT_KEYWORD_MATCHED	NEEDS_DOI_VERSION_AND_AFFILIATION_REVIEW
2023	160	https://www.itp.nsc.ru/publikacii/2023/2023stati/8.html	Litvinova D.V., Tsoy M.A., Kashkarova M.V., Kravtsova A.Y. Investigating the influence of the magnetic field on the flow of colloidal fluid in a microchannel system // Journal of Engineering Thermophysics. – 2023. – Vol. 32, iss. 2. – P. 398–404. DOI ; РИНЦ		KEYWORD_CANDIDATE	NEEDS_DOI_VERSION_AND_AFFILIATION_REVIEW
2023	161	https://www.itp.nsc.ru/publikacii/2023/2023stati/9.html	Kuznetsov A., Butakov E., Abdurakipov S., Burdukov A. Investigation of ignition and thermal decomposition of coal fuel, waste and sawdust of different degrees of metamorphism based on machine learning methods // Interfacial Phenomena and Heat Transfer. – 2023. – Vol. 11, iss. 2. – P. 43–51. DOI ; РИНЦ		KEYWORD_CANDIDATE	NEEDS_DOI_VERSION_AND_AFFILIATION_REVIEW
2023	162	https://www.itp.nsc.ru/publikacii/2023/2023stati/9.html	Platonov D.V., Sentyabov A.V., Minakov A.V., Shtork S.I. Investigation of the effect of air admission on the vortex structure of the flow in a tangential chamber // Журнал Сибирского федерального университета. Серия: Математика и физика = Journal of Siberian Federal University. Mathematics and Physics. - 2023. - Vol. 16, iss. 5. - P. 651-660. РИНЦ		NOT_KEYWORD_MATCHED	NEEDS_DOI_VERSION_AND_AFFILIATION_REVIEW
2023	163	https://www.itp.nsc.ru/publikacii/2023/2023stati/9.html	Kuznetsov A., Butakov E., Lomovsky I. Investigation of the effect of sawdust-coal composite formation on the processes of ignition, combustion, and thermal decomposition of the obtained fuel samples // Interfacial Phenomena and Heat Transfer. - 2023. - Vol. 11, iss. 2. - P. 33-42. DOI ; РИНЦ		KEYWORD_CANDIDATE	NEEDS_DOI_VERSION_AND_AFFILIATION_REVIEW
2023	164	https://www.itp.nsc.ru/publikacii/2023/2023stati/9.html	"Sergeev D.A., Troitskaya Y.I., Cherdantsev A.V. Investigation of the spray generation due to bag breakup fragmentation phenomena with optical methods in environmental and technical systems // Scientific Visualizationю - 2023. - Vol. 15, iss. 3. - P. 83-91. DOI ; SCOPUS (Сергеев Д.А., Троицкая Ю.И., Черданцев А.В. Исследование оптическими методами явлений генерации брызг по типу ""парашют"" в природных и технических системах // Научная визуализация. - 2023. - Т. 15, № 3. - С. 83-91). РИНЦ"		KEYWORD_CANDIDATE	NEEDS_DOI_VERSION_AND_AFFILIATION_REVIEW
2023	165	https://www.itp.nsc.ru/publikacii/2023/2023stati/9.html	Zamchiy A.O., Vorobyov Y.V., Lunev N.A., Konstantinov V.O., Sakhapov S.Z., Maximovskiy E.A., Baranov E.A. Kinetics of gold-induced layer exchange crystallization of amorphous silicon suboxide films: Experimental and theoretical study // Journal of Alloys and Compounds. – 2023. – Vol. 939. – 168818. DOI ; РИНЦ		NOT_KEYWORD_MATCHED	NEEDS_DOI_VERSION_AND_AFFILIATION_REVIEW
2023	166	https://www.itp.nsc.ru/publikacii/2023/2023stati/9.html	Kozlovskii Y.M,, Stankus S.V. Linear thermal expansion coefficient of gallium garnets Gd 3 Ga 5 O 12 , Gd 3.04 Sc 1.8 Ga 3.16 O 12 , and Ca 3 Nb 1.5 Ga 3.5 O 12 // Thermophysics and Aeromechanics. - 2023. - Vol. 30. - P. 589–593. DOI; РИНЦ (Козловский Ю.М., Станкус С.В. Термический коэффициент линейного расширения галлиевых гранатов Gd 3 Ga 5 O 12 , Gd 3,04 Sc 1,8 Ga 3,16 O 12 и Ca 3 Nb 1,5 Ga 3,5 O 12 // Теплофизика и аэромеханика. - 2023. - Т. 30, № 3. - С. 625-630). РИНЦ		NOT_KEYWORD_MATCHED	NEEDS_DOI_VERSION_AND_AFFILIATION_REVIEW
2023	167	https://www.itp.nsc.ru/publikacii/2023/2023stati/9.html	Kozlovskii Yu.M., Stankus S.V. Linear thermal expansion coefficient of Nickel NP2 brand // Journal of Engineering Thermophysics. – 2023. – Vol. 32, iss. 4. – P. 697–701. DOI ; РИНЦ		NOT_KEYWORD_MATCHED	NEEDS_DOI_VERSION_AND_AFFILIATION_REVIEW
2023	168	https://www.itp.nsc.ru/publikacii/2023/2023stati/9.html	Tsvelodub O.Yu. Long-wave models for a countercurrent flow of liquid film and turbulent gas flow // Interfacial Phenomena and Heat Transfer. – 2023. –Vol. 11, iss. 1. – P. 39–53. DOI ; РИНЦ		KEYWORD_CANDIDATE	NEEDS_DOI_VERSION_AND_AFFILIATION_REVIEW
2023	169	https://www.itp.nsc.ru/publikacii/2023/2023stati/9.html	Sadkin I., Mukhina M., Kopyev E., Sharypov O., Alekseenko S. Low-emission waste-to-energy method of liquid fuel combustion with a mixture of superheated steam and carbon dioxide // Energies. – 2023. – Vol. 16, iss. 15. – 5745. - 16 p. DOI ; РИНЦ		NOT_KEYWORD_MATCHED	NEEDS_DOI_VERSION_AND_AFFILIATION_REVIEW
2023	170	https://www.itp.nsc.ru/publikacii/2023/2023stati/9.html	Khmel S.Ya., Starinskiy S.V., Baranov E.A., Zamchiy A.O., Safonov A.I., Shukhov Y.G., Bulgakov A.V. Low-temperature catalyzed growth and plasmonic properties of columnar Au-SiO x nanocomposite thin films // Interfacial Phenomena and Heat Transfer. – 2023. – Vol. 11, iss. 1. – P. 75–85. DOI ; РИНЦ		KEYWORD_CANDIDATE	NEEDS_DOI_VERSION_AND_AFFILIATION_REVIEW
2023	171	https://www.itp.nsc.ru/publikacii/2023/2023stati/9.html	Kichatov B., Korshunov A., Sudakov V., Golubkov A., Smovzh D., Sakhapov S., Skirda M. Magnetic manganese‐based micromotors MnFe 2 O 4 @Fe 3 O 4 /graphite and Mn 2 O 3 @Fe 2 O 3 @Fe 3 O 4 /graphite for organic pollutant degradation // Advanced Sustainable Systems. – 2023. – Vol. 7, iss. 12. – 2300288. DOI ; РИНЦ		NOT_KEYWORD_MATCHED	NEEDS_DOI_VERSION_AND_AFFILIATION_REVIEW
2023	172	https://www.itp.nsc.ru/publikacii/2023/2023stati/9.html	Karelin V.A., Salomatov V.V. Mathematical model of heat transfer in a dielectric layer under microwave irradiation // Thermophysics and Aeromechanics. - 2023. - Vol. 30, iss. 2. - P. 355–359. DOI ; РИНЦ (Карелин В.А., Саломатов В.В. Математическая модель переноса тепла в слое диэлектрика при СВЧ-облучении // Теплофизика и аэромеханика. - 2023. - Т. 30, № 2. - С. 375-380). РИНЦ		KEYWORD_CANDIDATE	NEEDS_DOI_VERSION_AND_AFFILIATION_REVIEW
2023	173	https://www.itp.nsc.ru/publikacii/2023/2023stati/9.html	Filimonov S.A., Gavrilov A.A., Dekterev A.A., Litvintsev K.Y. Mathematical modeling of the interaction of a thermal convective flow and a moving body // Computational Continuum Mechanics. - 2023. - Vol. 16, iss. 1. - P. 89-100 (Филимонов С.А., Гаврилов А.А., Дектерев А.А., Литвинцев К.Ю. Математическое моделирование взаимодействия свободно-конвективного течения и подвижного тела // Вычислительная механика сплошных сред. – 2023. – Т. 16, № 1 - C. 89-100. DOI ; РИНЦ )		NOT_KEYWORD_MATCHED	NEEDS_DOI_VERSION_AND_AFFILIATION_REVIEW
2023	174	https://www.itp.nsc.ru/publikacii/2023/2023stati/9.html	Shchukin V.G., Konstantinov V.O. Measurement of silicon melt temperature during electron beam refining // Journal of Applied Mechanics and Technical Physics. - 2023. - Vol. 64, iss. 5. - P. 767-771. DOI ; РИНЦ (Щукин В.Г., Константинов В.О. Измерение температуры расплава кремния при электронно-пучковом рафинировании // Прикладная механика и техническая физика. - 2023. - Т. 64, № 5 (381). - С. 39-44). РИНЦ		NOT_KEYWORD_MATCHED	NEEDS_DOI_VERSION_AND_AFFILIATION_REVIEW
2023	175	https://www.itp.nsc.ru/publikacii/2023/2023stati/9.html	Gatapova E.Ya. Measurement of temperature profiles near the liquid–gas interface during evaporation of water and ethanol into air // High Temperature. - 2023. - Vol. 61, iss. 4. - P. 525-534. DOI ; РИНЦ (Гатапова Е.Я. Измерение профилей температур вблизи межфазной границы жидкость-газ при испарении воды и этанола в воздух // Теплофизика высоких температур. – 2023. – Т. 61, № 4. – С. 567-577. DOI ; РИНЦ )		KEYWORD_CANDIDATE	NEEDS_DOI_VERSION_AND_AFFILIATION_REVIEW
2023	176	https://www.itp.nsc.ru/publikacii/2023/2023stati/9.html	Cherdantsev A., Bobylev A., Guzanov V., Kvon A., Kharlamov S. Measuring liquid film thickness based on the brightness level of the fluorescence: Methodical overview // International Journal of Multiphase Flow. - 2023. - Vol.168. - 104570. - 22 p. DOI ; РИНЦ		KEYWORD_CANDIDATE	NEEDS_DOI_VERSION_AND_AFFILIATION_REVIEW
2023	177	https://www.itp.nsc.ru/publikacii/2023/2023stati/9.html	Zuev V.O., Dvoinishnikov S.V., Meledin V.G., Rakhmanov V.V., Sadbakov O.Y., Kabardin I.K. Measuring the geometric parameters of ice by phase triangulation method in a limited volume with refraction of optical signals // Thermophysics and Aeromechanics. - 2023. - Vol. 30. - P. 121–126. DOI ; РИНЦ (Зуев В.О., Двойнишников С.В., Меледин В.Г., Рахманов В.В., Садбаков О.Ю., Кабардин И.К. Измерение геометрических параметров наледи методом фазовой триангуляции в ограниченном объеме с преломлением оптических сигналов // Теплофизика и аэромеханика. - 2023. - Т. 30, № 1. - С. 127-132). РИНЦ		NOT_KEYWORD_MATCHED	NEEDS_DOI_VERSION_AND_AFFILIATION_REVIEW
2023	178	https://www.itp.nsc.ru/publikacii/2023/2023stati/9.html	Gluzdov D.S., Gatapova E.Ya. Microchannel surface structures for drag reduction // Journal of Engineering Thermophysics. – 2023. – Vol. 32, iss. 2. – P. 214–241. DOI ; РИНЦ		KEYWORD_CANDIDATE	NEEDS_DOI_VERSION_AND_AFFILIATION_REVIEW
2023	179	https://www.itp.nsc.ru/publikacii/2023/2023stati/9.html	Pryazhnikov M., Pryazhnikov A., Skorobogatova A., Minakov A., Ivleva Y. Microfluidic study of enhanced oil recovery during flooding with polyacrylamide polymer solutions // Micromachines. – 2023. – Vol. 14, iss. 6. – 1137. - 16 p. DOI ; РИНЦ		KEYWORD_CANDIDATE	NEEDS_DOI_VERSION_AND_AFFILIATION_REVIEW
2023	180	https://www.itp.nsc.ru/publikacii/2023/2023stati/9.html	Mokrushnikov P.V., Rudyak V.Ya. Model of lipid diffusion in cytoplasmic membranes // Biophysics. - 2023. - Vol. 68, iss. 1. - P 31-43. DOI ; РИНЦ (Мокрушников П.В., Рудяк В.Я. Модель диффузии липидов в цитоплазматических мембранах // Биофизика. - 2023. - Т. 68, № 1. - С. 41-56). DOI ; РИНЦ		NOT_KEYWORD_MATCHED	NEEDS_DOI_VERSION_AND_AFFILIATION_REVIEW
2023	181	https://www.itp.nsc.ru/publikacii/2023/2023stati/10.html	Geshev P.I., Kashinsky O.N. Model of the hydraulic resistance for a flow in the spiral-wounded column // Journal of Engineering Thermophysics. – 2023. – Vol. 32, iss. 2. – P. 389–397. DOI ; РИНЦ		NOT_KEYWORD_MATCHED	NEEDS_DOI_VERSION_AND_AFFILIATION_REVIEW
2023	182	https://www.itp.nsc.ru/publikacii/2023/2023stati/10.html	Fedoseev A.V., Salnikov M.V., Ostapchenko A.E. Modeling of a single bubble dynamics at boiling by lattice Boltzmann method // Journal of Applied and Industrial Mathematics. - 2023. - Vol. 17, iss. 1. - P. 64–71. DOI ; РИНЦ (Федосеев А.В., Сальников М.В., Остапченко А.Е. Моделирование динамики всплытия одиночного пузыря методом решёточных уравнений Больцмана // Сибирский журнал индустриальной математики. - 2023. - Т. 26, № 1 (93). - С. 191-200). РИНЦ		KEYWORD_CANDIDATE	NEEDS_DOI_VERSION_AND_AFFILIATION_REVIEW
2023	183	https://www.itp.nsc.ru/publikacii/2023/2023stati/10.html	Sakhnov A.Yu., Volodin O.A., Pecherkin N.I., Pavlenko A.N. Modes of a liquid film falling down a vertical cylinder at different contact angles // High Temperature. - 2023. - Vol. 61, iss. 4. - P. 550-558. DOI ; РИНЦ (Сахнов А.Ю., Володин О.А., Печеркин Н.И., Павленко А.Н. Режимы стекания пленки жидкости на вертикальном цилиндре при различных контактных углах смачивания // Теплофизика высоких температур. – 2023. – Т. 61, № 4. – С. 594–603. DOI ; РИНЦ )		KEYWORD_CANDIDATE	NEEDS_DOI_VERSION_AND_AFFILIATION_REVIEW
2023	184	https://www.itp.nsc.ru/publikacii/2023/2023stati/10.html	Shestakov M.V., Tokarev M.V. Modulation of flow meandering in the gap of a model of a peripheral subchannel of a fuel rod assembly // Thermophysics and Aeromechanics. - 2023. - Vol. 30, iss. 6. - P. 983-994. DOI ; РИНЦ (Шестаков М.В., Токарев М.В. Модуляция меандрирования течения в зазоре модели периферийной ячейки тепловыделяющей сборки // Теплофизика и аэромеханика. – 2023. – Т. 30, № 6. – С. 1041-1053. РИНЦ )		NOT_KEYWORD_MATCHED	NEEDS_DOI_VERSION_AND_AFFILIATION_REVIEW
2023	185	https://www.itp.nsc.ru/publikacii/2023/2023stati/10.html	Misyura S.Y., Andryushchenko V.A., Morozov V.S. Molecular dynamic simulation and experimental data on graphene wettability on heated structured surfaces // Experimental Heat Transfer. – 2023. – Vol. 36, iss. 6. - P. 808–825. DOI ; РИНЦ		KEYWORD_CANDIDATE	NEEDS_DOI_VERSION_AND_AFFILIATION_REVIEW
2023	186	https://www.itp.nsc.ru/publikacii/2023/2023stati/10.html	Kichatov B., Korshunov A., Sudakov V., Gubernov V., Golubkov A., Kolobov A., Kiverin A., Chikishev L. Motion of magnetic motors across liquid–liquid interface // Journal of Colloid and Interface Science. - 2023. - Vol. 652, part B. - P. 1456-1466. DOI ; РИНЦ		NOT_KEYWORD_MATCHED	NEEDS_DOI_VERSION_AND_AFFILIATION_REVIEW
2023	187	https://www.itp.nsc.ru/publikacii/2023/2023stati/10.html	Кочарина А. Р., Чирков Д.В. MUSCL-схема третьего порядка точности на неравномерной структурированной сетке // Вычислительные методы и программирование. – 2023. – Т. 24, № 4. – С. 386-407. DOI ; РИНЦ (Kocharina A.R., Chirkov D. V. MUSCL-scheme of the third order of accuracy on a non-uniform structured grid // Numerical Methods and Programming. - 2023. - Vol. 24, iss. 4. - P. 386–407)		NOT_KEYWORD_MATCHED	NEEDS_DOI_VERSION_AND_AFFILIATION_REVIEW
2023	188	https://www.itp.nsc.ru/publikacii/2023/2023stati/10.html	Mirza I., Bulgakov A.V., Sopha H., Starinskiy S.V., Turčičová H., Novák O., Mužík J., Smrž M., Volodin V.A., Mocek T., Macak Ja.M., Bulgakova N.M. Non-thermal regimes of laser annealing of semiconductor nanostructures: Crystallization without melting // Frontiers in Nanotechnology. – 2023. – Vol. 5. - 1271832. - 12 p. DOI ; РИНЦ		NOT_KEYWORD_MATCHED	NEEDS_DOI_VERSION_AND_AFFILIATION_REVIEW
2023	189	https://www.itp.nsc.ru/publikacii/2023/2023stati/10.html	Misyura S., Semenov A., Peschenyuk Y., Vozhakov I., Morozov V. Nonisothermal evaporation of sessile drops of aqueous solutions with surfactant // Energies. – 2023. – Vol. 16, iss. 2. - 843. - 21 p. DOI ; РИНЦ		KEYWORD_CANDIDATE	NEEDS_DOI_VERSION_AND_AFFILIATION_REVIEW
2023	190	https://www.itp.nsc.ru/publikacii/2023/2023stati/10.html	Aktershev S.P., Alekseenko S.V. Nonlinear waves in a rivulet falling down a vertical plate // International Journal of Non-Linear Mechanics. – 2023. – Vol. 156. – 104479. DOI ; РИНЦ		NOT_KEYWORD_MATCHED	NEEDS_DOI_VERSION_AND_AFFILIATION_REVIEW
2023	191	https://www.itp.nsc.ru/publikacii/2023/2023stati/10.html	Ashikhmin A., Semyonova A., Fedorov V., Misyura S., Piskunov M. Nucleate boiling heat transfer during water–IN–oil emulsion drop impact onto a heated solid surface // International Journal of Thermal Sciences. - 2023. - Vol. 184. - 107989. DOI ; РИНЦ		KEYWORD_CANDIDATE	NEEDS_DOI_VERSION_AND_AFFILIATION_REVIEW
2023	192	https://www.itp.nsc.ru/publikacii/2023/2023stati/10.html	Barsukov A.V., Terekhov V.V., Terekhov V.I. Numerical investigation of the structure of turbulent flow and heat transfer in a planar channel with hexagonal honeycomb of varying depth // Journal of Applied and Industrial Mathematics. - 2023. - Vol. 17, iss. 2. - P. 242-250. DOI ; РИНЦ (Барсуков А.В., Терехов В.В., Терехов В.И. Численное исследование структуры турбулентного течения и теплообмена в плоском канале с гексагональными сотами различной глубины // Сибирский журнал индустриальной математики. – 2023. – T. 26, № 2. – С. 14–24). РИНЦ		KEYWORD_CANDIDATE	NEEDS_DOI_VERSION_AND_AFFILIATION_REVIEW
2023	193	https://www.itp.nsc.ru/publikacii/2023/2023stati/10.html	Krasinsky D.V. Numerical modeling of heat transfer processes in a coal-fired vortex furnace with bottom-port secondary blowing: ecological performance comparison of two types of coal fuel // Interfacial Phenomena and Heat Transfer. – 2023. – Vol. 11, iss. 2. – P. 109–122. DOI ; РИНЦ		KEYWORD_CANDIDATE	NEEDS_DOI_VERSION_AND_AFFILIATION_REVIEW
2023	194	https://www.itp.nsc.ru/publikacii/2023/2023stati/10.html	Aksenov A.A., Zhluktov S.V., Kashirin V.S., Sazonova M.L., Chernyi S.G., Drozdova E.A., Rode A.A. Numerical modeling of raw atomization and vaporization by flow of heat carrier gas in furnace technical carbon production into FlowVision // Computer Research and Modeling. - 2023. - Vol. 15, iss. 4. - P. 921–939. DOI (Аксенов А.А., Жлуктов С.В., Каширин В.С., Сазонова М.Л., Черный С.Г., Дроздова Е.А., Роде А.А. Численное моделирование в ПК FlowVision распыла и испарения сырья в потоке газа-теплоносителя при печном производстве технического углерода // Компьютерные исследования и моделирование. – 2023. – Т. 15, № 4. – С. 921–939). DOI ; РИНЦ		KEYWORD_CANDIDATE	NEEDS_DOI_VERSION_AND_AFFILIATION_REVIEW
2023	195	https://www.itp.nsc.ru/publikacii/2023/2023stati/10.html	Aktershev S.P., Mezentseva N.N., Mezentsev I.V., Gorelik R.S. Numerical simulation for a regenerative heat exchanger in a ventilation system with a periodic change in the airflow direction // Thermophysics and Aeromechanics. - 2023. - Vol. 30, iss. 2. - P. 317–326. DOI ; РИНЦ (Актершев С.П., Мезенцева Н.Н., Мезенцев И.В., Горелик Р.С. Численное моделирование регенеративного теплообменника для вентиляции с периодической сменой направления воздушного потока // Теплофизика и аэромеханика. - 2023. - Т. 30, № 2. - С. 333-343) РИНЦ		KEYWORD_CANDIDATE	NEEDS_DOI_VERSION_AND_AFFILIATION_REVIEW
2023	196	https://www.itp.nsc.ru/publikacii/2023/2023stati/10.html	Alekseev M.V., Lukyanov An.A. Numerical simulation of a stationary Taylor gas bubble // Thermophysics and Aeromechanics. - 2023. - Vol. 30, iss. 2. - P. 279-292. DOI ; РИНЦ (Алексеев М.В. Лукьянов А.А. Численное моделирование неподвижного газового снаряда Тейлора // Теплофизика и аэромеханика. – 2023. – Т. 30, № 2. – С. 293–307. РИНЦ )		NOT_KEYWORD_MATCHED	NEEDS_DOI_VERSION_AND_AFFILIATION_REVIEW
2023	197	https://www.itp.nsc.ru/publikacii/2023/2023stati/10.html	Palkin E.V., Hrebtov M.Yu., Mullyadzhanov R.I., Litvinov I.V., Alexeenko S.V. Numerical simulation of a swirling flow in a Francis draft tube // Journal of Applied and Industrial Mathematics. - 2023. - Vol. 17, iss. 1. - P. 156–162. DOI ; РИНЦ (Палкин Е.В., Хребтов М.Ю., Мулляджанов Р.И., Литвинов И.В., Алексеенко C.В. Численное моделирование закрученного потока в отсасывающей трубе модели гидротурбины // Сибирский журнал индустриальной математики. - 2023. - Т. 26, № 1 (93). - С. 132-141. РИНЦ )		NOT_KEYWORD_MATCHED	NEEDS_DOI_VERSION_AND_AFFILIATION_REVIEW
2023	198	https://www.itp.nsc.ru/publikacii/2023/2023stati/10.html	Alekseev M., Lukyanov A., Vozhakov I. S. Numerical simulation of a taylor bubble in a heated tube // Interfacial Phenomena and Heat Transfer. – 2023. – Vol. 11, iss. 2. – P. 65–79. DOI ; РИНЦ		KEYWORD_CANDIDATE	NEEDS_DOI_VERSION_AND_AFFILIATION_REVIEW
2023	199	https://www.itp.nsc.ru/publikacii/2023/2023stati/10.html	Apostol Y. S., Vozhakov I. S. Numerical simulation of a turbulent gas flow over a wavy surface // Journal of Applied and Industrial Mathematics. – 2023. – Vol. 17, iss. 2. – P. 235–241. DOI ; РИНЦ (Апостол Ю.С., Вожаков И.С. Численное моделирование турбулентного газового потока над волнистой поверхностью // Сибирский журнал индустриальной математики. – 2023. – Т. 26, № 2. – С. 5–13). РИНЦ		NOT_KEYWORD_MATCHED	NEEDS_DOI_VERSION_AND_AFFILIATION_REVIEW
2023	200	https://www.itp.nsc.ru/publikacii/2023/2023stati/10.html	Minakov A.V., Platonov D.V., Sentyabov A.V. Numerical simulation of swirling flow modes in a model of a hydraulic turbine and a draft tube // Thermophysics and Aeromechanics. - 2023. - Vol. 30, iss. 1. - P. 37–42. DOI ; РИНЦ (Минаков А.В., Платонов Д.В., Сентябов А.В. Численное моделирование режимов закрученного течения в модели гидравлической турбины и отсасывающей трубы // Теплофизика и аэромеханика. - 2023. - Т. 30, № 1. - С. 41-46). DOI; РИНЦ		NOT_KEYWORD_MATCHED	NEEDS_DOI_VERSION_AND_AFFILIATION_REVIEW
2023	201	https://www.itp.nsc.ru/publikacii/2023/2023stati/11.html	Vozhakov I.S., Hrebtov M.Yu., Yavorsky N.I., Mullyadzhanov R.I. Numerical simulations of swirling water jet atomization: A mesh convergence study // Water. – 2023. –Vol. 15, iss. 14. – 2552. - 14 p. DOI ; РИНЦ		NOT_KEYWORD_MATCHED	NEEDS_DOI_VERSION_AND_AFFILIATION_REVIEW
2023	202	https://www.itp.nsc.ru/publikacii/2023/2023stati/11.html	Ponomarev A.A., Sharaborin D.K., Khrebtov M.Yu., Mullyadzhanov R.I., Dulin V.M. Numerical study of ethanol suspension combustion in air // Combustion, Explosion, and Shock Waves. - 2023. - Vol. 59, iss. 2. - P. 129–136. DOI ; РИНЦ (Пономарев А.А., Шараборин Д.К., Хребтов М.Ю., Мулляджанов Р.И., Дулин В.М. Численное исследование горения взвеси этанола в воздухе // Физика горения и взрыва. - 2023. - Т. 59, № 2. - С. 7-15. DOI ; РИНЦ )		NOT_KEYWORD_MATCHED	NEEDS_DOI_VERSION_AND_AFFILIATION_REVIEW
2023	203	https://www.itp.nsc.ru/publikacii/2023/2023stati/11.html	Melnik A., Bogoslovtseva A., Petrova A., Safonov A., Markides C. N. Oil–water separation on hydrophobic and superhydrophobic membranes made of stainless steel meshes with fluoropolymer coatings // Water. – 2023. – Vol. 15, iss. 7. – 1346. - 13 p. DOI ; РИНЦ		NOT_KEYWORD_MATCHED	NEEDS_DOI_VERSION_AND_AFFILIATION_REVIEW
2023	204	https://www.itp.nsc.ru/publikacii/2023/2023stati/11.html	Kropotin P., Marchuk I. On efficiency of load-lifting rope-traction mechanisms used in gravity energy storage systems // Journal of Energy Storage. – 2023. – Vol. 58. – 106393. DOI ; РИНЦ		NOT_KEYWORD_MATCHED	NEEDS_DOI_VERSION_AND_AFFILIATION_REVIEW
2023	205	https://www.itp.nsc.ru/publikacii/2023/2023stati/11.html	Sadkin I.S., Korepanova E.M., Shchinnikov P.A. On temperature of working fluid supply to combustion chamber in CO 2 power cycles with oxy-combustion of methane // Journal of Engineering Thermophysics. – 2023. – Vol. 32, iss. 4. – P. 816–823. DOI ; РИНЦ		NOT_KEYWORD_MATCHED	NEEDS_DOI_VERSION_AND_AFFILIATION_REVIEW
2023	206	https://www.itp.nsc.ru/publikacii/2023/2023stati/11.html	Piskunov M., Semyonova A., Ashikhmin A., Fedorov V., Khomutov N., Misyura S. On the instability of water-in-oil emulsion drop lamella and rim moving over a heated surface in the film boiling regime // International Journal of Heat and Mass Transfer. – 2023. – Vol. 202. – 123724. DOI ; РИНЦ		KEYWORD_CANDIDATE	NEEDS_DOI_VERSION_AND_AFFILIATION_REVIEW
2023	207	https://www.itp.nsc.ru/publikacii/2023/2023stati/11.html	Shamirzaev A.S. On the pressure drop calculation during the flow of two-phase non-azeotropic mixtures // International Journal of Multiphase Flow. – 2023. – Vol. 162. - 104314. DOI ; РИНЦ		NOT_KEYWORD_MATCHED	NEEDS_DOI_VERSION_AND_AFFILIATION_REVIEW
2023	208	https://www.itp.nsc.ru/publikacii/2023/2023stati/11.html	Gorelic R.S., Timkin L.S. On the validity conditions of the Sato hypothesis // Interfacial Phenomena and Heat Transfer. – 2023. – Vol. 11, iss. 1. – P. 87–93. DOI ; РИНЦ		KEYWORD_CANDIDATE	NEEDS_DOI_VERSION_AND_AFFILIATION_REVIEW
2023	209	https://www.itp.nsc.ru/publikacii/2023/2023stati/11.html	Kropotin P., Penkov O., Marchuk I. On using unstabilized compressed earth blocks as suspended weights in gravity energy storages // Journal of Energy Storage. - 2023. - Vol. 72, part E. - 108764. - 12 p. DOI ; РИНЦ		NOT_KEYWORD_MATCHED	NEEDS_DOI_VERSION_AND_AFFILIATION_REVIEW
2023	210	https://www.itp.nsc.ru/publikacii/2023/2023stati/11.html	Tokarev M.P., Nichik M.Yu., Gobyzov O.A., Fedotov I.A., Dulin V.M. Optimization of local heat transfer in impact jet using active flow control and feedback // Optoelectronics, Instrumentation and Data Processing. - 2023. - Vol. 59, iss. 5. - P. 592-601. DOI ; РИНЦ (Токарев М.П., Ничик М.Ю., Гобызов О.А., Федотов И.А., Дулин В.М. Оптимизация локального теплообмена в импактной струе с использованием активного управления и обратной связи // Автометрия. – 2023. – Т. 59, № 5. – С. 69–79). РИНЦ		KEYWORD_CANDIDATE	NEEDS_DOI_VERSION_AND_AFFILIATION_REVIEW
2023	211	https://www.itp.nsc.ru/publikacii/2023/2023stati/11.html	Fedyaeva O.N., Vostrikov A.A., Artamonov D.O., Shishkin A.V., Sokol M.Ya. Oxidation of sewage sludge in the flow of water-oxygen fluid under uniform heating // Chemistry for Sustainable Development. - 2023. - Vol. 31, iss. 1. - P. 85-95. DOI ; РИНЦ (Федяева О.Н., Востриков А.А., Артамонов Д.О., Шишкин А.В., Сокол М.Я. Окисление осадка сточных вод в потоке водокислородного флюида при равномерном увеличении температуры // Химия в интересах устойчивого развития. - 2023. - Т. 31, № 1. - С. 87-97. DOI ; РИНЦ )		NOT_KEYWORD_MATCHED	NEEDS_DOI_VERSION_AND_AFFILIATION_REVIEW
2023	212	https://www.itp.nsc.ru/publikacii/2023/2023stati/11.html	Kuznetsov V.A., Minakov A.V., Bozheeva D.M., Dekterev A.A. Oxy-fuel combustion of pulverized coal in an industrial boiler with a tangentially fired furnace // International Journal of Greenhouse Gas Control. – 2023. – Vol. 124. – 103861. DOI ; РИНЦ		NOT_KEYWORD_MATCHED	NEEDS_DOI_VERSION_AND_AFFILIATION_REVIEW
2023	213	https://www.itp.nsc.ru/publikacii/2023/2023stati/11.html	Ivashchenko E.I., Ivashchenko V.A., Plokhikh I.A., Mardanov A.R. , Melemchuk I.A., Pimenov N.K., Mullyadzhanov R. I. Parametric RANS simulation of a cavitation flow in the channel of a control valve cage // Journal of Applied and Industrial Mathematics. - 2023. - Vol. 17, iss. 1. - P. 86–93. DOI ; РИНЦ (Иващенко Е.И., Иващенко В.А., Плохих И.А., Марданов А.P., Мелемчук И.А., Пименов Н.К., Мулляджанов Р.И. Параметрический RANS расчёт кавитационного течения в канале клетки регулирующего клапана // Сибирский журнал индустриальной математики. - 2023. - Т. 26, № 1 (93). - С. 74-84). DOI ; РИНЦ		NOT_KEYWORD_MATCHED	NEEDS_DOI_VERSION_AND_AFFILIATION_REVIEW
2023	214	https://www.itp.nsc.ru/publikacii/2023/2023stati/11.html	Fedyaeva O.N., Grebennikov A.P., Vostrikov A.A. Peculiarities of bulk lead sample oxidation in water-oxygen fluid // Russian Journal of Physical Chemistry B. - 2023. - Vol. 17, iss. 8. - P. 1628-1639. DOI ; РИНЦ (Федяева О.Н., Гребенников А.П., Востриков А.А. Особенности окисления массивных образцов свинца в водокислородном флюиде // Сверхкритические флюиды: теория и практика. – 2023. – Т. 18, №3. – С. 15-28. DOI ; РИНЦ )		NOT_KEYWORD_MATCHED	NEEDS_DOI_VERSION_AND_AFFILIATION_REVIEW
2023	215	https://www.itp.nsc.ru/publikacii/2023/2023stati/11.html	Abdullaev R.N., Kozlovskii Y.M., Samoshkin D.A., Stankus S.V., Agazhanov A.S. Peculiarities of the eutectic mg–li alloy thermal expansion, heat capacity and thermal conductivity behavior in the temperature range of 80 K to 293 K // International Journal of Thermophysics. – 2023. – Vol. 44, iss. 7. - 104. - 14 p. DOI ; РИНЦ		NOT_KEYWORD_MATCHED	NEEDS_DOI_VERSION_AND_AFFILIATION_REVIEW
2023	216	https://www.itp.nsc.ru/publikacii/2023/2023stati/11.html	Moharana S., Sha B.B., Das M.K., Pecherkin N.I., Pavlenko A.N., Volodin O.A. Performance evaluation of 2x3 and 5x3 staggered tube bundle in upward cross flow boiling condition // AIP Conference Proceedings. – 2023. – Vol. 2863, iss. 1. – 020006. DOI		KEYWORD_CANDIDATE	NEEDS_DOI_VERSION_AND_AFFILIATION_REVIEW
2023	217	https://www.itp.nsc.ru/publikacii/2023/2023stati/11.html	Dvoinishnikov S.V., Kulikov D.V., Meledin V.G., Rakhmanov V.V. Phase image decoding algorithm for three-dimensional geometry measurements of dynamic objects // Journal of Applied and Industrial Mathematics. - 2023. - Vol. 17, iss. 2. - P. 291-295. DOI ; РИНЦ (Двойнишников С.В., Куликов Д.В., Меледин В.Г., Рахманов В.В. Алгоритм расшифровки фазовых изображений для измерения трёхмерной геометрии динамичных объектов //Сибирский журнал индустриальной математики. – 2023. – T. 26, №2. – С. 53–59. РИНЦ )		NOT_KEYWORD_MATCHED	NEEDS_DOI_VERSION_AND_AFFILIATION_REVIEW
2023	218	https://www.itp.nsc.ru/publikacii/2023/2023stati/11.html	Yakimov A.S., Pryazhnikov A.I., Pryazhnikov M.I., Skorobogatova A.D., Minakov A.V. Plasma surface modification of PDMS-glass microfluidic chips for oil recovery studies // Applied Sciences. – 2023. – Vol. 13, iss. 11. – 6365. - 12 p. DOI ; РИНЦ		KEYWORD_CANDIDATE	NEEDS_DOI_VERSION_AND_AFFILIATION_REVIEW
2023	219	https://www.itp.nsc.ru/publikacii/2023/2023stati/11.html	Messerle V.E., Ustimenko A.B., Bodykbaeva M.K. Plasma-chemical waste processing: numerical analysis and experiment. Part 1: Medical-biological waste and fuel biomass // Thermophysics and Aeromechanics. - Vol. 30, iss. 1. - P. 183–192. DOI ; РИНЦ (Мессерле В.Е., Устименко А.Б., Бодыкбаева М.К. Плазмохимическая переработка отходов: численный анализ и эксперимент. Часть 1. Газификация медико-биологических отходов и топливной биомассы // Теплофизика и аэромеханика. - 2023. - Т. 30, № 1. - С. 195-204). РИНЦ		NOT_KEYWORD_MATCHED	NEEDS_DOI_VERSION_AND_AFFILIATION_REVIEW
2023	220	https://www.itp.nsc.ru/publikacii/2023/2023stati/11.html	Messerle V.E., Mosse A.L., Ustimenko A.B. Plasma-chemical waste processing: numerical analysis and experiment. Part 2. Fuels and lubricants // Thermophysics and Aeromechanics. - 2023. - Vol. 30. - P. 387–392. DOI ; РИНЦ (Мессерле В.Е., Моссэ А.Л., Устименко А.Б. Плазмохимические технологии переработки отходов: численный анализ и эксперимент. Часть 2. Горюче-смазочные материалы // Теплофизика и аэромеханика. - 2023. - Т. 30, № 2. - С. 409-415). РИНЦ		NOT_KEYWORD_MATCHED	NEEDS_DOI_VERSION_AND_AFFILIATION_REVIEW
2023	221	https://www.itp.nsc.ru/publikacii/2023/2023stati/12.html	Messerle V.E, Lavrichshev O.A., Ustimenko A.B., Orynbasar M.N. Plasma-chemical waste processing: numerical analysis and experiment. Part 3. Rubber of used tires // Thermophysics and Aeromechanics. - 2023. - Vol. 30, iss. 3. - P. 595–599. DOI ; РИНЦ (Мессерле В.Е., Лаврищев О.А., Устименко А.Б., Орынбасар М.Н. Плазмохимические технологии переработки отходов: численный анализ и эксперимент. Часть 3. Резина использованных автопокрышек // Теплофизика и аэромеханика. - 2023. - Т. 30, № 3. - С. 631-635). РИНЦ		NOT_KEYWORD_MATCHED	NEEDS_DOI_VERSION_AND_AFFILIATION_REVIEW
2023	222	https://www.itp.nsc.ru/publikacii/2023/2023stati/12.html	Messerle V.E., Lavrichshev O.A. Plasma-chemical waste processing: numerical analysis and experiment. Part 4. Ash-and-slag waste and oil refinery wastes // Thermophysics and Aeromechanics. - 2023. - Vol. 30, iss. 4. - P. 779–784. DOI ; РИНЦ (Мессерле В.Е., Лаврищев О.А., Устименко А.Б. Плазмохимические технологии переработки отходов: численный анализ и эксперимент. Часть 4. Золошлаковые отходы и отходы глубокой переработки нефти // Теплофизика и аэромеханика. - 2023. - Т. 30, № 4. - С. 823-828. РИНЦ )		NOT_KEYWORD_MATCHED	NEEDS_DOI_VERSION_AND_AFFILIATION_REVIEW
2023	223	https://www.itp.nsc.ru/publikacii/2023/2023stati/12.html	Misyura S.Y., Bilsky A.V., Morozov V.S., Ryabov M.N., Gobyzov O.A. Polymerization in droplet of aqueous solution of PEGDA/Irgacure at various concentrations of components // Journal of Engineering Thermophysics – 2023. – Vol. 32, iss. 4. – P. 702-713. DOI ; РИНЦ		NOT_KEYWORD_MATCHED	NEEDS_DOI_VERSION_AND_AFFILIATION_REVIEW
2023	224	https://www.itp.nsc.ru/publikacii/2023/2023stati/12.html	Ateş A., Benam B. P., Mohammadilooey M., Çelik S., Serdyukov V., Surtaev A., Koşar A. Pool boiling heat transfer on superhydrophobic, superhydrophilic, and superbiphilic surfaces at atmospheric and sub-atmospheric pressures // International Journal of Heat and Mass Transfer. – 2023.– Vol. 201, part 2. - 123582. DOI ; РИНЦ		KEYWORD_CANDIDATE	NEEDS_DOI_VERSION_AND_AFFILIATION_REVIEW
2023	225	https://www.itp.nsc.ru/publikacii/2023/2023stati/12.html	Serdyukov V., Vladyko I., Starinskiy S., Rodionov A., Shukhov Y., Malakhov I., Safonov A., Surtaev A. Pool boiling performance on the textured hemi-wicking surfaces fabricated by nanosecond laser ablation // Applied Thermal Engineering. – 2023. – Vol. 228. – 120472. DOI ; РИНЦ		KEYWORD_CANDIDATE	NEEDS_DOI_VERSION_AND_AFFILIATION_REVIEW
2023	226	https://www.itp.nsc.ru/publikacii/2023/2023stati/12.html	Pakhomov M.A., Terekhov V.I. Prediction of turbulent flow characteristics and heat transfer in a dilute droplet-laden flow over a backward-facing step // Numerical Heat Transfer. Part A: Applications. - 2023. - Vol. 83, iss. 6. - P. 664-678. DOI ; РИНЦ		KEYWORD_CANDIDATE	NEEDS_DOI_VERSION_AND_AFFILIATION_REVIEW
2023	227	https://www.itp.nsc.ru/publikacii/2023/2023stati/12.html	Minakov Andrey V., Meshkova Victoria D., Guzey Dmitry V., Pryazhnikov Maksim I. Recent advances in the study of in situ combustion for enhanced oil recovery // Energies. – 2023. – Vol. 16, iss. 11. – 4266. - 26 p. DOI ; РИНЦ		NOT_KEYWORD_MATCHED	NEEDS_DOI_VERSION_AND_AFFILIATION_REVIEW
2023	228	https://www.itp.nsc.ru/publikacii/2023/2023stati/12.html	Meledin V.G., Dvoynishnikov S.V., Stepanov K.I., Mukhin D.G., Gordienko M.R., Kakaulin S.V., Ledovsky V.E., Zubanov K.S., Zuev V.O., Yavorsky N.I., Bakakin G.V.,Kabardin I.K. Reducing ice adhesion by using nanostructured plastic polymer coatings for de-icing of wind turbine blades // Journal of Engineering Thermophysics. – 2023. – Vol. 32, iss. 3. – P. 591–595. DOI ; РИНЦ		NOT_KEYWORD_MATCHED	NEEDS_DOI_VERSION_AND_AFFILIATION_REVIEW
2023	229	https://www.itp.nsc.ru/publikacii/2023/2023stati/12.html	Solodovnikov S.F., Meshalkin A.B., Sukhikh A.S., Solodovnikova Z.A., Zolotova E.S., Yudin V.N., Kadyrova Yu.M., Khaikina E.G., Mateyshina Yu.G., Uvarov N.F., Pugachev A.M., Kovtunets E.V. Resolving old problems with layered polytungstates related to hexagonal tungsten bronze: phase formation, structures, crystal chemistry and some properties // Dalton Transactions. - 2023. - Vol. 52, iss. 9. - P. 2770-2785. DOI ; РИНЦ		NOT_KEYWORD_MATCHED	NEEDS_DOI_VERSION_AND_AFFILIATION_REVIEW
2023	230	https://www.itp.nsc.ru/publikacii/2023/2023stati/12.html	Anshakov A.S., Domarov P.V., Faleev V.A. Resource characteristics of tubular copper electrodes in electric arc plasma torches // Journal of Engineering Thermophysics. – 2023. – Vol. 32, iss. 3. – P. 596–602. DOI ; РИНЦ		NOT_KEYWORD_MATCHED	NEEDS_DOI_VERSION_AND_AFFILIATION_REVIEW
2023	231	https://www.itp.nsc.ru/publikacii/2023/2023stati/12.html	Boiko A.V., Demyanko K.V., Kulik V.M. Setting of forced oscillations of viscoelastic coating // Continuum Mechanics and Thermodynamics. – 2023. – Vol. 35, iss. 4. – P. 1343–1352. DOI ; РИНЦ		NOT_KEYWORD_MATCHED	NEEDS_DOI_VERSION_AND_AFFILIATION_REVIEW
2023	232	https://www.itp.nsc.ru/publikacii/2023/2023stati/12.html	Petrova A.V., Bogoslovtseva A.L., Starinskiy S.V., Safonov A.I. Silicon surface structuring by glow discharge plasma // Journal of Applied Mechanics and Technical Physics. - 2023. - Vol. 64, iss. 3. - P. 472–477. DOI ; РИНЦ (Петрова А.В., Богословцева А.Л., Старинский С.В., Сафонов А.И. Структурирование поверхности кремния плазмой тлеющего разряда // Прикладная механика и техническая физика. - 2023. - Т. 64, № 3 (379). - С. 131-136). DOI ; РИНЦ		NOT_KEYWORD_MATCHED	NEEDS_DOI_VERSION_AND_AFFILIATION_REVIEW
2023	233	https://www.itp.nsc.ru/publikacii/2023/2023stati/12.html	Bulgakov A.V., Bykov N.Y., Safonov A.I., Shukhov Y.G., Starinskiy S.V. Silver vapor supersonic jets: expansion dynamics, cluster formation, and film deposition // Materials. – 2023. – Vol. 16, iss. 13. – 4876. - 26 p. DOI ; РИНЦ		NOT_KEYWORD_MATCHED	NEEDS_DOI_VERSION_AND_AFFILIATION_REVIEW
2023	234	https://www.itp.nsc.ru/publikacii/2023/2023stati/12.html	Andryushchenko V.A., Artishevskii K.V., Smovzh D.V. Simulation of wettability of nanotextured surfaces by molecular dynamics // Journal of Applied Mechanics and Technical Physics. - 2023. - Vol. 64, iss. 5. - P. 814-820. DOI ; РИНЦ (Андрющенко В.А., Артишевский К.В., Смовж Д.В. Моделирование смачиваемости нанотекстурированных поверхностей методом молекулярной динамики // Прикладная механика и техническая физика. – 2023. – Т. 64, № 5. – С. 94–101). РИНЦ		NOT_KEYWORD_MATCHED	NEEDS_DOI_VERSION_AND_AFFILIATION_REVIEW
2023	235	https://www.itp.nsc.ru/publikacii/2023/2023stati/12.html	Matskevich N.I., Trifonov V.A., Semerikova A.N., Samoshkin D.A., Stankus S.V., Shlegel V.N., Luk’yanova S.A., Zaitsev V.P., Kuznetsov V.A. Single crystal of CsLiMoO 4 : Growth by low-temperature-gradient Czochralski technique, thermodynamic characteristics // The Journal of Chemical Thermodynamics. – 2023. – Vol. 183. – 107053. DOI ; РИНЦ		NOT_KEYWORD_MATCHED	NEEDS_DOI_VERSION_AND_AFFILIATION_REVIEW
2023	236	https://www.itp.nsc.ru/publikacii/2023/2023stati/12.html	Vorobyev Maksim A., Kashinsky Oleg N. Specific features of downward bubbly flow near the regime of gas hanging // Interfacial Phenomena and Heat Transfer. – 2023. – Vol. 11, iss. 1. – P. 11–19. DOI ; РИНЦ		KEYWORD_CANDIDATE	NEEDS_DOI_VERSION_AND_AFFILIATION_REVIEW
2023	237	https://www.itp.nsc.ru/publikacii/2023/2023stati/12.html	Dubrovin K.A., Zarvin A.E., Rebrov A.K. Specific features of formation of supersonic jets of rarefied gases under conditions of developed condensation // Journal of Applied Mechanics and Technical Physics. - 2023. - Vol. 64, iss. 5. - P. 793–804. DOI ; РИНЦ (Дубровин К.А., Зарвин А.Е., Ребров А.К. Особенности процесса формирования сверхзвуковых струй разреженных газов в условиях развитой конденсации // Прикладная механика и техническая физика. – 2023. – Т. 64, № 5 (381). – С. 70–83). DOI ; РИНЦ		KEYWORD_CANDIDATE	NEEDS_DOI_VERSION_AND_AFFILIATION_REVIEW
2023	238	https://www.itp.nsc.ru/publikacii/2023/2023stati/12.html	Stankus S.V., Komarov S.G., Dutova O.S., Meshalkin A.B. Speed of sound in helium-xenon mixtures in wide ranges of state parameters // Thermophysics and Aeromechanics. – 2023. – Vol. 30, iss. 6. - 1139–1147. DOI ; РИНЦ (Станкус С.В., Комаров С.Г., Дутова О.С., Мешалкин А.Б. Скорость звука в смесях гелий-ксенон в широких интервалах параметров состояния // Теплофизика и аэромеханика. – 2023. – Т. 30, № 6. – С. 1205–1213). РИНЦ		NOT_KEYWORD_MATCHED	NEEDS_DOI_VERSION_AND_AFFILIATION_REVIEW
2023	239	https://www.itp.nsc.ru/publikacii/2023/2023stati/12.html	Starinskiy Sergey, Starinskaya Elena, Miskiv Nikolay, Rodionov Alexey, Ronshin Fedor, Safonov Alexey, Lei Ming-Kai, Terekhov Vladimir Spreading of impacting water droplet on surface with fixed microstructure and different wetting from superhydrophilicity to superhydrophobicity // Water. – 2023. – Vol. 15, iss. 4. – 719. - 18 p. DOI ; РИНЦ		NOT_KEYWORD_MATCHED	NEEDS_DOI_VERSION_AND_AFFILIATION_REVIEW
2023	240	https://www.itp.nsc.ru/publikacii/2023/2023stati/12.html	Smovzh D.V., Sakhapov S.Z., Andryushchenko V.A., Sorokin D.V., Betke I.A., Komlina S.V., Starinskiy S.V., Maximovskiy E.A. Stability of graphene films on copper, silicon, and glass substrates in contact with boiling water // Interfacial Phenomena and Heat Transfer. – 2023. – Vol. 11, iss. 2. – P. 1-10. DOI ; РИНЦ		KEYWORD_CANDIDATE	NEEDS_DOI_VERSION_AND_AFFILIATION_REVIEW
2023	241	https://www.itp.nsc.ru/publikacii/2023/2023stati/13.html	Tupikin A.V., Tret'yakov P.K. Stabilization of the hydrogen-air flame in a high-velocity flow by an optical discharge // Combustion, Explosion, and Shock Waves. - 2023. - Vol. 59, iss.6. - P. 671-677. DOI ; РИНЦ (Тупикин А.В., Третьяков П.К. Стабилизация оптическим разрядом водородовоздушного пламени в высокоскоростном потоке // Физика горения и взрыва. - 2023. - Т. 59, № 6. - С. 3-9. DOI ; РИНЦ )		NOT_KEYWORD_MATCHED	NEEDS_DOI_VERSION_AND_AFFILIATION_REVIEW
2023	242	https://www.itp.nsc.ru/publikacii/2023/2023stati/13.html	Rudyak V.Y., Lezhnev E.V. Stochastic modeling of transport coefficients of liquids // Doklady Mathematics. - 2023. - Vol. 108, iss. 1. - P. 264-268. DOI ; РИНЦ (Рудяк В.Я., Лежнев Е.В. Стохастическое моделирование коэффициентов переноса жидкостей // Доклады Российской академии наук. Математика, информатика, процессы управления. - 2023. - Т. 512, № 1. - С. 27-32). DOI ; РИНЦ		NOT_KEYWORD_MATCHED	NEEDS_DOI_VERSION_AND_AFFILIATION_REVIEW
2023	243	https://www.itp.nsc.ru/publikacii/2023/2023stati/13.html	Sakhnov A.Yu., Pavlenko A.N., Pecherkin N.I., Volodin O.A. Structure of liquid jets and wetting front in the refrigerant mixture falling films at various contact angles // Journal of Engineering Thermophysics. – 2023. – Vol. 32, iss. 4. – Р. 672–691. DOI ; РИНЦ		NOT_KEYWORD_MATCHED	NEEDS_DOI_VERSION_AND_AFFILIATION_REVIEW
2023	244	https://www.itp.nsc.ru/publikacii/2023/2023stati/13.html	Petrova A.V., Safonov A.I. Structuring of copper surface by glow discharge plasma // Journal of Applied Mechanics and Technical Physics. - 2023. - Vol. 64, iss. 5. - P. 772-777. DOI ; РИНЦ (Петрова А.В., Сафонов А.И. Структурирование поверхности медного образца плазмой тлеющего разряда // Прикладная механика и техническая физика. - 2023. - Т. 64, № 5 (381). - С. 45-51). DOI ; РИНЦ		NOT_KEYWORD_MATCHED	NEEDS_DOI_VERSION_AND_AFFILIATION_REVIEW
2023	245	https://www.itp.nsc.ru/publikacii/2023/2023stati/13.html	Chernov A.A., Levin A.A., Adamova T.P. Study of growth and subsequent collapse of a vapor bubble formed as a result of exposure of laser radiation on an underheated liquid // Thermophysics and Aeromechanics. - 2023. - Vol. 30, iss. 2. - P. 347–354. DOI ; РИНЦ (Чернов А.А., Левин А.А., Адамова Т.П. Исследование роста и последующего коллапса парового пузырька, образованного в результате воздействия на недогретую жидкость лазерного излучения // Теплофизика и аэромеханика. - 2023. - Т. 30, № 2. - С. 365-373). РИНЦ		NOT_KEYWORD_MATCHED	NEEDS_DOI_VERSION_AND_AFFILIATION_REVIEW
2023	246	https://www.itp.nsc.ru/publikacii/2023/2023stati/13.html	Sal'nikov M.V., Fedoseev A.V., Sukhinin G.I. Study of self-organization chains of dust particles considering the strength of ionic drawing // Journal of Applied Mechanics and Technical Physics. - 2023. - Vol. 64, iss. 5. - P. 737–747 DOI ; РИНЦ (Сальников М.В., Федосеев А.В., Сухинин Г.И. Исследование самоорганизации цепочки пылевых частиц с учетом силы ионного увлечения // Прикладная механика и техническая физика. - 2023. - Т. 64, № 5 (381). - С. 4-16. РИНЦ )		NOT_KEYWORD_MATCHED	NEEDS_DOI_VERSION_AND_AFFILIATION_REVIEW
2023	247	https://www.itp.nsc.ru/publikacii/2023/2023stati/13.html	Salnikov M.V., Kinzin K.S., Naumov I.V., Mullyadzhanov R.I. Study of vortex breakdown in immiscible media using the lattice Boltzmann equations method // Thermophysics and Aeromechanics. - 2023. - Vol. 30, iss. 4. - P. 601–614. DOI ; РИНЦ (Сальников М.В., Кинзин К.С., Наумов И.В., Мулляджанов Р.И. Исследование феномена распада вихря в несмешиваемых средах методом решёточных уравнений Больцмана // Теплофизика и аэромеханика. - 2023. - Т. 30, № 4. - С. 637-650). РИНЦ		NOT_KEYWORD_MATCHED	NEEDS_DOI_VERSION_AND_AFFILIATION_REVIEW
2023	248	https://www.itp.nsc.ru/publikacii/2023/2023stati/13.html	Sadkin I.S., Kopyev E.P., Shadrin E.Yu., Mukhina M.A. Studying the benefits of liquid hydrocarbon combustion in a high-velocity jet of superheated steam when compared with other atomizers: CO 2 and air // Thermophysics and Aeromechanics. – 2023. – Vol. 30, iss. 1. – P. 109–119. DOI ; РИНЦ (Садкин И.С., Копьев Е.П., Шадрин Е.Ю., Мухина М.А. Исследование преимуществ сжигания жидких углеводородов в высокоскоростной струе перегретого водяного пара при сравнении с другими распылителями: СО 2 , воздух // Теплофизика и аэромеханика. – 2023. – Т. 30, № 1. – С. 115–126). РИНЦ		NOT_KEYWORD_MATCHED	NEEDS_DOI_VERSION_AND_AFFILIATION_REVIEW
2023	249	https://www.itp.nsc.ru/publikacii/2023/2023stati/13.html	Boyarshinov B.F. Studying the development and interrelation of transfer processes during the combustion of a hydrogen jet flowing from a slit into the air // Thermophysics and Aeromechanics. - 2023. - Vol. 30, iss. 6. - P. 1083-1093. DOI ; РИНЦ (Бояршинов Б.Ф. Исследование развития и взаимосвязи процессов переноса при горении водорода, истекающего из щели в воздух // Теплофизика и аэромеханика. – 2023. – Т. 30, № 6. – С. 1147-1157. РИНЦ )		NOT_KEYWORD_MATCHED	NEEDS_DOI_VERSION_AND_AFFILIATION_REVIEW
2023	250	https://www.itp.nsc.ru/publikacii/2023/2023stati/13.html	Serikov V.A., Domarov P.V., Cherednichenko M.V., Cherednichenko V.S. Studying the energy characteristics of vacuum plasma torches with hollow cathodes // Thermophysics and Aeromechanics. - 2023. - Vol. 30, iss. 1. - P. 175–182. DOI ; РИНЦ (Сериков В.А., Домаров П.В., Чередниченко М.В., Чередниченко В.С. Исследования энергетических характеристик вакуумных плазмотронов с полыми катодами // Теплофизика и аэромеханика. - 2023. - Т. 30, № 1. - С. 187-194) РИНЦ		NOT_KEYWORD_MATCHED	NEEDS_DOI_VERSION_AND_AFFILIATION_REVIEW
2023	251	https://www.itp.nsc.ru/publikacii/2023/2023stati/13.html	Fedyaeva Oxana N., Morozov Sergey V., Vostrikov Anatoly A. Supercritical water gasification of chicken manure continuously supplied into the reactor // The Journal of Supercritical Fluids. - 2023. - Vol. 200 - 105998. DOI ; РИНЦ		NOT_KEYWORD_MATCHED	NEEDS_DOI_VERSION_AND_AFFILIATION_REVIEW
2023	252	https://www.itp.nsc.ru/publikacii/2023/2023stati/13.html	Morozov A.A., Yudin I.B., Abramov A.G., Skovorodko P.A., Sharafutdinov R.G. Supersonic gas flow from an annular nozzle into a low-pressure chamber with an axial channel: kinetic and continuum solutions // Journal of Applied Mechanics and Technical Physics. – 2023. – Vol. 64, iss. 5. – P. 805–813. DOI ; РИНЦ (Морозов А.А., Юдин И.Б., Абрамов А.Г., Сковородко П.А., Шарафутдинов Р.Г. Сверхзвуковое истечение из кольцевого сопла в камеру низкого давления с осевым каналом: сравнение кинетического и континуального решений // Прикладная механика и техническая физика. – 2023. – Т. 64, № 5. – С. 84–93. РИНЦ )		NOT_KEYWORD_MATCHED	NEEDS_DOI_VERSION_AND_AFFILIATION_REVIEW
2023	253	https://www.itp.nsc.ru/publikacii/2023/2023stati/13.html	Zhukov Vladimir I., Pavlenko Aleksandr N. Symmetry of structures under two-dimensional instability in a finite-height horizontal layer of boiling liquid // Symmetry. – 2023. – Vol. 15, iss. 9. – 1792. - 21 p. DOI ; РИНЦ		KEYWORD_CANDIDATE	NEEDS_DOI_VERSION_AND_AFFILIATION_REVIEW
2023	254	https://www.itp.nsc.ru/publikacii/2023/2023stati/13.html	Matskevich N.I., Semerikova A.N., Samoshkin D.A., Stankus S.V., Zaitsev V.P., Kuznetsov V.A., Novikov A.Yu. Synthesis, thermodynamic properties, and ionic conductivity of compounds based on bismuth niobates doped by rare-earth elements (a review) // Russian Journal of Inorganic Chemistry. – 2023. – Vol. 68, iss. 11. – P. 1632–1649. DOI ; РИНЦ (Мацкевич Н.И., Семерикова А.Н., Самошкин Д.А., Станкус С.В., Зайцев В.П., Кузнецов В.А., Новиков А.Ю. Синтез, термодинамические свойства и ионная проводимость соединений на основе ниобатов висмута, замещенных редкоземельными элементами (обзор) // Журнал неорганической химии. – 2023. – Т. 68, № 11. – С. 1637–1655. DOI ; РИНЦ )		NOT_KEYWORD_MATCHED	NEEDS_DOI_VERSION_AND_AFFILIATION_REVIEW
2023	255	https://www.itp.nsc.ru/publikacii/2023/2023stati/13.html	Misyura S.Y., Egorov R.I., Morozov V.S., Zaitsev A.S. The behavior of heat transfer and entropy in a thin layer of liquid under laser heating // International Journal of Thermal Sciences. – 2023. – Vol. 185. – 108048. DOI ; РИНЦ		KEYWORD_CANDIDATE	NEEDS_DOI_VERSION_AND_AFFILIATION_REVIEW
2023	256	https://www.itp.nsc.ru/publikacii/2023/2023stati/13.html	Misyura S.Y., Morozov V.S., Andryushchenko V.A., Oshchepkov A.G., Kuznetsov A.N. The effect of graphene synthesis duration and copper textures on corrosive behavior and surface wettability // Journal of Materials Science. - 2023. - Vol. 58, iss.34. - 13793-13815. DOI ; РИНЦ		NOT_KEYWORD_MATCHED	NEEDS_DOI_VERSION_AND_AFFILIATION_REVIEW
2023	257	https://www.itp.nsc.ru/publikacii/2023/2023stati/13.html	Misyura S.Y., Andryushchenko V.A., Morozov V.S. The effect of temperature on the contact angle of a water drop on graphene and graphene synthesized on copper // Materials Science and Engineering: B. – 2023. – Vol. 290. - 116341. DOI ; РИНЦ		NOT_KEYWORD_MATCHED	NEEDS_DOI_VERSION_AND_AFFILIATION_REVIEW
2023	258	https://www.itp.nsc.ru/publikacii/2023/2023stati/13.html	Gorelikova A.E., Randin V.V., Chinak A.V. Kashinsky O.N. The effect of the angle of pipe inclination on the average size and velocity of gas bubbles injected from a capillary into a liquid // Water. – 2023. – Vol. 15, iss. 3. – 560. - 11 p. DOI ; РИНЦ		KEYWORD_CANDIDATE	NEEDS_DOI_VERSION_AND_AFFILIATION_REVIEW
2023	259	https://www.itp.nsc.ru/publikacii/2023/2023stati/13.html	Sterlyagov A.N., Nizovtsev M.I. The experimental study of evaporation of water and nanofluid droplets on the surfaces of materials with different thermal conductivities // Colloid Journal. - 2023. - Vol. 85, iss. 1. - P. 80-86. DOI ; РИНЦ (Стерлягов А.Н., Низовцев М.И. Экспериментальное исследование испарения капель воды и наножидкости на поверхности материалов с разной теплопроводностью // Коллоидный журнал. - 2023. - Т. 85, № 1. - С. 85-92. DOI ; РИНЦ )		KEYWORD_CANDIDATE	NEEDS_DOI_VERSION_AND_AFFILIATION_REVIEW
2023	260	https://www.itp.nsc.ru/publikacii/2023/2023stati/13.html	Peschenyuk Yulia A., Semenov Andrey A., Ayvazyan Gagik Y., Gatapova Elizaveta Ya. The final stage of droplet evaporation on black silicon by schlieren technique with a graded filter // Experiments in Fluids. – 2023. – Vol. 64, iss. 1. DOI ; РИНЦ		KEYWORD_CANDIDATE	NEEDS_DOI_VERSION_AND_AFFILIATION_REVIEW
2023	261	https://www.itp.nsc.ru/publikacii/2023/2023stati/14.html	Arbuzov E.V., Arbuzov V.A., Dubnishchev Yu.N. , Zolotukhina O.S.The Gauss-Newton method in the problem of optimizing the axisymmetric phase function calculation based on the Hilbert diagnostic data // Scientific Visualization. – 2023. – Vol.15, iss. 4. – P. 56-67. DOI (Арбузов Э.В., Арбузов В.А., Дубнищев Ю.Н., Золотухина О.С. Метод Гаусса-Ньютона в задаче оптимизации расчёта осесимметричной фазовой функции по данным гильберт-диагностики // Научная визуализация. - 2023. - Т. 15, № 4. - С. 56-67) DOI ; РИНЦ		NOT_KEYWORD_MATCHED	NEEDS_DOI_VERSION_AND_AFFILIATION_REVIEW
2023	262	https://www.itp.nsc.ru/publikacii/2023/2023stati/14.html	Arbuzov E.V., Arbuzov V.A., Dubnishchev Yu.N., Zolotukhina O.S., Lapikov M.M., Lukashov V.V. The Gerchberg-Papoulis method in low-angle optical Hilbert diagnostics of phase structures // Optoelectronics, Instrumentation and Data Processing. - 2023. - Vol. 59, iss. 5. - P. 627-634. DOI ; РИНЦ		NOT_KEYWORD_MATCHED	NEEDS_DOI_VERSION_AND_AFFILIATION_REVIEW
2023	263	https://www.itp.nsc.ru/publikacii/2023/2023stati/14.html	Serdyukov Vladimir, Malakhov Ivan, Surtaev Anton The influence of pressure on local heat transfer rate under the vapor bubbles during pool boiling // Energies. – 2023. – Vol. 16, iss. 9. – 3918. - 14 p. DOI ; РИНЦ		KEYWORD_CANDIDATE	NEEDS_DOI_VERSION_AND_AFFILIATION_REVIEW
2023	264	https://www.itp.nsc.ru/publikacii/2023/2023stati/14.html	Dekterev D.A., Lobasov A.S., Meshkova V.D., Litvintsev K.Yu, Dekterev Ar.A. , Dekterev A.A. The influence of scale factor on simulation results for flow around buildings // Thermophysics and Aeromechanics. - 2023. - Vol. 30, iss. 6. - P. 1131–1137. РИНЦ (Дектерев Д.А., Лобасов А.С., Мешкова В.Д., Литвинцев К.Ю., Дектерев Ар.А., Дектерев А.А. Анализ влияния масштабного фактора на результаты моделирования обтекания зданий // Теплофизика и аэромеханика. – 2023. – Т. 30, № 6. – С. 1197–1204). РИНЦ		NOT_KEYWORD_MATCHED	NEEDS_DOI_VERSION_AND_AFFILIATION_REVIEW
2023	265	https://www.itp.nsc.ru/publikacii/2023/2023stati/14.html	Ukhina A.V., Dudina D.V., Esikov M.A., Samoshkin D.A., Stankus S.V. The influence of the carbide-forming metallic additives (W, Mo, Cr, Ti) on the microstructure and thermal conductivity of copper–diamond composites // Journal of Composites Science. - 2023. - Vol. 7, iss. 6. - 219. - 13 p. DOI ; РИНЦ		NOT_KEYWORD_MATCHED	NEEDS_DOI_VERSION_AND_AFFILIATION_REVIEW
2023	266	https://www.itp.nsc.ru/publikacii/2023/2023stati/14.html	Misyura S.Y., Egorov R.I., Morozov V.S., Zaitsev A.S. The influence of the liquid layer height on the velocity field and evaporation during local heating // Experimental Heat Transfer. – 2023. - Vol. 37, iss. 6. - P. 628-648. DOI		KEYWORD_CANDIDATE	NEEDS_DOI_VERSION_AND_AFFILIATION_REVIEW
2023	267	https://www.itp.nsc.ru/publikacii/2023/2023stati/14.html	Gaidukova Olga, Donskoy Igor, Misyura Sergey, Morozov Vladimir, Volkov Roman The interaction between a liquid combustion front and a fire barrier made of CO 2 hydrate // Fire. – 2023. – Vol. 6, iss. 3. - 124. DOI ; РИНЦ		NOT_KEYWORD_MATCHED	NEEDS_DOI_VERSION_AND_AFFILIATION_REVIEW
2023	268	https://www.itp.nsc.ru/publikacii/2023/2023stati/14.html	Misyura S.Y., Egorov R.I., Morozov V.S., Zaitsev A.S. The velocity field behavior and the nature of deposition of microparticles in a thin layer of colloidal solution at wall heating from one and two laser beams // Colloids and Surfaces A: Physicochemical and Engineering Aspects. – 2023. – Vol. 678. - 132508. DOI ; РИНЦ		NOT_KEYWORD_MATCHED	NEEDS_DOI_VERSION_AND_AFFILIATION_REVIEW
2023	269	https://www.itp.nsc.ru/publikacii/2023/2023stati/14.html	Fomichov Y.M., Yudin P.V., Tyunina M., Dejneka A. Theory for anisotropic local ferroelectric switching // Nanotechnology. - 2023. - Vol. 35, iss. 4. - 04LT01. - 8 p. DOI ; РИНЦ		NOT_KEYWORD_MATCHED	NEEDS_DOI_VERSION_AND_AFFILIATION_REVIEW
2023	270	https://www.itp.nsc.ru/publikacii/2023/2023stati/14.html	Agazhanov A.Sh., Samoshkin D.A., Stankus S.V. Thermal conductivity and thermal diffusivity of iron in the temperature range of 300–1700 K // Physics of Metals and Metallography. - 2023. - Vol. 124, iss. 12. - P. 1189–1197. DOI ; РИНЦ (Агажанов А.Ш., Самошкин Д.А., Станкус С.В. Теплопроводность и температуропроводность железа в интервале температур 300–1700 К // Физика металлов и металловедение. – 2023. – Т. 124, № 12. – С. 1149-1158). DOI ; РИНЦ		NOT_KEYWORD_MATCHED	NEEDS_DOI_VERSION_AND_AFFILIATION_REVIEW
2023	271	https://www.itp.nsc.ru/publikacii/2023/2023stati/14.html	Agazhanov A.Sh., Abdullaev R.N., Samoshkin D.A., Stankus S.V. Thermal conductivity and thermal diffusivity of Mg-Ca eutectic alloys in solid state // Journal of Engineering Thermophysics. – 2023. – Vol. 32, iss. 3. – P. 462–466. DOI ; РИНЦ		NOT_KEYWORD_MATCHED	NEEDS_DOI_VERSION_AND_AFFILIATION_REVIEW
2023	272	https://www.itp.nsc.ru/publikacii/2023/2023stati/14.html	Raschektaeva Elena, Stankus Sergey Thermal conductivity calculation model for refrigerant mixtures in the vapor phase // International Journal of Thermophysics. – 2023. – Vol. 44, iss. 5. - 65. - 11 p. DOI ; РИНЦ		NOT_KEYWORD_MATCHED	NEEDS_DOI_VERSION_AND_AFFILIATION_REVIEW
2023	273	https://www.itp.nsc.ru/publikacii/2023/2023stati/14.html	Agazhanov A.Sh., Abdullaev R.N., Khairulin A.R., Stankus S.V. Thermal conductivity of cesium bismuthides in the liquid state // Russian Journal of Physical Chemistry A. - 2023. - Vol. 97, iss. 11. - P. 2345-2349. DOI ; РИНЦ (Агажанов А.Ш., Абдуллаев Р.Н., Хайрулин А.Р., Станкус С.В. Теплопроводность висмутидов цезия в жидком состоянии // Журнал физической химии. – 2023. – Т. 97, № 11. – С. 1537–1542) DOI ; РИНЦ		NOT_KEYWORD_MATCHED	NEEDS_DOI_VERSION_AND_AFFILIATION_REVIEW
2023	274	https://www.itp.nsc.ru/publikacii/2023/2023stati/14.html	Raschektaeva E.P., Stankus S.V. Thermal conductivity of Novec 7100 in vapor phase // Thermophysics and Aeromechanics. – 2023. – Vol. 30, iss. 5. – P. 935-938. DOI ; РИНЦ (Расчектаева Е.П., Станкус С.В. Теплопроводность Novec 7100 в паровой фазе // Теплофизика и аэромеханика. – 2023. – Т. 30, № 5. – С. 987–990). РИНЦ		NOT_KEYWORD_MATCHED	NEEDS_DOI_VERSION_AND_AFFILIATION_REVIEW
2023	275	https://www.itp.nsc.ru/publikacii/2023/2023stati/14.html	Agazhanov A.Sh., Abdullaev R.N., Stankus S.V., Khairulin A.R. Thermal conductivity of the Cs-Pb system liquid alloys // Physics and Chemistry of Liquids. – 2023. – Vol. 61, iss. 4. – P. 253–263. DOI ; РИНЦ		NOT_KEYWORD_MATCHED	NEEDS_DOI_VERSION_AND_AFFILIATION_REVIEW
2023	276	https://www.itp.nsc.ru/publikacii/2023/2023stati/14.html	Lyulin Yuriy V., Kabov Oleg A. Thermal effect in the evaporation process from the interface of the horizontal liquid layer under a shear gas flow // Interfacial Phenomena and Heat Transfer. – 2023. – Vol. 11, iss. 1. – P. 55–64. DOI ; РИНЦ		KEYWORD_CANDIDATE	NEEDS_DOI_VERSION_AND_AFFILIATION_REVIEW
2023	277	https://www.itp.nsc.ru/publikacii/2023/2023stati/14.html	Sadkin I.S., Shchinnikov P.A. Thermodynamic features of the regenerative system of direct fired sCO 2 power cycles with oxygen combustion of methane // Applied Thermal Engineering. - 2023. - Vol. 234. - 121301. DOI ; РИНЦ		NOT_KEYWORD_MATCHED	NEEDS_DOI_VERSION_AND_AFFILIATION_REVIEW
2023	278	https://www.itp.nsc.ru/publikacii/2023/2023stati/14.html	Matskevich N.I., Semerikova A.N., Trifonov V.A., Samoshkin D.A., Chernov A.A., Stankus S.V., Luk’yanova S.A., Shlegel’ V.N., Zaitsev V.P., Kuznetsov V.A. Thermodynamics of cesium molybdate-based single crystals: standard enthalpy of formation, lattice enthalpy, and heat capacity // Russian Journal of Inorganic Chemistry. – 2023. – Vol. 68, iss. 2. – P. 166–171. DOI ; РИНЦ (Мацкевич Н.И., Семерикова А.Н., Трифонов В.А., Самошкин Д.А., Чернов А.А., Станкус С.В., Лукьянова С.А., Шлегель В.Н., Зайцев В.П., Кузнецов В.А. Термодинамика монокристаллов на основе молибдата цезия: стандартная энтальпия образования, энтальпия решетки, теплоемкость // Журнал неорганической химии. – 2023. – Т. 68, № 2. – С. 203–208). DOI ; РИНЦ		NOT_KEYWORD_MATCHED	NEEDS_DOI_VERSION_AND_AFFILIATION_REVIEW
2023	279	https://www.itp.nsc.ru/publikacii/2023/2023stati/14.html	Kuznetsov V.V., Gasenko O.A. Thermophysical and physicochemical basis for hydrogen production in compact energy systems of low-carbon economy // Thermophysics and Aeromechanics. - 2023. - Vol. 30, iss. 5. - P. 949–954. DOI ; РИНЦ (Кузнецов В.В., Гасенко О.А. Теплофизические и физико-химические основы получения водорода для компактных энергетических систем низкоуглеродной экономики // Теплофизика и аэромеханика. – 2023. – Т. 30, № 5. – С. 1001–1007) РИНЦ		NOT_KEYWORD_MATCHED	NEEDS_DOI_VERSION_AND_AFFILIATION_REVIEW
2023	280	https://www.itp.nsc.ru/publikacii/2023/2023stati/14.html	Cherdantsev A.V. Three-dimensional evolution and interaction of disturbance waves on a gas-sheared liquid film on a horizontal plane near the transition region // International Journal of Multiphase Flow. - 2023. - Vol. 164. - 104468. - 19 p. DOI ; РИНЦ		KEYWORD_CANDIDATE	NEEDS_DOI_VERSION_AND_AFFILIATION_REVIEW
2023	281	https://www.itp.nsc.ru/publikacii/2023/2023stati/15.html	Aksenov A.A., Zhluktov S.V., Kashirin V.S., Sazonova M.L., Cherny S.G., Zeziulin I.V., Kalugina M.D. Three-dimensional numerical model of kerosene evaporation in gas turbine combustors // Supercomputing Frontiers and Innovations. - 2023. - Vol. 10, iss. 4. - P. 27-45. DOI; РИНЦ		KEYWORD_CANDIDATE	NEEDS_DOI_VERSION_AND_AFFILIATION_REVIEW
2023	282	https://www.itp.nsc.ru/publikacii/2023/2023stati/15.html	Naumov I.V., Gevorgiz R.G., Skripkin S.G., Tintulova M.V., Tsoy M.A., Sharifullin B.R. Topological flow transformations in a universal vortex bioreactor // Chemical Engineering and Processing - Process Intensification. - 2023. - Vol. 191. - 109467. DOI ; РИНЦ		NOT_KEYWORD_MATCHED	NEEDS_DOI_VERSION_AND_AFFILIATION_REVIEW
2023	283	https://www.itp.nsc.ru/publikacii/2023/2023stati/15.html	Severin A.S., Timoshevskiy M.V., Ilyushin B. B., Pervunin K.S. Turbulence structure in a free bubbly jet: analysis of higher-order statistical moments of velocity fluctuations // Journal of Applied Mechanics and Technical Physics. - 2024. - Vol. 64, iss. 6. - P. 1011–1014. DOI ; РИНЦ (Северин А.С., Тимошевский М.В., Илюшин Б.Б., Первунин К.С. Турбулентная структура свободной пузырьковой струи: анализ статистических моментов старших порядков для флуктуаций скорости // Прикладная механика и техническая физика. – 2023. – Т. 64, № 6 (382). – С. 81–84. DOI ; РИНЦ		NOT_KEYWORD_MATCHED	NEEDS_DOI_VERSION_AND_AFFILIATION_REVIEW
2023	284	https://www.itp.nsc.ru/publikacii/2023/2023stati/15.html	Shcherbakov P.K., Chirkov D.V., Skorospelov V.A., Turuk P.A. Two models for calculating air injection into the hydraulic turbine // AIP Conference Proceedings. – 2023. – Vol. 2504. - 030112. - 9 p. DOI		NOT_KEYWORD_MATCHED	NEEDS_DOI_VERSION_AND_AFFILIATION_REVIEW
2023	285	https://www.itp.nsc.ru/publikacii/2023/2023stati/15.html	Tsoy M., Skripkin S., Litvinov I. Two spiral vortex breakdowns in confined swirling flow // Physics of Fluids. - 2023. - Vol. 35, iss. 6. - 061704. - 6 p. DOI ; РИНЦ		NOT_KEYWORD_MATCHED	NEEDS_DOI_VERSION_AND_AFFILIATION_REVIEW
2023	286	https://www.itp.nsc.ru/publikacii/2023/2023stati/15.html	Aktershev S.P., Alekseenko S.V., Bobylev A.V. Two-dimensional steady-state traveling waves on the surface of a vertical rivulet // Thermophysics and Aeromechanics. - 2023. - Vol. 30, iss. 4. - P. 695–707. DOI ; РИНЦ (Актершев С.П., Алексеенко С.В., Бобылев А.В. Двумерные стационарно-бегущие волны на поверхности вертикального ривулета // Теплофизика и аэромеханика. - 2023. - Т. 30, № 4. - С. 737-750). РИНЦ		NOT_KEYWORD_MATCHED	NEEDS_DOI_VERSION_AND_AFFILIATION_REVIEW
2023	287	https://www.itp.nsc.ru/publikacii/2023/2023stati/15.html	Ivashchenko E.I., Hrebtov M.Y., Timoshevskiy M.V, Pervunin K.S., Mullyadzhanov R.I. Unsteady cloud cavitation on a 2d hydrofoil: quasi-periodic loads and phase-averaged flow characteristics // Energies. – 2023. – Vol. 16, iss. 19. – 6990. - 16 p. DOI ; РИНЦ		NOT_KEYWORD_MATCHED	NEEDS_DOI_VERSION_AND_AFFILIATION_REVIEW
2023	288	https://www.itp.nsc.ru/publikacii/2023/2023stati/15.html	Domarov P.V., Seikov V.A., Morev A.E., Cherednichenko V.S. Vacuum plasmatrons with hollow cathode: gas-dynamic plasma processes in the hollow cathode // Journal of Engineering Thermophysics. – 2023. – Vol. 32, iss. 3. – P. 603–626. DOI ; РИНЦ		NOT_KEYWORD_MATCHED	NEEDS_DOI_VERSION_AND_AFFILIATION_REVIEW
2023	289	https://www.itp.nsc.ru/publikacii/2023/2023stati/15.html	Ilyushin Boris B., Timoshevskiy Mikhail V., Pervunin Konstantin S. Vapor concentration and bimodal distributions of turbulent fluctuations in cavitating flow around a hydrofoil // International Journal of Heat and Fluid Flow. – 2023. – Vol. 103. – 109197. DOI ; РИНЦ		NOT_KEYWORD_MATCHED	NEEDS_DOI_VERSION_AND_AFFILIATION_REVIEW
2023	290	https://www.itp.nsc.ru/publikacii/2023/2023stati/15.html	Filimonov S.A., Guzei D.V., Yakimov A.S., Pryazhnikov A.I., Zhigarev V.A., Minakov A.V. Verification and validation of a network algorithm for single-phase flow modeling using microfluidic experiments // Journal of Applied and Computational Mechanics. – 2023. – Vol. 9, iss. 4. – P. 1156–1167.		KEYWORD_CANDIDATE	NEEDS_DOI_VERSION_AND_AFFILIATION_REVIEW
2023	291	https://www.itp.nsc.ru/publikacii/2023/2023stati/15.html	Nebogatikova N.A., Antonova I.V., Gutakovskii A.K., Smovzh D.V., Volodin V.A., Sorokin P.B. Visualization of swift ion tracks in suspended local diamondized few-layer graphene // Materials. – 2023. – Vol. 16, iss. 4. – 1391. - 14 p. DOI ; РИНЦ		NOT_KEYWORD_MATCHED	NEEDS_DOI_VERSION_AND_AFFILIATION_REVIEW
2023	292	https://www.itp.nsc.ru/publikacii/2023/2023stati/15.html	Khairulin R.A., Abdullaev R.N., Stankus S.V., Meshalkin A.B. Volumetric properties of liquid and solid LiF–KF mixtures // Thermophysics and Aeromechanics. - 2023. - Vol. 30, iss. 4. - P. 747–755. DOI ; РИНЦ (Хайрулин Р.А., Абдуллаев Р.Н., Станкус С.В., Мешалкин А.Б. Термические свойства жидких и твердых смесей LiF-KF // Теплофизика и аэромеханика. - 2023. - Т. 30, № 4. - С. 789-797). РИНЦ		NOT_KEYWORD_MATCHED	NEEDS_DOI_VERSION_AND_AFFILIATION_REVIEW
2023	293	https://www.itp.nsc.ru/publikacii/2023/2023stati/15.html	Salnikov M.V., Sukhinin G.I., Fedoseev A.V. Wake formation in a polarized dusty plasma // Plasma Physics Reports. – 2023. – Vol. 49, iss. 1. – P. 41–48. DOI ; РИНЦ		NOT_KEYWORD_MATCHED	NEEDS_DOI_VERSION_AND_AFFILIATION_REVIEW
2023	294	https://www.itp.nsc.ru/publikacii/2023/2023stati/15.html	Zudov V.N., Tupikin A.V. Influence of external electric field on optical breakdown in high-speed flow // Technical Physics. - 2023. - Vol. 68, iss. S2. - P. S315-S321 DOI ; РИНЦ (Зудов В.Н., Тупикин А.В. Влияние внешнего электрического поля на оптический разряд в скоростном потоке // Журнал технической физики. – 2022. – Т. 92, № 2. – Р. 209-215. DOI ; РИНЦ )		NOT_KEYWORD_MATCHED	NEEDS_DOI_VERSION_AND_AFFILIATION_REVIEW
2023	295	https://www.itp.nsc.ru/publikacii/2023/2023stati/15.html	Гвоздяков Д.В., Зенков А.В., Мальцев Л.И., Поджаров Ю.С. Влияние кавитационной обработки на свойства водоугольных суспензий с добавками пирогенетической жидкости и характеристики их распыления пневматической форсункой // iPolytech Journal. - 2023. - Vol. 27, iss. 2. - P. 297-309. DOI ; РИНЦ		NOT_KEYWORD_MATCHED	NEEDS_DOI_VERSION_AND_AFFILIATION_REVIEW
2023	296	https://www.itp.nsc.ru/publikacii/2023/2023stati/15.html	Кабов О.А., Зайцев Д.В., Быковская Е.Ф., Пуховой М.В. Возможности современных систем охлаждения теплонапряженных конструктивных миниатюрных элементов электронных устройств // Наука и технологии Сибири. – 2023. – №1 (8). – С. 6-16.		KEYWORD_CANDIDATE	NEEDS_DOI_VERSION_AND_AFFILIATION_REVIEW
2023	297	https://www.itp.nsc.ru/publikacii/2023/2023stati/15.html	Емельянов А.А., Плотников М.Ю., Тимошенко Н.И., Юдин И.Б. Газоструйный MPCVD синтез алмазных покрытий на подложках из различного материала // Доклады Академии наук высшей школы Российской Федерации. - 2023. - № 3 (60). - С. 7-19. DOI ; РИНЦ		NOT_KEYWORD_MATCHED	NEEDS_DOI_VERSION_AND_AFFILIATION_REVIEW
2023	298	https://www.itp.nsc.ru/publikacii/2023/2023stati/15.html	Копьев Е.П., Шадрин Е.Ю., Мухина М.А., Садкин И.С. Исследование параметров горения жидкого углеводородного топлива при его распылении перегретым водяным паром, углекислым газом и их смесью // Доклады Академии наук высшей школы Российской Федерации. - 2023. - № 4 (61). - С. 45-56. DOI ; РИНЦ		NOT_KEYWORD_MATCHED	NEEDS_DOI_VERSION_AND_AFFILIATION_REVIEW
2023	299	https://www.itp.nsc.ru/publikacii/2023/2023stati/15.html	Андрющенко В.А., Бойко Е.В., Сахапов С.З., Скирда М.С., Смовж Д.В. Исследование струи, возникающей при распылении электродов в дуговом разряде при различных токах разряда // Вестник Томского государственного университета. Математика и механика. - 2023. - № 85. - С. 43-57. DOI ; РИНЦ		NOT_KEYWORD_MATCHED	NEEDS_DOI_VERSION_AND_AFFILIATION_REVIEW
2023	300	https://www.itp.nsc.ru/publikacii/2023/2023stati/15.html	Грибанова С.В., Янкова В.Г., Гобызов О.А., Рябов М.Н., Карпова А.С., Кедик С.А., Удянская И.Л., Григорьева В.Ю., Краснюк И.И., Слонская Т.К., Жукова А.А., Симонян Л.А. Комплексный анализ параметров распыления назальных спреев, содержащих антибиотики, противовоспалительный и сосудосуживающий компоненты // Вопросы практической педиатрии. – 2023. – Т. 18, № 3. – С. 75–82. DOI ; РИНЦ		NOT_KEYWORD_MATCHED	NEEDS_DOI_VERSION_AND_AFFILIATION_REVIEW
2023	301	https://www.itp.nsc.ru/publikacii/2023/2023stati/16.html	Меледин В.Г., Кабардин И.К., Двойнишников С.В., Рахманов В.В. Лазерная доплеровская полупроводниковая анемометрия в науке и промышленности // Наука и технологии Сибири. – 2023. – №1 (8). – С. 106-110.		NOT_KEYWORD_MATCHED	NEEDS_DOI_VERSION_AND_AFFILIATION_REVIEW
2023	302	https://www.itp.nsc.ru/publikacii/2023/2023stati/16.html	Мокрушников П.В., Рудяк В.Я. Механическая модель образования складок на плазматической мембране // Доклады Академии наук высшей школы Российской Федерации. - 2023. - № 2 (59). - С. 29-40. DOI ; РИНЦ		NOT_KEYWORD_MATCHED	NEEDS_DOI_VERSION_AND_AFFILIATION_REVIEW
2023	303	https://www.itp.nsc.ru/publikacii/2023/2023stati/16.html	Куйбин П.А. Модели вихрей: история и развитие // Многофазные системы. - 2023. - Т. 18, № 4. - С. 260-262. DOI ; РИНЦ		NOT_KEYWORD_MATCHED	NEEDS_DOI_VERSION_AND_AFFILIATION_REVIEW
2023	304	https://www.itp.nsc.ru/publikacii/2023/2023stati/16.html	Филимонов С.А., Гаврилов А.А., Фрик П.Г., Сухановский А.Н., Васильев А.Ю. Моделирование движения погруженной пластины в развитом свободно-конвективном слое // Известия высших учебных заведений. Физика. - 2023. - Т. 66, № 11 (792). - С. 151-156. РИНЦ		NOT_KEYWORD_MATCHED	NEEDS_DOI_VERSION_AND_AFFILIATION_REVIEW
2023	305	https://www.itp.nsc.ru/publikacii/2023/2023stati/16.html	Антонов Д.В., Зубрилин И.А., Сажин С.С., Скрипов П.В., Стрижак П.А., Яновский Л.С. Моделирование микровзрывного распада двухжидкостных капель // Многофазные системы. - 2023. - Т. 18, № 3. - С. 213-215. DOI ; РИНЦ		NOT_KEYWORD_MATCHED	NEEDS_DOI_VERSION_AND_AFFILIATION_REVIEW
2023	306	https://www.itp.nsc.ru/publikacii/2023/2023stati/16.html	Белкин А.А., Мачин Н.Я., Молчанова А.Е. Об анизотропии диффузии углеродных нанотрубок в жидкости // Доклады Академии наук высшей школы Российской Федерации. - 2023. - № 4 (61). - С. 7-16 DOI ; РИНЦ		NOT_KEYWORD_MATCHED	NEEDS_DOI_VERSION_AND_AFFILIATION_REVIEW
2023	307	https://www.itp.nsc.ru/publikacii/2023/2023stati/16.html	Арбузов В.А. , Арбузов Э.В., Дубнищев Ю.Н., Золотухина О.С., Лукашов В.В. Оптическая гильберт-томография газовых струй // Доклады Академии наук высшей школы Российской Федерации. - 2023. - № 3 (60). - С. 59-66. DOI ; РИНЦ		NOT_KEYWORD_MATCHED	NEEDS_DOI_VERSION_AND_AFFILIATION_REVIEW
2023	308	https://www.itp.nsc.ru/publikacii/2023/2023stati/16.html	Амосов К.А., Гобызов О.А., Скрябиков С.В., Бильский А.В. Оптические системы панорамной диагностики потоков «ПОЛИС» // Наука и технологии Сибири. – 2023. – №3 (10). – С. 52 - 55.		NOT_KEYWORD_MATCHED	NEEDS_DOI_VERSION_AND_AFFILIATION_REVIEW
2023	309	https://www.itp.nsc.ru/publikacii/2023/2023stati/16.html	Алексеенко С.В., Мухин Д.Г., Степанов К.И., Елистратов С.Л., Миронова Н.В. Оценка эффективности применения абсорбционных тепловых насосов повышающего типа для теплоснабжения на основе среднетемпературных геотермальных источников // Доклады Академии наук высшей школы Российской Федерации. - 2023. - № 3 (60). - С. 46-58. DOI ; РИНЦ		NOT_KEYWORD_MATCHED	NEEDS_DOI_VERSION_AND_AFFILIATION_REVIEW
2023	310	https://www.itp.nsc.ru/publikacii/2023/2023stati/16.html	Жигарев В.А., Гузей Д.В., Лысакова Е.И., Скоробогатова А.Д., Минаков А.В. Расчетное исследование влияния добавки наноматериалов в буровой раствор на эффективность выноса из горизонтальной скважины // Известия высших учебных заведений. Физика. - 2023. - Т. 66, № 11 (792). - С. 26-34. РИНЦ		NOT_KEYWORD_MATCHED	NEEDS_DOI_VERSION_AND_AFFILIATION_REVIEW
2023	311	https://www.itp.nsc.ru/publikacii/2023/2023stati/16.html	Мордовской А.С., Шамирзаев А.С., Кузнецов В.В. Сравнение эффективности микроканальных и микроструйных систем для охлаждения теплонапряженного оборудования // Известия высших учебных заведений. Физика. - 2023. - Т. 66, № 11 (792). - С. 109-117. РИНЦ		KEYWORD_CANDIDATE	NEEDS_DOI_VERSION_AND_AFFILIATION_REVIEW
2023	312	https://www.itp.nsc.ru/publikacii/2023/2023stati/16.html	Тэпфер Е.С., Дектерев А.А., Кузнецов В.А., Дектерев Ар.А., Шадрин Е.Ю. Численное моделирование факельного горения угля микропомола в паромасляной горелке // Журнал Сибирского федерального университета. Серия: Техника и технологии = Journal of Siberian Federal University. Engineering and Technologies. - 2023. - Т. 16, № 4. - С. 462-480. РИНЦ		NOT_KEYWORD_MATCHED	NEEDS_DOI_VERSION_AND_AFFILIATION_REVIEW
2023	313	https://www.itp.nsc.ru/publikacii/2023/2023stati/16.html	Прибатурин Н.А., Лобанов П.Д., Курдюмов А.С., Светоносов А.И., Чинак А.В., Чуданов В.В., Аксенова А.Е., Первичко В.А. Экспериментально-расчетное исследование естественной циркуляции свинцово-висмутового теплоносителя // Труды Новосибирского государственного технического университета им. Р.Е. Алексеева. - 2023. - № 4 (143). - С. 72-81. РИНЦ		NOT_KEYWORD_MATCHED	NEEDS_DOI_VERSION_AND_AFFILIATION_REVIEW
2023	314	https://www.itp.nsc.ru/publikacii/2023/2023stati/16.html	Шебелева А.А., Минаков А.В., Пряжников М.И., Шебелев А.В., Пряжников А.И. Экспериментальное исследование влияния наночастиц оксида кремния на режимы двухфазного течения в Y-образном микроканале // Известия высших учебных заведений. Физика. - 2023. - Т. 66, № 11 (792). - С. 168-175. РИНЦ		KEYWORD_CANDIDATE	NEEDS_DOI_VERSION_AND_AFFILIATION_REVIEW
2023	315	https://www.itp.nsc.ru/publikacii/2023/2023stati/16.html	Гвоздяков Д.В., Зенков А.В., Мальцев Л.И., Поджаров Ю.С. Экспериментальные исследования влияния кавитационной обработки водоугольных топлив в составе с пирогенетической жидкостью на их свойства // Энергетические установки и технологии. - 2023. - Т. 9, № 3. - С. 79-85. РИНЦ		NOT_KEYWORD_MATCHED	NEEDS_DOI_VERSION_AND_AFFILIATION_REVIEW
