year	index_on_site	source_page	bibliography	doi_links	relevance_review_hint	identity_review_state
2024	1	https://www.itp.nsc.ru/publikacii/2024/2024stati.html	Cheverda V.V., Litvintseva A.A., Vozhakov I.S. A bubble size change in a pulsating heat pipe depending on its position // Journal of Flow Visualization and Image Processing. - 2024. - Vol. 31, iss. 2. - P. 131-139. DOI ; РИНЦ		KEYWORD_CANDIDATE	NEEDS_DOI_VERSION_AND_AFFILIATION_REVIEW
2024	2	https://www.itp.nsc.ru/publikacii/2024/2024stati.html	Nuriakhmetov Z.N., Chernousov Yu.D., Smovzh D.V. A coaxial resonator in a circular locked mode waveguide to study the influence of copper surface modification on its conductivity // Instruments and Experimental Techniques. - 2024. - Vol. 67, iss. S1. - P. S83-S87. DOI ; РИНЦ (Нуриахметов З.Н., Черноусов Ю.Д., Смовж Д.В. Коаксиальный резонатор в круглом запредельном волноводе для исследования влияния модификации поверхности меди на её проводимость // Приборы и техника эксперимента. - 2024. - №7(S1). - 12 с.)		NOT_KEYWORD_MATCHED	NEEDS_DOI_VERSION_AND_AFFILIATION_REVIEW
2024	3	https://www.itp.nsc.ru/publikacii/2024/2024stati.html	Lobasov A.S., Shebelev A.V., Kochkin D.Y., Mungalov A.S., Zaitsev D.V., Minakov A.V., Karchevsky A.L., Kabov O.A. A comprehensive study of thermocapillary rupture of liquid layer // Physics of Fluids. - 2024. - Vol. 36, iss. 10. - 102024. DOI ; РИНЦ		KEYWORD_CANDIDATE	NEEDS_DOI_VERSION_AND_AFFILIATION_REVIEW
2024	4	https://www.itp.nsc.ru/publikacii/2024/2024stati.html	Antonov D.V., Shchepakina E.A., Sobolev V.A., Starinskaya E.M., Terekhov V.V., Strizhak P.A., Sazhin S.S. A new solution to a weakly non-linear heat conduction equation in a spherical droplet : Basic idea and applications // International Journal of Heat and Mass Transfer. - 2024. - Vol. 219. - 124880. - 10 p. DOI ; РИНЦ		NOT_KEYWORD_MATCHED	NEEDS_DOI_VERSION_AND_AFFILIATION_REVIEW
2024	5	https://www.itp.nsc.ru/publikacii/2024/2024stati.html	Igumenov I.K., Lukashov V.V., Kovalenko K.A., Syrokvashin M.M., Plyusnin P.E., Ishchenko A.V., Shutilov R.A. A new type of precursors for gas phase deposition of nanostructured coatings // Journal of Structural Chemistry. - 2024. - Vol. 65, iss. 11. - P. 2143-2152. DOI ; РИНЦ (Игуменов И.К., Лукашов В.В., Коваленко К.А., Сыроквашин М.М., Плюснин П.Е., Ищенко А.В., Шутилов Р.А. Новый тип прекурсоров для осаждения наноструктурированных покрытий из газовой фазы // Журнал структурной химии. - 2024. - Т. 65, № 11. - 134645. DOI ; РИНЦ )		NOT_KEYWORD_MATCHED	NEEDS_DOI_VERSION_AND_AFFILIATION_REVIEW
2024	6	https://www.itp.nsc.ru/publikacii/2024/2024stati.html	Tarasov K.O., Epifanov R.UI., Gostev A.A., Lysikov D. A., Karpenko A. A. , Mullyadzhanov R.I. A programmable ultrasound-based system for reconstructing the three-dimensional structure of the superficial femoral artery // Biomedical Engineering. – 2024. – Vol. 58, iss. 3. – P. 158–162. DOI ; РИНЦ (Тарасов К.О., Епифанов Р.Ю. , Гостев А.А., Лысиков Д.А., Карпенко А.А., Мулляджанов Р.И. Программно-аппаратный комплекс для восстановления трехмерной структуры поверхностной бедренной артерии на основе ультразвукового сканирования // Медицинская техника. – 2024. – № 3 (345). – С. 5–8. РИНЦ )		NOT_KEYWORD_MATCHED	NEEDS_DOI_VERSION_AND_AFFILIATION_REVIEW
2024	7	https://www.itp.nsc.ru/publikacii/2024/2024stati.html	Ganguli A., Bhatt V., Yagodnitsyna A., Pinjari D., Pandit A. A review of pressure drop and mixing characteristics in passive mixers involving miscible liquids // Micromachines. - 2024. - Vol. 15, iss. 6. - 691. - 35 p. DOI ; РИНЦ		NOT_KEYWORD_MATCHED	NEEDS_DOI_VERSION_AND_AFFILIATION_REVIEW
2024	8	https://www.itp.nsc.ru/publikacii/2024/2024stati.html	Gluzdov D.S., Gatapova E.Ya. A slip length analysis of microchannel flow with smooth and structured surfaces // Physics of Fluids. - 2024. - Vol. 36, iss. 12. - 122024. DOI ; РИНЦ		KEYWORD_CANDIDATE	NEEDS_DOI_VERSION_AND_AFFILIATION_REVIEW
2024	9	https://www.itp.nsc.ru/publikacii/2024/2024stati.html	Suslov D.A., Skripkin S.G., Tsoy M.A., Gorelikov E.Yu., Shtork S.I. Active vortex control downstream the turbine runner in the Francis hydro turbine model // Thermophysics and Aeromechanics. - 2024. - Vol. 31, iss. 4. - P. 819–830. DOI ; РИНЦ (Суслов Д. А., Скрипкин С. Г., Цой М. А., Гореликов Е. Ю., Шторк С.И. Активное управление вихревыми структурами за рабочим колесом модели гидротурбины Френсиса // Теплофизика и аэромеханика. – 2024. – Т. 31, № 4. - С. 803-815. РИНЦ )		NOT_KEYWORD_MATCHED	NEEDS_DOI_VERSION_AND_AFFILIATION_REVIEW
2024	10	https://www.itp.nsc.ru/publikacii/2024/2024stati.html	Arbuzov E.V., Dubnishchev Yu.N., Zolotukhina O.S. Adaptation of the Gauss-Newton optimization algorithm in hilbert diagnostics using the Bunsen flame as an example // Scientific Visualization. - 2024. - Vol. 16, iss. 4. - P. 59 - 66. DOI ; РИНЦ (Арбузов Э.В., Дубнищев Ю.Н., Золотухина О.С. Адаптация алгоритма оптимизации Гаусса-Ньютона в гильберт-диагностике на примере пламени Бунзена // Научная визуализация. – 2024. – Т. 16, № 4. – С. 59–66)		NOT_KEYWORD_MATCHED	NEEDS_DOI_VERSION_AND_AFFILIATION_REVIEW
2024	11	https://www.itp.nsc.ru/publikacii/2024/2024stati.html	Epifanov R.U., Nikitin N.A., Rabtsun A.A., Kurdyukov L.N., Karpenko A.A., Mullyadzhanov R.I. Adjusting U-Net for the aortic abdominal aneurysm CT segmentation case // Computer Optics. - 2024. - Vol. 48, iss. 3. - P. 418-424. DOI; РИНЦ		NOT_KEYWORD_MATCHED	NEEDS_DOI_VERSION_AND_AFFILIATION_REVIEW
2024	12	https://www.itp.nsc.ru/publikacii/2024/2024stati.html	Fedotova Ya.V., Amelina E.V., Mullyadzhanov R.I. , Karpenko A.A. Algorithm for assessing the shagginess of the abdominal aorta lumen based on three-dimensional analysis of its morphology // Journal of Applied Mechanics and Technical Physics. - 2024. - Vol. 65, iss. 3. - P. 573–581. DOI (Федотова Я. В., Амелина Е. В., Мулляджанов Р. И., Карпенко А. А. Алгоритм оценки лохматости просвета брюшной аорты на основе трехмерного анализа ее морфологии // Прикладная механика и техническая физика. – 2024. – Т. 65, № 3. – С. 203–213. DOI ; РИНЦ )		NOT_KEYWORD_MATCHED	NEEDS_DOI_VERSION_AND_AFFILIATION_REVIEW
2024	13	https://www.itp.nsc.ru/publikacii/2024/2024stati.html	Dementyev Yu.A., Chinnov E.A., Kochkin D.Yu., Ronshin F.V., Evstrapov A.A., Gusev V.S., Kabov O.A. An experimental investigation of adiabatic two-phase flow patterns in a slit microchannel with 1:800 aspect ratio // Experimental Thermal and Fluid Science. - 2024. - Vol. 154. - 111153. DOI ; РИНЦ		KEYWORD_CANDIDATE	NEEDS_DOI_VERSION_AND_AFFILIATION_REVIEW
2024	14	https://www.itp.nsc.ru/publikacii/2024/2024stati.html	Kopyev E.P. Analysis of superheated steam influence on the content of solid carbon particles during diffusion combustion of liquid hydrocarbon fuel // Thermophysics and Aeromechanics. - 2024. - Vol. 31, iss. 2. - P. 345–354. DOI ; РИНЦ (Копьев Е.П. Анализ влияния перегретого водяного пара на содержание твердых углеродных частиц при диффузионном горении жидкого углеводородного топлива // Теплофизика и аэромеханика. - 2024. - Т. 31, № 2. - С. 371-381. РИНЦ )		NOT_KEYWORD_MATCHED	NEEDS_DOI_VERSION_AND_AFFILIATION_REVIEW
2024	15	https://www.itp.nsc.ru/publikacii/2024/2024stati.html	Kuznetsov G.V., Syrodoy S.V., Kostoreva Zh.A., Nigay N.A., Purin M.V., Karelin V.A., Salomatov V.V. Analysis of the influence of the type of heat transfer on the dynamics of the ignition processes of wood biomass particles under complex heating conditions // Combustion and Flame. - 2024. - Vol. 262. - 113353. DOI ; РИНЦ		KEYWORD_CANDIDATE	NEEDS_DOI_VERSION_AND_AFFILIATION_REVIEW
2024	16	https://www.itp.nsc.ru/publikacii/2024/2024stati.html	Rakhmanov V.V., Kashkarova M.V., Kakaulin S.V., Zubanov K.S., Dvoynishnikov S.V. Analysis of the limits of applicability of a photomultiplier as part of a laser Doppler anemometer // Measurement Techniques. - 2024. - Vol. 67, iss. 6. - P. 450–459. DOI; РИНЦ (Рахманов В.В., Кашкарова М.В., Какаулин С.В., Зубанов К.С., Двойнишников С.В. Анализ границ применимости фотоэлектронных умножителей в составе лазерного доплеровского анемометра // Измерительная техника. − 2024. – Т. 73, № 6. − С. 32-39. DOI ; РИНЦ )		NOT_KEYWORD_MATCHED	NEEDS_DOI_VERSION_AND_AFFILIATION_REVIEW
2024	17	https://www.itp.nsc.ru/publikacii/2024/2024stati.html	Kuznetsov G.V., Syrodoy S.V., Purin M.V., Karelin V.A., Nigay N.A., Yankovsky S.A., Isaev S.A. Analysis of the possibility of solid-phase ignition of coal fuel // Energy. - 2024. - Vol. 288. - 129579. DOI ; РИНЦ		NOT_KEYWORD_MATCHED	NEEDS_DOI_VERSION_AND_AFFILIATION_REVIEW
2024	18	https://www.itp.nsc.ru/publikacii/2024/2024stati.html	Kropotin P., Marchuk I. Analytical and quantitative assessment of capital expenditures for construction of an aboveground suspended weight energy storage // Renewable Energy. - 2024. - Vol. 220. - 119587. - 11 p. DOI ; РИНЦ		NOT_KEYWORD_MATCHED	NEEDS_DOI_VERSION_AND_AFFILIATION_REVIEW
2024	19	https://www.itp.nsc.ru/publikacii/2024/2024stati.html	Nazarov N.A., Baranov I.N., Miskiv N.B., Starinskaya E.M. Approaches to determine the geometric parameters of liquid droplets using digital image analysis // Optoelectronics, Instrumentation and Data Processing. - 2024. - Vol. 60, iss. 2. - P. 197–205. DOI ; РИНЦ (Назаров Н.А., Баранов И.Н., Миськив Н.Б., Старинская Е.М. Методы определения геометрических параметров капель жидкости на основе анализа цифровых изображений // Автометрия. - 2024. - Т. 60, № 2. - С. 30-40). DOI ; РИНЦ		NOT_KEYWORD_MATCHED	NEEDS_DOI_VERSION_AND_AFFILIATION_REVIEW
2024	20	https://www.itp.nsc.ru/publikacii/2024/2024stati.html	Demenkov A.G., Chernykh G.G. Asymptotic decay of a far momentumless turbulent wake behind a sphere in an isotropic turbulent flow // Thermophysics and Aeromechanics. - 2024. - Vol. 31, iss. 2. - P. 227-234. DOI ; РИНЦ (Деменков А.Г., Черных Г.Г. Асимптотическое вырождение дальнего безымпульсного турбулентного следа за сферой в изотропном турбулентном потоке // Теплофизика и аэромеханика. – 2024. – Т. 31, № 2. – С. 247-254. РИНЦ )		NOT_KEYWORD_MATCHED	NEEDS_DOI_VERSION_AND_AFFILIATION_REVIEW
2024	21	https://www.itp.nsc.ru/publikacii/2024/2024stati/2.html	Zdornikov Semyon A., Isaenkov Sergey V., Cherdantsev Andrey V. Axial and azimuthal development of disturbance waves in annular flow in a horizontal pipe // International Journal of Multiphase Flow. - 2024. - Vol. 172. - 104704. - 18 p. DOI ; РИНЦ		NOT_KEYWORD_MATCHED	NEEDS_DOI_VERSION_AND_AFFILIATION_REVIEW
2024	22	https://www.itp.nsc.ru/publikacii/2024/2024stati/2.html	Kravtsova A.Yu., Tsoy M.A., Skripkin S.G., Litvinova D.V., Sikovsky D.Ph., Markovich D.M. Behavior of hydrofoil cavitation in a slit channel // International Journal of Heat and Mass Transfer. - 2024. - Vol. 232. - 125974. DOI ; РИНЦ		NOT_KEYWORD_MATCHED	NEEDS_DOI_VERSION_AND_AFFILIATION_REVIEW
2024	23	https://www.itp.nsc.ru/publikacii/2024/2024stati/2.html	Gelash A., Dremov S., Mullyadzhanov R., Kachulin D. Bi-solitons on the surface of a deep fluid: an inverse scattering transform perspective based on perturbation theory // Physical Review Letters. - 2024. - Vol. 132, iss. 13. - 133403. - 6 p. DOI ; РИНЦ		NOT_KEYWORD_MATCHED	NEEDS_DOI_VERSION_AND_AFFILIATION_REVIEW
2024	24	https://www.itp.nsc.ru/publikacii/2024/2024stati/2.html	Gatapova E.Ya., Sitnikov V.O. Boiling regimes of HFE-7100 and water droplets at impact on a superheated surface // International Journal of Thermal Sciences. - 2024. - Vol. 206. - 109317. DOI ; РИНЦ		KEYWORD_CANDIDATE	NEEDS_DOI_VERSION_AND_AFFILIATION_REVIEW
2024	25	https://www.itp.nsc.ru/publikacii/2024/2024stati/2.html	Glezer V.V. Bubble boiling of a layer of aqueous NaCl salt solution on a hydrophilic surface // AIP Conference Proceedings. - 2024. - Vol. 3154, iss. 1. - 020051. DOI ; РИНЦ		KEYWORD_CANDIDATE	NEEDS_DOI_VERSION_AND_AFFILIATION_REVIEW
2024	26	https://www.itp.nsc.ru/publikacii/2024/2024stati/2.html	Geshev P.I. Calculation of heat transfer coefficients in LNG column // Journal of Engineering Thermophysics. – 2024. – Vol. 33, iss. 4. – P. 692–705. DOI ; РИНЦ		KEYWORD_CANDIDATE	NEEDS_DOI_VERSION_AND_AFFILIATION_REVIEW
2024	27	https://www.itp.nsc.ru/publikacii/2024/2024stati/2.html	Tsoy M., Skripkin S., Kravtsova A. Cavitating flow around a low aspect ratio NACA0012 hydrofoil with regular grooves // Journal of Physics: Conference Series. - 2024. - Vol. 2752, iss. 1. - 012189. - 6 p. DOI ; РИНЦ		NOT_KEYWORD_MATCHED	NEEDS_DOI_VERSION_AND_AFFILIATION_REVIEW
2024	28	https://www.itp.nsc.ru/publikacii/2024/2024stati/2.html	Nichik M.Yu., Ilyushin B.B., Kadivar E., Moctar O., Pervunin K.S. Cavitation suppression and transformation of turbulence structure in the cross flow around a circular cylinder: Surface morphology and wettability effects // Ultrasonics Sonochemistry. - 2024. - Vol. 106. - 106875. - 17 p. DOI ; РИНЦ		NOT_KEYWORD_MATCHED	NEEDS_DOI_VERSION_AND_AFFILIATION_REVIEW
2024	29	https://www.itp.nsc.ru/publikacii/2024/2024stati/2.html	Misyura S.Y., Morozov V.S., Andryushchenko V.A., Slyusarskiy K.V. Co-use of laser texturing and graphene synthesis // FlatChem. - 2024. - Vol. 48. - 100770. DOI ; РИНЦ		NOT_KEYWORD_MATCHED	NEEDS_DOI_VERSION_AND_AFFILIATION_REVIEW
2024	30	https://www.itp.nsc.ru/publikacii/2024/2024stati/2.html	Mukhina M., Sadkin I., Shadrin E., Kopyev E. Combustion of diesel fuel sprayed with cold or heated air in an atmospheric burner // Thermal Science. - 2024. - Vol. 28, iss. 3, part B. - P. 2469-2476. DOI ; РИНЦ		KEYWORD_CANDIDATE	NEEDS_DOI_VERSION_AND_AFFILIATION_REVIEW
2024	31	https://www.itp.nsc.ru/publikacii/2024/2024stati/2.html	Pakhomov M.A., Zhapbasbayev U.K. Comparative predictions of turbulent non-isothermal flow of a viscoplastic fluid with yield stress // Heliyon. - 2024. - Vol. 10, iss. 2. - e24062. - 14 p. DOI ; РИНЦ		NOT_KEYWORD_MATCHED	NEEDS_DOI_VERSION_AND_AFFILIATION_REVIEW
2024	32	https://www.itp.nsc.ru/publikacii/2024/2024stati/2.html	Gordienko M.R., Kabardin I.K., Pravdina M.Kh., Kakaulin S.V., Polyakova V.I., Meledin V. G., Bakakin G.V., Yavorsky N. I. Comparison of air temperature at the level of the inner wall of vortex tubes with circular and square cross sections of the working channel // Thermophysics and Aeromechanics. - 2024. - Vol. 31, iss. 1. - P. 29–35. DOI ; РИНЦ (Гордиенко М.Р., Кабардин И.К., Правдина М.Х., Какаулин С.В., Полякова В.И., Меледин В.Г., Бакакин Г.В., Яворский Н.И. Cравнение температуры воздуха на уровне внутренней стенки вихревых труб с круглым и квадратным сечениями рабочего канала // Теплофизика и аэромеханика. - 2024. - Т. 31, № 1. - С. 33-39). РИНЦ		NOT_KEYWORD_MATCHED	NEEDS_DOI_VERSION_AND_AFFILIATION_REVIEW
2024	33	https://www.itp.nsc.ru/publikacii/2024/2024stati/2.html	Hrebtov M.Y., Mullyadzhanov R.I. Computation of a distance field by means of combined geometry representation in fluid dynamics simulations with embedded boundaries // Journal of Applied and Industrial Mathematics – 2024. – Vol. 18, iss. 4. – P. 697–708. DOI ; РИНЦ (Хребтов М. Ю., Мулляджанов Р. И. Комбинированное представление геометрии для вычисления поля расстояния в гидродинамических расчетах с методом вмороженных границ // Сибирский журнал индустриальной математики. – 2024. – Т. 27, № 4. – С. 166–180. DOI ; РИНЦ )		NOT_KEYWORD_MATCHED	NEEDS_DOI_VERSION_AND_AFFILIATION_REVIEW
2024	34	https://www.itp.nsc.ru/publikacii/2024/2024stati/2.html	Kuznetsov V.A., Bozheeva D.M., Dekterev A.A., Minakov A.V. Computational study of the processes of pulverized coal oxygen combustion in a vortex burner // Thermophysics and Aeromechanics. - 2024. - Vol. 31, iss. 3. - P. 523–530. DOI ; РИНЦ (Кузнецов В.А., Божеева Д.М., Дектерев А.А., Минаков А.В. Расчетное исследование процессов кислородного сжигания пылеугольного топлива в вихревом горелочном устройстве // Теплофизика и аэромеханика. - 2024. - Т. 31, №3. - С. 561-568. РИНЦ )		NOT_KEYWORD_MATCHED	NEEDS_DOI_VERSION_AND_AFFILIATION_REVIEW
2024	35	https://www.itp.nsc.ru/publikacii/2024/2024stati/2.html	Andryushchenko V.A., Sorokin D.V., Betke I.A., Komlina S.V., Starinskiy S.V., Vasiliev M.M., Maximovskiy E.A., Khomyakov M.N., Smovzh D.V. Control of graphene adhesion to substrate during transfer through liquid // Journal of Molecular Liquids. - 2024. - Vol. 395. - 123827. DOI ; РИНЦ		NOT_KEYWORD_MATCHED	NEEDS_DOI_VERSION_AND_AFFILIATION_REVIEW
2024	36	https://www.itp.nsc.ru/publikacii/2024/2024stati/2.html	Kopyev E., Kuznetsov V., Minakov A., Alekseenko S., Sharypov O. Control of liquid hydrocarbon combustion parameters in burners with superheated steam supply // Energies. - 2024. - Vol. 17, iss. 20. - 5047. - 13 p. DOI ; РИНЦ		NOT_KEYWORD_MATCHED	NEEDS_DOI_VERSION_AND_AFFILIATION_REVIEW
2024	37	https://www.itp.nsc.ru/publikacii/2024/2024stati/2.html	Kovalev A., Yagodnitsyna A., Bartkus G., Bilsky A. Control of plug flow dynamics in microfluidic T-junction using pulsations of dispersed phase flow rate // International Journal of Thermofluids. - 2024. - Vol. 23. - 100720. - 10 p. DOI ; РИНЦ		KEYWORD_CANDIDATE	NEEDS_DOI_VERSION_AND_AFFILIATION_REVIEW
2024	38	https://www.itp.nsc.ru/publikacii/2024/2024stati/2.html	Glezer V.V. Corrosion of steel from a drop of salt solution with hydrogen peroxide // AIP Conference Proceedings. - 2024. - Vol. 3154, iss. 1. - 020050 DOI ; РИНЦ		NOT_KEYWORD_MATCHED	NEEDS_DOI_VERSION_AND_AFFILIATION_REVIEW
2024	39	https://www.itp.nsc.ru/publikacii/2024/2024stati/2.html	Skripkin S., Suslov D., Gorelikov E., Tsoy M., Litvinov I. Data acquisition in a simplified turbine model for prediction of unsteady vortex phenomena // Journal of Physics: Conference Series. - 2024. - Vol. 2752, iss. 1. - 012211. - 7 p. DOI ; РИНЦ		NOT_KEYWORD_MATCHED	NEEDS_DOI_VERSION_AND_AFFILIATION_REVIEW
2024	40	https://www.itp.nsc.ru/publikacii/2024/2024stati/2.html	Li H., Yakovenko S., Ivashchenko V., Lukyanov A., Mullyadzhanov R., Tokarev M. Data-driven turbulence modeling for fluid flow and heat transfer in peripheral subchannels of a rod bundle // Physics of Fluids. - 2024. - Vol. 36, iss. 2. - 025141. - 19 p. DOI ; РИНЦ		KEYWORD_CANDIDATE	NEEDS_DOI_VERSION_AND_AFFILIATION_REVIEW
2024	41	https://www.itp.nsc.ru/publikacii/2024/2024stati/3.html	Agazhanov A.Sh., Khairulin R.A., Abdullaev R.N., Stankus S.V. Density and thermal expansion of LiK 3 Pb 4 liquid alloy // Thermophysics and Aeromechanics. – 2024. – Vol. 31, iss. 4. - P. 653–658. DOI ; РИНЦ (Агажанов А.Ш., Хайрулин Р.А., Абдуллаев Р.Н., Станкус С.В. Плотность и тепловое расширение жидкого сплава LiK 3 Pb 4 // Теплофизика и аэромеханика. – 2024. – Т. 31, № 4. – С. 631–636. РИНЦ )		NOT_KEYWORD_MATCHED	NEEDS_DOI_VERSION_AND_AFFILIATION_REVIEW
2024	42	https://www.itp.nsc.ru/publikacii/2024/2024stati/3.html	Khairulin R.A., Abdullaev R.N., Stankus S.V. Density and thermal expansion of the FLiNaK melt // Thermophysics and Aeromechanics. - 2024. - Vol. 31, iss. 5. - P. 1103-1108. DOI ; РИНЦ (Хайрулин Р.А., Абдуллаев Р.Н., Станкус С.В. Плотность и тепловое расширение расплава FLiNaK // Tеплофизика и аэромеханика. – 2024. – Т. 31, № 5. - C. 1027-1032. РИНЦ )		NOT_KEYWORD_MATCHED	NEEDS_DOI_VERSION_AND_AFFILIATION_REVIEW
2024	43	https://www.itp.nsc.ru/publikacii/2024/2024stati/3.html	Sadkin I.S., Mukhina M.A., Shadrin E.Yu., Kopyev E.P. Design, adjustment, and mode research of low-emission burner for fuel combustion in a superheated steam jet // Journal of Applied Mechanics and Technical Physics. - 2024. - Vol. 65, iss. 1. - P. 1-6. DOI ; РИНЦ (Садкин И.С., Мухина М.А., Шадрин Е.Ю., Копьев Е.П. Разработка и исследование низкоэмиссионного горелочного устройства для сжигания топлива в струе перегретого водяного пара // Прикладная механика и техническая физика. - 2024. - Т. 65, № 1 (383). - С. 3-10). РИНЦ		NOT_KEYWORD_MATCHED	NEEDS_DOI_VERSION_AND_AFFILIATION_REVIEW
2024	44	https://www.itp.nsc.ru/publikacii/2024/2024stati/3.html	Filimonov S.A., Gavrilov A.A., Lukyanenko K.A., Pryazhnikov A.I., Minakov A.V. Development and testing of hybrid (PNM–CFD) mathematical model and numerical algorithm for description of fluid flows in three-dimensional digital core models // Chemical Engineering Research and Design. - 2024. - Vol. 211. - P. 53-65. DOI ; РИНЦ		NOT_KEYWORD_MATCHED	NEEDS_DOI_VERSION_AND_AFFILIATION_REVIEW
2024	45	https://www.itp.nsc.ru/publikacii/2024/2024stati/3.html	Abdurakipov S.S., Dushkin M., Del'tsov D., Butakov E.B. Diagnostics of oil well pumping equipment by using machine learning // Journal of Engineering Thermophysics. - 2024. - Vol. 33, iss. 1. - P. 39-54. DOI ; РИНЦ		NOT_KEYWORD_MATCHED	NEEDS_DOI_VERSION_AND_AFFILIATION_REVIEW
2024	46	https://www.itp.nsc.ru/publikacii/2024/2024stati/3.html	Glezer V.V. Dissociation of Freon hydrate synthesized in an aqueous salt solution // AIP Conference Proceedings. - 2024. - Vol. 3184, iss. 1. - 020018. DOI ; РИНЦ		NOT_KEYWORD_MATCHED	NEEDS_DOI_VERSION_AND_AFFILIATION_REVIEW
2024	47	https://www.itp.nsc.ru/publikacii/2024/2024stati/3.html	Gaidukova O.S., Dorokhov V.V., Misyura S.Y., Morozov V.S., Shlegel N.E., Strizhak P.A. Dissociation of methane and carbon dioxide hydrates: Synergistic effects // Fuel. - 2024. - Vol. 359. - 130399. DOI ; РИНЦ		NOT_KEYWORD_MATCHED	NEEDS_DOI_VERSION_AND_AFFILIATION_REVIEW
2024	48	https://www.itp.nsc.ru/publikacii/2024/2024stati/3.html	Pakhomov M.A., Terekhov V.P. Distinctive features of propagation of a turbulent pulsed gas-droplet eddy cloud // Fluid Dynamics. - 2024. - Vol. 59, iss. 4. - P. 687–699. DOI ; РИНЦ (Пахомов М.А., Терехов В.И. Особенности распространения газокапельного турбулентного импульсного вихревого облака // Известия Российской академии наук. Механика жидкости и газа. - 2024, № 4. - С. 55-68. РИНЦ )		NOT_KEYWORD_MATCHED	NEEDS_DOI_VERSION_AND_AFFILIATION_REVIEW
2024	49	https://www.itp.nsc.ru/publikacii/2024/2024stati/3.html	Ashikhmin A., Piskunov M., Kochkin D., Ronshin F., Chen L. Droplet microfluidic method for estimating the dynamic interfacial tension of ion-crosslinked sodium alginate microspheres // Langmuir. – 2024. – Vol. 40, iss. 30. – P. 15906-15917. DOI ; РИНЦ		KEYWORD_CANDIDATE	NEEDS_DOI_VERSION_AND_AFFILIATION_REVIEW
2024	50	https://www.itp.nsc.ru/publikacii/2024/2024stati/3.html	Trushlyakov V.I., Pavlenko A.N., Zhukov V.E., Urbansky V.A., Mezentseva N.N. Dynamics of condensation and evaporation of liquid nitrogen in a closed vessel pressurized with helium, nitrogen, and their mixture // Journal of Engineering Thermophysics. - 2024. - Vol. 33, iss. 2. - P. 231-249. DOI ; РИНЦ		KEYWORD_CANDIDATE	NEEDS_DOI_VERSION_AND_AFFILIATION_REVIEW
2024	51	https://www.itp.nsc.ru/publikacii/2024/2024stati/3.html	Fedorchenko A.I. , Terekhov V.V., Yan Lun N. Dynamics of the temperature field in a massive substrate under the effect of a concentrated heat flux // Thermophysics and Aeromechanics. - 2024. - Vol. 31, iss. 3. - P. 503-511. DOI ; РИНЦ (Федорченко А.И., Терехов В.В., Ян Лун Н. Динамика поля температуры в массивной подложке при воздействии концентрированного теплового потока // Теплофизика и аэромеханика. - 2024. - Т. 31, № 3. - С. 541-549. РИНЦ )		KEYWORD_CANDIDATE	NEEDS_DOI_VERSION_AND_AFFILIATION_REVIEW
2024	52	https://www.itp.nsc.ru/publikacii/2024/2024stati/3.html	Serdyukov V.S., Vyacheslavova E.A., Baranov A.I., Vladyko I.V., Volodin O.A. Effect of black silicon structure on capillary spreading of liquid // Thermophysics and Aeromechanics. – 2024. – Vol. 31, iss. 5. - P. 1071-1079. DOI ; РИНЦ (Сердюков В.С., Вячеславова Е.А., Баранов А.И., Владыко И.В., Володин О.А. Влияние структуры черного кремния на капиллярное растекание жидкости // Теплофизика и аэромеханика. – 2024. – Т. 31, № 5. – С. 993-1001. РИНЦ )		KEYWORD_CANDIDATE	NEEDS_DOI_VERSION_AND_AFFILIATION_REVIEW
2024	53	https://www.itp.nsc.ru/publikacii/2024/2024stati/3.html	Gvozdyakov D.V., Zenkov A.V., Maltzev L.I., Podzharov Yu.S. Effect of cavitation treatment of coal-water slurries on a droplet average size in a jet // Bulletin of the Tomsk Polytechnic University. Geo Аssets Engineering. - 2024. - Vol. 335, iss. 3. - P. 70–80 (Гвоздяков Д. В., Зенков А. В., Мальцев Л. И., Поджаров Ю. С. Влияние кавитационной обработки водоугольных суспензий на средний размер капель в струе // Известия Томского политехнического университета. Инжиниринг георесурсов. –2024. –Т. 335, № 3. –С. 70–80. DOI ; РИНЦ )		NOT_KEYWORD_MATCHED	NEEDS_DOI_VERSION_AND_AFFILIATION_REVIEW
2024	54	https://www.itp.nsc.ru/publikacii/2024/2024stati/3.html	Kashinsky O.N., Kurdyumov A.S., Gorelikova A.E. Effect of inclination angle on wall shear stress in upward two-phase flow in a pipe // Journal of Engineering Thermophysics. - 2024. - Vol. 33, iss. 3. - P. 507-515. DOI ; РИНЦ		NOT_KEYWORD_MATCHED	NEEDS_DOI_VERSION_AND_AFFILIATION_REVIEW
2024	55	https://www.itp.nsc.ru/publikacii/2024/2024stati/3.html	Fedyaeva O.N., Alekhin S.A., Morozov S.V., Vostrikov A.A. Effect of methane addition on supercritical water oxidation of poultry manure in the flow mode // Biomass and Bioenergy. - 2024. - Vol. 188 - 107324. DOI ; РИНЦ		NOT_KEYWORD_MATCHED	NEEDS_DOI_VERSION_AND_AFFILIATION_REVIEW
2024	56	https://www.itp.nsc.ru/publikacii/2024/2024stati/3.html	Ahmadi V.E., Guler T., Celik S., Ronshin F., Serdyukov V., Surtaev A., Sadaghiani A.K., Koşar A. Effect of mixed wettability surfaces on flow boiling heat transfer at subatmospheric pressures // Applied Thermal Engineering. - 2024. - Vol. 236. - 121476. DOI ; РИНЦ		KEYWORD_CANDIDATE	NEEDS_DOI_VERSION_AND_AFFILIATION_REVIEW
2024	57	https://www.itp.nsc.ru/publikacii/2024/2024stati/3.html	Nizovtsev M.I., Sterlyagov A.N. Effect of phase change material (PCM) on thermal inertia of walls in lightweight buildings // Journal of Building Engineering. - 2024. - Vol. 82. - 107912. DOI ; РИНЦ		NOT_KEYWORD_MATCHED	NEEDS_DOI_VERSION_AND_AFFILIATION_REVIEW
2024	58	https://www.itp.nsc.ru/publikacii/2024/2024stati/3.html	Zhukov V.I., Shvetsov D.A., Pavlenko A.N. Effect of shape and thermal conductivity of microstructured capillary-porous coatings on heat transfer during evaporation and boiling in thin horizontal liquid layers // International Journal of Heat and Mass Transfer. - 2024. - Vol. 232. - 125937. DOI ; РИНЦ		KEYWORD_CANDIDATE	NEEDS_DOI_VERSION_AND_AFFILIATION_REVIEW
2024	59	https://www.itp.nsc.ru/publikacii/2024/2024stati/3.html	Shamirzaev A.S, Mordovskoy A.S., Baev S.G., Katasonov D.N., Bessmeltsev V.P., Kuznetsov V.V. Effect of surface modification by selective laser melting on heat transfer during pool boiling and microjet cooling with water // Technical Physics Letters. - 2024. - Vol. 50, iss. 5. - P. 13-16 (Шамирзаев А.С., Мордовской А.С., Баев С.Г., Катасонов Д.Н., Бессмельцев В.П., Кузнецов В.В. Влияние модификации поверхности селективным лазерным плавлением на теплоотдачу при кипении в большом объеме и микроструйном охлаждении водой // Письма в Журнал технической физики. - 2024. - Т. 50, № 9. - С. 16-20. РИНЦ )		KEYWORD_CANDIDATE	NEEDS_DOI_VERSION_AND_AFFILIATION_REVIEW
2024	60	https://www.itp.nsc.ru/publikacii/2024/2024stati/3.html	Misyura S., Morozov V., Strizhak P., Shlegel N., Donskoy I. Effect of surfactants on the synthesis and dissociation of gas hydrates // Fire. - 2024. - Vol. 7, iss. 7. - 240. - 21 p. DOI ; РИНЦ		NOT_KEYWORD_MATCHED	NEEDS_DOI_VERSION_AND_AFFILIATION_REVIEW
2024	61	https://www.itp.nsc.ru/publikacii/2024/2024stati/4.html	Zamchiy A.O., Nepomnyashchikh V.A., Konstantinov V.O., Starinskaya E.M., Volodin V.A., Baranov E.A. Effect of the amorphous germanium film thickness on the process of gold-induced crystallization // Thermophysics and Aeromechanics. - 2024. - Vol. 31, iss. 6. - P. 1271-1276. DOI ; РИНЦ (Замчий А.О., Непомнящих В.А., Константинов В.О., Старинская Е.М., Володин В.А., Баранов Е.А. Влияние толщины плёнки аморфного германия на процесс золото-индуцированной кристаллизации // Теплофизика и аэромеханика. - 2024. - Т. 31, № 6. - С. 1207-1213. РИНЦ )		NOT_KEYWORD_MATCHED	NEEDS_DOI_VERSION_AND_AFFILIATION_REVIEW
2024	62	https://www.itp.nsc.ru/publikacii/2024/2024stati/4.html	Berdnikov V.S., Vinokurov V.V. Effect of the melt level drop in a stationary crucible on convective heat transfer in the Czochralski method // Thermophysics and Aeromechanics. - 2024. - Vol. 31, iss. 4. - P. 669–684. DOI ; РИНЦ (Бердников В.С., Винокуров В.В. Влияние падения уровня расплава в неподвижном тигле в методе Чохральского на конвективный теплообмен // Теплофизика и аэромеханика. - 2024. - Т. 31, № 4. – С. 647–662. РИНЦ )		KEYWORD_CANDIDATE	NEEDS_DOI_VERSION_AND_AFFILIATION_REVIEW
2024	63	https://www.itp.nsc.ru/publikacii/2024/2024stati/4.html	Sakhnov A.Y., Bryzgalov K.V., Naumkin V.S., Lebeda K.S. Effect of the type of thermal boundary conditions on heat transfer and skin-friction in a convergent channel // Thermophysics and Aeromechanics. - 2024. - Vol. 31, iss. 1. - P. 59–66. DOI ; РИНЦ (Сахнов А.Ю., Брызгалов К.В., Наумкин В.С., Лебеда К.С. Bлияние типа тепловых граничных условий на теплообмен и трение в сужающемся канале // Теплофизика и аэромеханика. - 2024. - Т. 31, № 1. - С. 65-72. РИНЦ )		KEYWORD_CANDIDATE	NEEDS_DOI_VERSION_AND_AFFILIATION_REVIEW
2024	64	https://www.itp.nsc.ru/publikacii/2024/2024stati/4.html	Chuprov I.V., Ivashchenko V.A., Mullyadzhanov R.I., Zaripov D.I. Effect of wall heating on the characteristics of near-wall reverse flow events occurring in a turbulent duct // Journal of Applied Mechanics and Technical Physics. - 2024. - Vol. 65, iss. 1. - P. 112-120. DOI ; РИНЦ (Чупров И.В., Иващенко В.А., Мулляджанов Р.И., Зарипов Д.И. Влияние нагрева стенок на характеристики обратного пристенного течения в турбулентном потоке в канале c квадратным поперечным сечением // Прикладная механика и техническая физика. - 2024. – Т. 65, № 1 (383). – С. 126–135. DOI ; РИНЦ )		NOT_KEYWORD_MATCHED	NEEDS_DOI_VERSION_AND_AFFILIATION_REVIEW
2024	65	https://www.itp.nsc.ru/publikacii/2024/2024stati/4.html	Titarev V. A., Morozov A. A. Efficient numerical method for model kinetic equations as applied to pulsed laser ablation into vacuum // AIP Conference Proceedings. - 2024. - Vol. 2996, iss. 1. - 060008. - 8 p. DOI		NOT_KEYWORD_MATCHED	NEEDS_DOI_VERSION_AND_AFFILIATION_REVIEW
2024	66	https://www.itp.nsc.ru/publikacii/2024/2024stati/4.html	Andryushchenko V.A., Sakhapov S.Z., Smovzh D.V., Solnyshkina O.A. Electric arc synthesis of Al 2 O 3 nanoparticles of various sizes // Ceramics International. - 2024. - Vol. 50, iss. 1, part A. - P. 536-542. DOI ; РИНЦ		NOT_KEYWORD_MATCHED	NEEDS_DOI_VERSION_AND_AFFILIATION_REVIEW
2024	67	https://www.itp.nsc.ru/publikacii/2024/2024stati/4.html	Chinnov E.A., Kmel Ya., Vladimirov V.Yu., Emelyanenko K.A., Emelyanenko A.M., Boynovich L.B. Enhancement of heat transfer during boiling on surfaces with hydrophobic cavities // High Temperature. – 2024. – Vol. 62, iss. 2. – P. 199-206. DOI ; РИНЦ (Чиннов Е. А., Хмель С. Я., Владимиров В. Ю., Емельяненко К. А., Емельяненко А.М., Бойнович Л. Б. Интенсификация теплообмена при кипении на поверхностях с гидрофобными кавернами // Теплофизика высоких температур. - 2024. - Т. 62, № 2. - С. 236-244. DOI ; РИНЦ )		KEYWORD_CANDIDATE	NEEDS_DOI_VERSION_AND_AFFILIATION_REVIEW
2024	68	https://www.itp.nsc.ru/publikacii/2024/2024stati/4.html	Khairulin A.R., Stankus S.V. Enthalpy and heat capacity of Cs–Pb alloys in solid and liquid states // International Journal of Thermophysics. - 2024. - Vol. 45, iss. 5. - 67. DOI; РИНЦ		NOT_KEYWORD_MATCHED	NEEDS_DOI_VERSION_AND_AFFILIATION_REVIEW
2024	69	https://www.itp.nsc.ru/publikacii/2024/2024stati/4.html	Khairulin A.R., Stankus S.V. Enthalpy and heat capacity of liquid Cs–Bi alloys // High Temperature. - 2024. - Vol. 62, iss. 6. - P. 833-836. DOI ; РИНЦ (Хайрулин А.Р., Станкус С.В. Энтальпия и теплоемкость жидких сплавов Cs–Bi // Теплофизика высоких температур. - 2024. - Т. 62, № 6. - С. 951-955. РИНЦ )		NOT_KEYWORD_MATCHED	NEEDS_DOI_VERSION_AND_AFFILIATION_REVIEW
2024	70	https://www.itp.nsc.ru/publikacii/2024/2024stati/4.html	Cherdantsev A.V., Kvon A.Z., Gavrilov N.V., Ermanyuk E.V. Entrainment of air in an oblique high-velocity impact of a small solid sphere onto the liquid surface // Journal of Applied Mechanics and Technical Physics. - 2024. - Vol. 65, iss. 6. - P. 1109-1118. DOI ; РИНЦ (Черданцев А.В., Квон А.З., Гаврилов Н.В., Ерманюк Е.В. Захват воздуха при наклонном высокоскоростном ударе мелкой твердой сферы по поверхности жидкости // Прикладная механика и техническая физика. - 2024. - Т. 65, № 6 (388). - С. 113-124. DOI ; РИНЦ )		NOT_KEYWORD_MATCHED	NEEDS_DOI_VERSION_AND_AFFILIATION_REVIEW
2024	71	https://www.itp.nsc.ru/publikacii/2024/2024stati/4.html	Gatapova E.Ya. Evaporation into half-space: Experiments with water at the molecular mean free path scale // Physics of Fluids. - 2024. - Vol. 36, iss. 9. - 091707. DOI ; РИНЦ		KEYWORD_CANDIDATE	NEEDS_DOI_VERSION_AND_AFFILIATION_REVIEW
2024	72	https://www.itp.nsc.ru/publikacii/2024/2024stati/4.html	Morozov A.A., Graur I.A., Gatapova E.Ya. Evaporation into half-space: Kinetic simulation of Knudsen layer for monatomic gas // Physics of Fluids. - 2024. - Vol. 36, iss. 6. - 062013. - 14 p. DOI ; РИНЦ		KEYWORD_CANDIDATE	NEEDS_DOI_VERSION_AND_AFFILIATION_REVIEW
2024	73	https://www.itp.nsc.ru/publikacii/2024/2024stati/4.html	Misyura S.Y., Morozov V.S., Andryushchenko V.A., Orlova E.G. Evaporation of a water droplet on composite materials Cu-SiC, Cu/G and alloy AlMg3: Modeling the wettability of a metal-matrix composite with MDS // Journal of Alloys and Compounds. - 2024. - Vol. 1005. - 176077. DOI ; РИНЦ		KEYWORD_CANDIDATE	NEEDS_DOI_VERSION_AND_AFFILIATION_REVIEW
2024	74	https://www.itp.nsc.ru/publikacii/2024/2024stati/4.html	Antonov D.V., Volodin O.A., Pecherkin N.I., Pavlenko A.N., Sazhin S.S. Evaporation of an R114/R21 falling liquid film: Experimental studies and modelling // International Communications in Heat and Mass Transfer. - 2024. - Vol. 151. - 107211. - 11 p. DOI ; РИНЦ		KEYWORD_CANDIDATE	NEEDS_DOI_VERSION_AND_AFFILIATION_REVIEW
2024	75	https://www.itp.nsc.ru/publikacii/2024/2024stati/4.html	Misyura S.Y., Morozov V.S., Andryushchenko V.A., Smovzh D.V., Orlova E.G., Feoktistov D.V., Bondarchuk S.P., Kotelnikov G.E., Makotchenko V.G. Evaporation of water droplets and corrosion on various graphene coatings // Journal of Engineering Thermophysics. - 2024. - Vol. 33, iss. 2. - P. 289-302. DOI ; РИНЦ		KEYWORD_CANDIDATE	NEEDS_DOI_VERSION_AND_AFFILIATION_REVIEW
2024	76	https://www.itp.nsc.ru/publikacii/2024/2024stati/4.html	Peschenyuk Yu.A., Ayvazyan G.Y., Gatapova E.Ya. Evolution of the spatial temperature field during evaporation of a liquid droplet // Thermophysics and Aeromechanics. - 2024. - Vol. 31, iss. 5. - P. 1055–1069. DOI ; РИНЦ (Пещенюк Ю.А., Айвазян Г.Е., Гатапова Е.Я., Эволюция пространственного поля температур при испарении капли жидкости // Теплофизика и аэромеханика. - 2024. - Т. 31, № 5. - С. 977-992. РИНЦ )		KEYWORD_CANDIDATE	NEEDS_DOI_VERSION_AND_AFFILIATION_REVIEW
2024	77	https://www.itp.nsc.ru/publikacii/2024/2024stati/4.html	Gvozdyakov D.V., Zenkov A.V., Kondakov A.A., Maltsev L.I., Podzharov Yu.S. Experimental and numerical studies of the processes of spraying coal-water slurries with pneumatic nozzle // Chemical Engineering Research and Design. - 2024. - Vol. 209. - P. 167-177. DOI ; РИНЦ		KEYWORD_CANDIDATE	NEEDS_DOI_VERSION_AND_AFFILIATION_REVIEW
2024	78	https://www.itp.nsc.ru/publikacii/2024/2024stati/4.html	Guzanov V., Aktershev S., Bobylev A., Kvon A., Cherdantsev A. Experimental and theoretical study of stationary nonlinear three-dimensional wave regimes on a straight rivulet flowing down an inclined plane // International Journal of Multiphase Flow. - 2024. - Vol. 181. - 104990. - 15 p. DOI ; РИНЦ		NOT_KEYWORD_MATCHED	NEEDS_DOI_VERSION_AND_AFFILIATION_REVIEW
2024	79	https://www.itp.nsc.ru/publikacii/2024/2024stati/4.html	Shamirzaev A.S., Mordovskii A.S., Kuznetsov V.V. Experimental investigation of heat exchange in cooling the surface by a system of submerged dielectric-liquid jets // Journal of Engineering Physics and Thermophysics. - 2024. - Vol. 97, iss. 5. - P. 1129-1134. DOI ; РИНЦ (Шамирзаев А.С., Мордовской А.С., Кузнецов В.В. Экспериментальное исследование теплообмена при охлаждении поверхности системой затопленных струй диэлектрической жидкости // Инженерно-физический журнал. - 2024. - Т. 97, № 5. - С. 1139-1144. РИНЦ )		KEYWORD_CANDIDATE	NEEDS_DOI_VERSION_AND_AFFILIATION_REVIEW
2024	80	https://www.itp.nsc.ru/publikacii/2024/2024stati/4.html	Vitovsky O.V., Makarov M.S. Experimental investigation of the heat transfer under air or helium-xenon mixture flow into the heated 7-rod bundle with spaced grids // Journal of Engineering Thermophysics. - 2024 - Vol. 33, iss. 2. - P. 303-315. DOI ; РИНЦ		KEYWORD_CANDIDATE	NEEDS_DOI_VERSION_AND_AFFILIATION_REVIEW
2024	81	https://www.itp.nsc.ru/publikacii/2024/2024stati/5.html	Meledin V.G., Kabardin I.K., Dvoynishnikov S.V., Zuev V.O., Mukhin O.G., Kakaulin S.V., Gordienko M.R., Zubanov K.S., Stepanov K.I., Goltsev N.S., Tolstopyatov E.M., Grakovich P.N., Ivanov L.F., Brel D.V., Kalinin L.A. Experimental research on combined methods against icing of wind turbine blades // Journal of Engineering Thermophysics. – 2024. – Vol. 33, iss. 4. – P. 779–791. DOI ; РИНЦ		NOT_KEYWORD_MATCHED	NEEDS_DOI_VERSION_AND_AFFILIATION_REVIEW
2024	82	https://www.itp.nsc.ru/publikacii/2024/2024stati/5.html	Meledin V.G., Kabardin I.K., Dvoynishnikov S.V., Stepanov K.I., Mukhin D.G., Gordienko M.R., Kakaulin S.V., Ledovsky V.E., Zubanov K.S., Zuev V.O., Yavorsky N.I., Bakakin G.V. Experimental studies of the icing effect on flow kinematics and power characteristics of wind generator blades using laser Doppler anemometry methods // Thermophysics and Aeromechanics. – 2024. − Vol. 31, iss. 2. − P. 235–243. DOI ; РИНЦ (Меледин В.Г., Кабардин И.К., Двойнишников С.В., Степанов К.И., Мухин Д.Г., Гордиенко М.Р., Какаулин С.В., Ледовский В.Е., Зубанов К.С., Зуев В.О., Яворский Н.И., Бакакин Г.В. Экспериментальные исследования влияния обледенения на кинематику потоков и силовые параметры лопастей ветрогенераторов методами лазерной доплеровской анемометрии // Теплофизика и аэромеханика. – 2024. – Т. 31, № 2. – С. 255–264. РИНЦ )		NOT_KEYWORD_MATCHED	NEEDS_DOI_VERSION_AND_AFFILIATION_REVIEW
2024	83	https://www.itp.nsc.ru/publikacii/2024/2024stati/5.html	Misyura S.Y., Morozov V.S., Andryushchenko V.A. Experimental study and modeling of the wettability of fluorine graphene. Corrosion behavior of the fluorine graphene layer on a copper substrate // Colloids and Surfaces A: Physicochemical and Engineering Aspects. - 2024. - Vol. 685. - 133269. DOI ; РИНЦ		NOT_KEYWORD_MATCHED	NEEDS_DOI_VERSION_AND_AFFILIATION_REVIEW
2024	84	https://www.itp.nsc.ru/publikacii/2024/2024stati/5.html	Nazarov N.A., Gerasimov A.S., Terekhov V.V., Terekhov V.I. Experimental study of a pulsating flow in a rectangular channel // Thermophysics and Aeromechanics. - 2024. - Vol. 31, iss. 6. - P. 1139-1145. DOI ; РИНЦ (Назаров Н.А., Герасимов А.С., Терехов В.И., Терехов В.В. Экспериментальное исследование пульсирующего потока в прямоугольном канале // Теплофизика и аэромеханика. - 2024. - Т. 31, № 6. - С. 1063-1069. РИНЦ )		NOT_KEYWORD_MATCHED	NEEDS_DOI_VERSION_AND_AFFILIATION_REVIEW
2024	85	https://www.itp.nsc.ru/publikacii/2024/2024stati/5.html	Garipov M.D., Zinnatullin R.F., Melkov A.A., Khalilov E.M., Shayakhmetov V.A., Gobyzov O.A. Experimental study of aviation kerosene atomization by mean of the compressed-air injection system with a high pressure // Thermophysics and Aeromechanics. - 2024. - Vol. 31, iss. 5. - P. 967–982. DOI ; РИНЦ (Гарипов М.Д., Зиннатуллин Р.Ф., Мелков А.А., Халилов Э.М., Шаяхметов В.А., Гобызов О.А. Экспериментальное исследование характеристик распыливания авиационного керосина системой пневматического впрыска высокого давления // Теплофизика и аэромеханика. - 2024. - Т. 31, № 5. - С. 885-902. РИНЦ )		NOT_KEYWORD_MATCHED	NEEDS_DOI_VERSION_AND_AFFILIATION_REVIEW
2024	86	https://www.itp.nsc.ru/publikacii/2024/2024stati/5.html	Kuznetsov A.V., Shadrin E.Yu. Experimental study of characteristics of activated carbon produced from pine nut shells by pyrolysis technology followed by steam-gas activation // Journal of Engineering Thermophysics. - 2024. - Vol. 33, iss. 3. - P. 516-520. DOI ; РИНЦ		NOT_KEYWORD_MATCHED	NEEDS_DOI_VERSION_AND_AFFILIATION_REVIEW
2024	87	https://www.itp.nsc.ru/publikacii/2024/2024stati/5.html	Pravdina M.H., Kabardin I.K., Kakaulin S.V., Zubanov K.S., Gordienko M.R., Bakakin G.V., Meledin V.G., Polyakova V.I., Yavorskii N.I. Experimental study of flow crisis and flow structure in Ranque–Hilsch vortex tube // Journal of Engineering Thermophysics. - 2024. - Vol. 33, iss. 2. - P. 316-328. DOI ; РИНЦ		NOT_KEYWORD_MATCHED	NEEDS_DOI_VERSION_AND_AFFILIATION_REVIEW
2024	88	https://www.itp.nsc.ru/publikacii/2024/2024stati/5.html	Dobrosel′skii K.G. Experimental study of flow near a hydrophobic cylinder at high Reynolds numbers // Journal of Engineering Physics and Thermophysics. - 2024. - Vol. 97, iss. 5. - P. 1262–1268. DOI ; РИНЦ (Добросельский К.Г. Экспериментальное исследование течения вблизи гидрофобного цилиндра при больших числах Рейнольдса // Инженерно-физический журнал. - 2024. - Т. 97, № 5. - С. 1267-1274. РИНЦ )		NOT_KEYWORD_MATCHED	NEEDS_DOI_VERSION_AND_AFFILIATION_REVIEW
2024	89	https://www.itp.nsc.ru/publikacii/2024/2024stati/5.html	Pribaturin N.A., Lobanov P.D. , Svetonosov A.I., Kurdyumov A.S., Chinak A.V. , Volkov S.M. Experimental study of gas bubble evolution in liquid metal // Thermophysics and Aeromechanics. - 2024. - Vol. 31, iss. 3. - P. 495 - 502. DOI ; РИНЦ (Прибатурин Н.А., Лобанов П.Д., Светоносов А.И., Курдюмов А.С., Чинак А.В., Волков С.М. Экспериментальное исследование эволюции газовых пузырьков в жидком металле // Теплофизика и аэромеханика. – 2024. – Т. 31, № 3. – C. 531–539. РИНЦ )		NOT_KEYWORD_MATCHED	NEEDS_DOI_VERSION_AND_AFFILIATION_REVIEW
2024	90	https://www.itp.nsc.ru/publikacii/2024/2024stati/5.html	Yagodnitsyna A.A., Kovalev A.V., Bilsky A.V. Experimental study of hydrodynamics and mass transfer in microchannels for designing microreactors and microextractors // Theoretical Foundations of Chemical Engineering. – 2024. – Vol. 58, iss. 5. - P. 1504-1517. DOI ; РИНЦ (Ягодницына А. А., Ковалев А. В., Бильский А. В. Экспериментальное исследование гидродинамики и массообмена в микроканалах для проектирования микрореакторов и микроэкстракторов // Теоретические основы химической технологии. – 2024. – Т. 58, No 3. – С. 278–291. DOI ; РИНЦ )		KEYWORD_CANDIDATE	NEEDS_DOI_VERSION_AND_AFFILIATION_REVIEW
2024	91	https://www.itp.nsc.ru/publikacii/2024/2024stati/5.html	Mukhina M.A., Sadkin I.S., Kopyev E.P., Shadrin E.Yu. Experimental study of influence of initial air temperature on characteristics of combustion of diesel fuel atomized by jet of superheated steam // Journal of Engineering Thermophysics. - 2024. - Vol. 33, iss. 2. - P. 329-335. DOI ; РИНЦ		NOT_KEYWORD_MATCHED	NEEDS_DOI_VERSION_AND_AFFILIATION_REVIEW
2024	92	https://www.itp.nsc.ru/publikacii/2024/2024stati/5.html	Bartkus G.V., Filatov N.A., Bukatin A.S., Kuznetsov V.V. Experimental study of interfacial mass transfer for the transition from slug to bubbly flow in a rectangular microchannel // Thermophysics and Aeromechanics. – 2024. – Vol. 31, iss. 3. – P. 513-522. DOI ; РИНЦ (Барткус Г.В., Филатов Н.А., Букатин А.С., Кузнецов В.В. Экспериментальное исследование межфазного массообмена при переходе от снарядного к пузырьковому течению в прямоугольном микроканале // Теплофизика и аэромеханика. – 2024. – Т. 31, № 3. – С. 551-560. РИНЦ )		KEYWORD_CANDIDATE	NEEDS_DOI_VERSION_AND_AFFILIATION_REVIEW
2024	93	https://www.itp.nsc.ru/publikacii/2024/2024stati/5.html	Bartkus G.V., Filatov N.A., Bukatin A.S., Kuznetsov V.V. Experimental study of interphase mass transfer for gas-liquid flow in microchannel with successive contractions and expansions // Journal of Engineering Thermophysics. - 2024. - Vol. 33, iss. 2. - P. 397-405. DOI ; РИНЦ		KEYWORD_CANDIDATE	NEEDS_DOI_VERSION_AND_AFFILIATION_REVIEW
2024	94	https://www.itp.nsc.ru/publikacii/2024/2024stati/5.html	Mukhina M.A., Sadkin I.S., Shadrin E.Yu., Kopyev E.P. Experimental study of kerosene combustion characteristics in a jet of superheated steam with a controlled air excess // Engineered Science. - 2024. - Vol. 31. - 1195. - 11 p. DOI ; РИНЦ		NOT_KEYWORD_MATCHED	NEEDS_DOI_VERSION_AND_AFFILIATION_REVIEW
2024	95	https://www.itp.nsc.ru/publikacii/2024/2024stati/5.html	Glezer V.V. Experimental study of the dissociation of freon hydrate in a channel in the presence of air flow // AIP Conference Proceedings. - 2024. - Vol. 3184, iss. 1. - 020007. DOI		NOT_KEYWORD_MATCHED	NEEDS_DOI_VERSION_AND_AFFILIATION_REVIEW
2024	96	https://www.itp.nsc.ru/publikacii/2024/2024stati/5.html	Boyarshinov B.F., Fedorov S.Yu., Abdrakhmanov R.Kh., Naumkin V.S. Experimental study of the flame structure and heat and mass transfer in a hydrogen jet exhausting from a slot into air // Combustion, Explosion, and Shock Waves. - 2024. - Vol. 60, iss. 1. - P. 1-9. DOI ; РИНЦ (Бояршинов Б.Ф., Федоров С.Ю., Абдрахманов Р.Х., Наумкин В.С. Экспериментальное исследование структуры пламени и тепломассообмена при истечении струи водорода из щели в воздух // Физика горения и взрыва. - 2024. - Т. 60, № 1. - С. 3-12). DOI ; РИНЦ		NOT_KEYWORD_MATCHED	NEEDS_DOI_VERSION_AND_AFFILIATION_REVIEW
2024	97	https://www.itp.nsc.ru/publikacii/2024/2024stati/5.html	Ryabov M.N., Gobyzov O.A., Abdrakhmanov R.Kh., Bilsky A.V. Experimental study of the flow and breakup of a two-phase coaxial micro jet // Journal of Applied Mechanics and Technical Physics. - 2024. - Vol. 65, iss. 1. - P. 7–17. DOI ; РИНЦ (Рябов М.Н., Гобызов О.А., Абдрахманов Р.Х., Бильский А.В. Экспериментальное исследование истечения и дробления двухфазной коаксиальной микроструи // Прикладная механика и техническая физика. - 2024. - Т. 65, № 1 (383). - С. 11-22. РИНЦ )		NOT_KEYWORD_MATCHED	NEEDS_DOI_VERSION_AND_AFFILIATION_REVIEW
2024	98	https://www.itp.nsc.ru/publikacii/2024/2024stati/5.html	Danilov P.A., Lebedev A.S., Tolstoguzov R.V., Severin A.S., Dulin V.M. Experimental study of the possibility of dispersing a two-component emulsion by a simplex atomizer // Journal of Applied Mechanics and Technical Physics. - 2024. - Vol. 65, iss. 4. - P. 784-791. DOI ; РИНЦ (Данилов П.А., Лебедев А.С., Толстогузов Р.В., Северин А.С., Дулин В.М. Экспериментальное исследование возможности диспергирования двухкомпонентной эмульсии форсункой центробежного типа // Прикладная механика и техническая физика. - 2024. - Т. 65, № 4 (386). - С. 219-228. DOI ; РИНЦ )		NOT_KEYWORD_MATCHED	NEEDS_DOI_VERSION_AND_AFFILIATION_REVIEW
2024	99	https://www.itp.nsc.ru/publikacii/2024/2024stati/5.html	Elistratov D.S., Elistratov S.L., Chernov A.A. Experimental study of the process of dissociation of methane hydrate accompanied by its combustion // Journal of Engineering Thermophysics. - 2024. - Vol. 33, iss. 1. - P. 21-28. DOI ; РИНЦ		NOT_KEYWORD_MATCHED	NEEDS_DOI_VERSION_AND_AFFILIATION_REVIEW
2024	100	https://www.itp.nsc.ru/publikacii/2024/2024stati/5.html	Levin A.A., Safarov A.S., Chernov A.A. Factors affecting the formation of a cumulative jet after the collapse of a vapor bubble in a subcooled liquid // Experimental and Computational Multiphase Flow. - 2024. - Vol. 6. - P. 395–407. DOI ; РИНЦ		NOT_KEYWORD_MATCHED	NEEDS_DOI_VERSION_AND_AFFILIATION_REVIEW
2024	101	https://www.itp.nsc.ru/publikacii/2024/2024stati/6.html	Cherdantsev A., Vozhakov I. Fast droplets impacting liquid layer under a small angle: a numerical analysis of experimental observations // International Journal of Multiphase Flow. - 2024. - Vol. 175. - 104810. - 13 p. DOI ; РИНЦ		NOT_KEYWORD_MATCHED	NEEDS_DOI_VERSION_AND_AFFILIATION_REVIEW
2024	102	https://www.itp.nsc.ru/publikacii/2024/2024stati/6.html	Yarygin V.N., Yarygin I.V., Prikhodko V.G., Nazarov A.D. Features of measurement of local parameters of near-wall liquid films in supersonic nozzles // Journal of Engineering Thermophysics. - 2024. - Vol. 33, iss. 4. - P. 683-691. DOI ; РИНЦ		KEYWORD_CANDIDATE	NEEDS_DOI_VERSION_AND_AFFILIATION_REVIEW
2024	103	https://www.itp.nsc.ru/publikacii/2024/2024stati/6.html	Kuznetsov D.V., Pavlenko A.N. Features of nitrogen boiling dynamics on microstructured porous coatings // Thermophysics and Aeromechanics. – 2024. – Vol. 31, iss. 3. – P. 481-486. DOI ; РИНЦ (Кузнецов Д.В., Павленко А.Н. Особенности динамики кипения азота на микроструктурированных пористых покрытиях // Теплофизика и аэромеханика. – 2024. – Т. 31, № 3. – С. 515-520. РИНЦ )		KEYWORD_CANDIDATE	NEEDS_DOI_VERSION_AND_AFFILIATION_REVIEW
2024	104	https://www.itp.nsc.ru/publikacii/2024/2024stati/6.html	Fedyaeva O.N., Grebennikov A.P., Vostrikov A.A. Features of oxidation of bismuth by high-density water-oxygen fluid // Journal of Engineering Thermophysics. - 2024. - Vol. 33, iss. 3. - P. 467-477. DOI ; РИНЦ		NOT_KEYWORD_MATCHED	NEEDS_DOI_VERSION_AND_AFFILIATION_REVIEW
2024	105	https://www.itp.nsc.ru/publikacii/2024/2024stati/6.html	Anshakov A.S., Volokitin O.G., Domarov P.V. Features of plasma-thermal melting of ash and slag from incineration plant 1 // Journal of Engineering Thermophysics. - 2024. - Vol. 33, iss. 3. - P. 637-645. DOI ; РИНЦ		NOT_KEYWORD_MATCHED	NEEDS_DOI_VERSION_AND_AFFILIATION_REVIEW
2024	106	https://www.itp.nsc.ru/publikacii/2024/2024stati/6.html	Dvoinishnikov S.V, Bakakin G.V., Pavlov V.A., Rakhmanov V.V. Filtering the results of measuring the three-dimensional geometry of objects via the phase triangulation method under non-stationary lighting conditions // Measurement Techniques. - 2024. - Vol. 67, iss. 4. - P. 275–281. DOI ; РИНЦ (Двойнишников С.В., Бакакин Г.В., Павлов В.А., Рахманов В.В. Фильтрация результатов измерений трёхмерной геометрии объектов методом фазовой триангуляции в условиях нестационарного освещения // Измерительная техника. – 2024. – № 4. – С. 16-22. DOI ; РИНЦ )		NOT_KEYWORD_MATCHED	NEEDS_DOI_VERSION_AND_AFFILIATION_REVIEW
2024	107	https://www.itp.nsc.ru/publikacii/2024/2024stati/6.html	Gorelikova A.E., Kashinskii O.N., Chinak A.V. Formation of chain clusters during bubble motion from a single capillary in an inclined pipe // Journal of Applied Mechanics and Technical Physics. - 2024. - Vol. 65, iss. 1. - P. 105–111. DOI ; РИНЦ (Гореликова А.Е., Кашинский О.Н., Чинак А.В. Формирование кластеров-цепочек при движении пузырей от одиночного капилляра в наклонной трубе // Прикладная механика и техническая физика. - 2024. - Т. 65, № 1 (383). - С. 119-125. РИНЦ )		KEYWORD_CANDIDATE	NEEDS_DOI_VERSION_AND_AFFILIATION_REVIEW
2024	108	https://www.itp.nsc.ru/publikacii/2024/2024stati/6.html	Konstantinov V.O., Baranov E.A., Fan Zh., Shchukin V.G., Zamchiy A.O., Volodin V.A. Formation of germanium nanocrystals and amorphous nanoclusters in GeO[SiO] and GeO[SiO 2 ] films using electron beam annealing // Technical Physics. - 2024. - Vol. 69, iss. 4. - P. 898-905. DOI ; РИНЦ (Константинов В.О., Баранов Е.А., Fan Zhang, Щукин В.Г., Замчий А.О., Володин В.А. Формирование нанокристаллов и аморфных нанокластеров германия в пленках GeO[SiO] и GeO[SiO 2 ] с использованием электронно-пучкового отжига // Журнал технической физики. - 2022. - Т. 92, № 9. - 1402-1409 DOI ; РИНЦ )		KEYWORD_CANDIDATE	NEEDS_DOI_VERSION_AND_AFFILIATION_REVIEW
2024	109	https://www.itp.nsc.ru/publikacii/2024/2024stati/6.html	Gluzdov D., Gatapova E. Friction factor in microchannels with different boundary conditions // Eurasian Journal of Mathematical and Computer Applications. - 2024. - Vol. 12, iss. 4. - P. 47-53. DOI ; РИНЦ		KEYWORD_CANDIDATE	NEEDS_DOI_VERSION_AND_AFFILIATION_REVIEW
2024	110	https://www.itp.nsc.ru/publikacii/2024/2024stati/6.html	Gogonin I.I., Volodin O.A. Fundamentals of hydrodynamics and heat and mass transfer at film condensation of stationary vapor on horizontal tube bundles: a brief review // Journal of Engineering Thermophysics. - 2024. - Vol. 33, iss. 1. - P. 200-219. DOI ; РИНЦ		KEYWORD_CANDIDATE	NEEDS_DOI_VERSION_AND_AFFILIATION_REVIEW
2024	111	https://www.itp.nsc.ru/publikacii/2024/2024stati/6.html	Emelyanov A.A., Plotnikov M.Yu., Timoshenko N.I., Yudin I.B. Gas-jet synthesis of diamond coatings on silicon substrates // Thermophysics and Aeromechanics. - 2024. - Vol. 31, iss. 6. - P. 1153–1160. DOI ; РИНЦ (Емельянов А.А., Плотников М.Ю., Тимошенко Н.И., Юдин И.Б. Газоструйный синтез алмазных покрытий на кремниевых подложках // Теплофизика и аэромеханика. - 2024. - Т. 31, № 6. - С. 1077-1084. РИНЦ )		NOT_KEYWORD_MATCHED	NEEDS_DOI_VERSION_AND_AFFILIATION_REVIEW
2024	112	https://www.itp.nsc.ru/publikacii/2024/2024stati/6.html	Kudiiarov V.N., Anzhigatova E.D., Kurdyumov N.E., Kashkarov E.B., Smovzh D.V., Sorokin D.V., Skirda M.S. Graphene protective coatings for hydrogen resistance improving of E110 zirconium alloy // Physica B: Condensed Matter. - 2024. - Vol. 694. - 416391. DOI ; РИНЦ		NOT_KEYWORD_MATCHED	NEEDS_DOI_VERSION_AND_AFFILIATION_REVIEW
2024	113	https://www.itp.nsc.ru/publikacii/2024/2024stati/6.html	Matskevich N.I., Kochelakov D.V., Samoshkin D.A., Stankus S.V., Semerikova A.N., Rozhina M.Yu., Anyfrieva O.I. Heat capacity and phase transformation of cesium monomolybdate // Mendeleev Communications. – 2024. – Vol. 34, iss. 6. – P. 905-907. DOI ; РИНЦ		NOT_KEYWORD_MATCHED	NEEDS_DOI_VERSION_AND_AFFILIATION_REVIEW
2024	114	https://www.itp.nsc.ru/publikacii/2024/2024stati/6.html	Samoshkin D.A., Abdullaev R.N., Agazhanov A.Sh., Stankus S.V. Heat Capacity of Mg-Li Alloys with 21–30 at. pct Li in the Solid State // Metallurgical and Materials Transactions A. - 2024. - Vol. 55, iss. 11. - P. 4455-4461. DOI ; РИНЦ		NOT_KEYWORD_MATCHED	NEEDS_DOI_VERSION_AND_AFFILIATION_REVIEW
2024	115	https://www.itp.nsc.ru/publikacii/2024/2024stati/6.html	Shamirzaev A.S. Heat transfer and critical heat fluxes in short microchannels during boiling of zeotropic mixtures // Technical Physics Letters. - 2024. - Vol. 50, iss. 3. - P. 8-12 (Шамирзаев А.С. Теплообмен и критические тепловые потоки в коротких микроканалах при кипении зеотропных смесей // Письма в Журнал технической физики. - 2024. - Т. 50, № 5. - С. 10-14. РИНЦ )		KEYWORD_CANDIDATE	NEEDS_DOI_VERSION_AND_AFFILIATION_REVIEW
2024	116	https://www.itp.nsc.ru/publikacii/2024/2024stati/6.html	Zhukov V.E., Mezentseva N.N. Heat transfer and pressure drop during circulation of non-azeotropic mixture in heated channel with spiral intensifiers // Journal of Engineering Thermophysics. - 2024. - Vol. 33, iss. 4. - P. 734-749. DOI ; РИНЦ		KEYWORD_CANDIDATE	NEEDS_DOI_VERSION_AND_AFFILIATION_REVIEW
2024	117	https://www.itp.nsc.ru/publikacii/2024/2024stati/6.html	Volodin O.A., Pecherkin N.I., Shvetsov D.A., Serdyukov V.S., Bessmeltsev V.P., Baev S.G., Pavlenko A.N. Heat transfer at evaporation and boiling of refrigerant mixture film falling down a vertical heater with a 3D-printed dual-scale coating // Journal of Engineering Thermophysics. - 2024. - Vol. 33, iss. 4. - P. 750-766. DOI ; РИНЦ		KEYWORD_CANDIDATE	NEEDS_DOI_VERSION_AND_AFFILIATION_REVIEW
2024	118	https://www.itp.nsc.ru/publikacii/2024/2024stati/6.html	Terekhov V.I., Karpov P.N., Serov A.F. Heat transfer control at impinging pulsed gas-drop flow in the regime of evaporative cooling // Thermophysics and Aeromechanics. - 2024. - Vol. 31, iss. 1. - P. 141–152. DOI ; РИНЦ (Терехов В.И., Карпов П.Н., Серов А.Ф. Управление теплообменом при импактном натекании импульсного газокапельного потока в режиме испарительного охлаждения // Теплофизика и аэромеханика. - 2024. - Т. 31, № 1. - С. 153-166. РИНЦ )		KEYWORD_CANDIDATE	NEEDS_DOI_VERSION_AND_AFFILIATION_REVIEW
2024	119	https://www.itp.nsc.ru/publikacii/2024/2024stati/6.html	Shvetsov D.A., Pavlenko A.N., Nazarov A.D., Mikhailov A.V., Zhukov V.I. Heat transfer during boiling in a thin layer of dielectric liquid HFE–7100 on capillary-porous coatings // High Temperature. - 2024. - Vol. 62, iss. 6. - P. 757-767. DOI ; РИНЦ (Швецов Д.А., Павленко А.Н., Назаров А.Д., Михайлов А.В., Жуков В.И. Теплообмен при кипении в тонком слое диэлектрической жидкости HFE–7100 на капиллярно-пористых покрытиях // Теплофизика высоких температур. – Т. 62, № 6. – C. 865-876. DOI ; РИНЦ )		KEYWORD_CANDIDATE	NEEDS_DOI_VERSION_AND_AFFILIATION_REVIEW
2024	120	https://www.itp.nsc.ru/publikacii/2024/2024stati/6.html	Shvetsov D.A., Pavlenko A.N., Zhukov V.I. Heat transfer during boiling in horizontal layers of HFE-7100 on smooth and modified surfaces // Journal of Engineering Thermophysics. - 2024. - Vol. 33, iss. 2. - P. 250-268. DOI ; РИНЦ		KEYWORD_CANDIDATE	NEEDS_DOI_VERSION_AND_AFFILIATION_REVIEW
2024	121	https://www.itp.nsc.ru/publikacii/2024/2024stati/7.html	Kuznetsov V.V., Shamirzaev A.S. Heat transfer during downflow condensation of R21 in plate-fin heat exchanger with inclined texture // Journal of Engineering Thermophysics. - 2024. - Vol. 33, iss. 2. - P. 283-288. DOI ; РИНЦ		KEYWORD_CANDIDATE	NEEDS_DOI_VERSION_AND_AFFILIATION_REVIEW
2024	122	https://www.itp.nsc.ru/publikacii/2024/2024stati/7.html	Volodin O.A., Serdyukov V.S. Vyacheslavova E.A., Baranov A.I., Malakhov I.P., Konev S.V., Kosovskikh I.A. Heat transfer during water boiling on black silicon surfaces of different morphologies // Thermophysics and Aeromechanics. - 2024. - Vol. 31, iss. 5. - P. 1097–1102. DOI ; РИНЦ (Володин О.А., Сердюков В.С., Вячеславова Е.А., Баранов А.И., Малахов И.П., Конев С.В., Косовских И.А. . Теплообмен при кипении воды на поверхностях черного кремния различной морфологии // Теплофизика и аэромеханика. - 2024. - Т. 31, № 5. - С. 1021-1026. РИНЦ )		KEYWORD_CANDIDATE	NEEDS_DOI_VERSION_AND_AFFILIATION_REVIEW
2024	123	https://www.itp.nsc.ru/publikacii/2024/2024stati/7.html	Malakhov I.P., Serdyukov V.S., Safonov A.I., Rodionov A.A., Starinskiy S.V., Surtaev A.S. Heat transfer enhancement and increase in critical heat flux during boiling on a biphilic silicon surface // Thermophysics and Aeromechanics. - 2024. - Vol. 31, iss. 1. - P. 189–192. DOI ; РИНЦ (Малахов И.П., Сердюков В.С., Сафонов А.И., Родионов А.А., Старинский С.В., Суртаев А.С. Интенсификация теплообмена и повышение критического теплового потока при кипении на бифильной поверхности кремния // Теплофизика и аэромеханика. - 2024. - Т. 31, № 1. - С. 205-209. РИНЦ )		KEYWORD_CANDIDATE	NEEDS_DOI_VERSION_AND_AFFILIATION_REVIEW
2024	124	https://www.itp.nsc.ru/publikacii/2024/2024stati/7.html	Das M.K., Moharana S., Laskar N., Pecherkin N.I., Pavlenko A.N., Volodin O.A. Heat transfer enhancement of different ribbing pitched semi-closed microstructure tube bundles fabricated by deformational cutting method // International Journal of Thermofluids. - 2024. - Vol. 22. - 100695. - 20 p. DOI ; РИНЦ		KEYWORD_CANDIDATE	NEEDS_DOI_VERSION_AND_AFFILIATION_REVIEW
2024	125	https://www.itp.nsc.ru/publikacii/2024/2024stati/7.html	Zhukov V.E., Mezentseva N.N. Heat transfer in a channel with spherical intensifiers where a non-azeotropic alcohol-water mixture circulates // Thermophysics and Aeromechanics. - 2024. - Vol. 31, iss. 5. - P. 963–966. DOI ; РИНЦ (Жуков В.Е., Мезенцева Н.Н. Теплоотдача в канале со сферическими интенсификаторами при циркуляции неазеотропной спирто-водяной смеси // Теплофизика и аэромеханика. - 2024. - Т. 31, № 5. - С. 879-883. РИНЦ )		KEYWORD_CANDIDATE	NEEDS_DOI_VERSION_AND_AFFILIATION_REVIEW
2024	126	https://www.itp.nsc.ru/publikacii/2024/2024stati/7.html	Volodin O.A., Pecherkin N.I., Konev S.V., Das M.K., Pavlenko A.N. Heat transfer in liquid film falling down vertical cylinder with single-layer and gradient two-layer mesh coatings // Journal of Engineering Thermophysics. - 2024. - Vol. 33, iss. 2. - P. 269-282. DOI ; РИНЦ		KEYWORD_CANDIDATE	NEEDS_DOI_VERSION_AND_AFFILIATION_REVIEW
2024	127	https://www.itp.nsc.ru/publikacii/2024/2024stati/7.html	Zhapbasbayev U., Bekibayev T., Pakhomov M., Ramazanova G. Heat transfer of crude waxy oil with yield stress in a pipe // Energies. - 2024. - Vol. 17, iss. 18. - 4687. - 15 p. DOI ; РИНЦ		KEYWORD_CANDIDATE	NEEDS_DOI_VERSION_AND_AFFILIATION_REVIEW
2024	128	https://www.itp.nsc.ru/publikacii/2024/2024stati/7.html	Vladyko I., Miskiv N., Pavlenko K., Chernyavskiy A., Surtaev A. Heat transfer peculiarities and crisis phenomena development in spray cooling using various types of nozzles // International Communications in Heat and Mass Transfer. - 2024. - Vol. 159, part B. - 108145. DOI ; РИНЦ		KEYWORD_CANDIDATE	NEEDS_DOI_VERSION_AND_AFFILIATION_REVIEW
2024	129	https://www.itp.nsc.ru/publikacii/2024/2024stati/7.html	Vladyko I.V., Surtaev A.S., Miskiv N.B., Mikhailov A.V., Nazarov A.D., Pavlenko A.N. Heat transfer regimes and critical heat flux during spray cooling with subcooled water // Thermophysics and Aeromechanics. – 2024. – Vol. 31, iss. 4. – P. 749-753. DOI ; РИНЦ (Владыко И.В., Суртаев А.С., Миськив Н.Б., Михайлов А.В., Назаров А.Д, Павленко А.Н. Режимы теплообмена и критический тепловой поток при спрейном охлаждении с использованием недогретой воды // Теплофизика и аэромеханика. – 2024. – Т. 31, № 4. – С. 729-734. РИНЦ )		KEYWORD_CANDIDATE	NEEDS_DOI_VERSION_AND_AFFILIATION_REVIEW
2024	130	https://www.itp.nsc.ru/publikacii/2024/2024stati/7.html	Antonov D.V., Nizovtsev M.I., Shchepakina E.A., Sobolev V.A., Strizhak P.A., Sazhin S.S. Heat transfer through a three-layer wall considering the contribution of phase change: A novel approach to the modelling of the process // International Journal of Heat and Mass Transfer. - 2024. - Vol. 226. - 125500. - 12 p. DOI ; РИНЦ		KEYWORD_CANDIDATE	NEEDS_DOI_VERSION_AND_AFFILIATION_REVIEW
2024	131	https://www.itp.nsc.ru/publikacii/2024/2024stati/7.html	Antonov D.V., Starinskaya E.M., Starinskiy S.V., Miskiv N.B., Terekhov V.V., Strizhak P.A., Sazhin S.S. Heating and evaporation of sessile droplets:simple and advanced models // Langmuir. - 2024. - Vol. 40, iss. 5. - P. 2656-2663. DOI ; РИНЦ		KEYWORD_CANDIDATE	NEEDS_DOI_VERSION_AND_AFFILIATION_REVIEW
2024	132	https://www.itp.nsc.ru/publikacii/2024/2024stati/7.html	Valoor R., Sulyaeva V., Lakshmiramanan K., Gatapova E., Ratnayake P., Kozhevnikov A., Kolodin A.N., Fedorenko A., Kosinova M., Pandya H.J., Basu B. Hemocompatibility and preangiogenic attributes of SiB x C y N z O m coatings for biomedical applications // ACS Applied Materials & Interfaces. - 2024. - Vol. 16, iss. 19. - P. 24321-24340. DOI ; РИНЦ		NOT_KEYWORD_MATCHED	NEEDS_DOI_VERSION_AND_AFFILIATION_REVIEW
2024	133	https://www.itp.nsc.ru/publikacii/2024/2024stati/7.html	Nazarov N.A., Terekhov V.V. High level GPU-accelerated 2D PIV framework in Python // Computer Physics Communications. - 2024. - Vol. 295. - 109009. DOI ; РИНЦ		NOT_KEYWORD_MATCHED	NEEDS_DOI_VERSION_AND_AFFILIATION_REVIEW
2024	134	https://www.itp.nsc.ru/publikacii/2024/2024stati/7.html	Pavlenko A.N., Kataev A.I., Mironova I.B. Hysteresis phenomena at boiling in liquid film flowing down the tubes with microarc oxidation coating // Journal of Engineering Thermophysics. - 2024. - Vol. 33, iss. 3. - P. 445-466. DOI ; РИНЦ		KEYWORD_CANDIDATE	NEEDS_DOI_VERSION_AND_AFFILIATION_REVIEW
2024	135	https://www.itp.nsc.ru/publikacii/2024/2024stati/7.html	Kuznetsov A.V., Butakov E.B., Abdurakipov S.S. Ignition and thermal decomposition of solid organic fuel: The influence of activation, deactivation, and composite formation // Case Studies in Thermal Engineering. - 2024. - Vol. 53. - 103950. - 8 p. DOI ; РИНЦ		NOT_KEYWORD_MATCHED	NEEDS_DOI_VERSION_AND_AFFILIATION_REVIEW
2024	136	https://www.itp.nsc.ru/publikacii/2024/2024stati/7.html	Nizovtsev M.I., Sterlygov A.N. Increasing the thermal inertia of building walls when using phase change materials // Thermophysics and Aeromechanics. - 2024. - Vol. 31, iss. 2. - P. 273-284. DOI ; РИНЦ (Низовцев М.И., Стерлягов А.Н. Повышение теплоинерционности стен зданий при применении фазоизменяемых материалов // Теплофизика и аэромеханика. - 2024. - Т. 31, № 2. - С 295-307. РИНЦ		NOT_KEYWORD_MATCHED	NEEDS_DOI_VERSION_AND_AFFILIATION_REVIEW
2024	137	https://www.itp.nsc.ru/publikacii/2024/2024stati/7.html	Vinokurov V.A, Vinokurov V.V, Pukhovoy M.V. , Kabov O.A. Influence of cooling water flux on the temperature of the vacuum window components of Novosibirsk synchrotron Wigler stations // Eurasian Journal of Mathematical and Computer Applications. - 2024. - Vol. 13, iss. 2. - P. 105-111. DOI ; РИНЦ		KEYWORD_CANDIDATE	NEEDS_DOI_VERSION_AND_AFFILIATION_REVIEW
2024	138	https://www.itp.nsc.ru/publikacii/2024/2024stati/7.html	Kovalev A.V., Pervunin K.S., Bilsky A.V., Yagodnitsyna A.A. Influence of dispersed phase flow-rate pulsations on the liquid–liquid parallel flow in a T-junction microchannel // Chemical Engineering Journal. - 2024. - Vol. 488. - 150734. - 29 p. DOI ; РИНЦ		KEYWORD_CANDIDATE	NEEDS_DOI_VERSION_AND_AFFILIATION_REVIEW
2024	139	https://www.itp.nsc.ru/publikacii/2024/2024stati/7.html	Misyura S.Y., Tokarev M.M., Morozov V.S., Grekova A.D., Gordeeva L.G. Influence of flow rate of thermal fluid on duration of heating of SWS-1L adsorbent in heat exchanger // Journal of Engineering Thermophysics. - 2024. - Vol. 33, iss. 1. - P. 9-20. DOI ; РИНЦ		NOT_KEYWORD_MATCHED	NEEDS_DOI_VERSION_AND_AFFILIATION_REVIEW
2024	140	https://www.itp.nsc.ru/publikacii/2024/2024stati/7.html	Ronshin F., Kabov O., Rednikov A., Tadrist L. Influence of subcooling conditions on pool boiling in microgravity conditions: Single artificial case // Journal of Physics: Conference Series. - 2024. - Vol. 2766, iss. 1. - 012132. - 6 p. DOI ; РИНЦ		KEYWORD_CANDIDATE	NEEDS_DOI_VERSION_AND_AFFILIATION_REVIEW
2024	141	https://www.itp.nsc.ru/publikacii/2024/2024stati/8.html	Kuznetsov G.V., Kravchenko E.V., Pribaturin N.A. Influence of the air gaps between cells and the case of the storage battery on its representative temperatures // Energy. - 2024. - Vol. 308. - 132638. DOI ; РИНЦ		NOT_KEYWORD_MATCHED	NEEDS_DOI_VERSION_AND_AFFILIATION_REVIEW
2024	142	https://www.itp.nsc.ru/publikacii/2024/2024stati/8.html	Pakhomov M.A., Terekhov V.I. Intensification of heat transfer in a turbulent gas-droplet flow with peripheral swirling // Thermophysics and Aeromechanics. - 2024. - Vol. 31, iss. 6. - P. 1219–1226. DOI ; РИНЦ (Пахомов М.А., Терехов В.И. Интенсификация теплообмена в турбулентном газокапельном потоке c периферийной закруткой // Теплофизика и аэромеханика. - 2024. - Т. 31, № 6. - С. 1149-1157. РИНЦ )		KEYWORD_CANDIDATE	NEEDS_DOI_VERSION_AND_AFFILIATION_REVIEW
2024	143	https://www.itp.nsc.ru/publikacii/2024/2024stati/8.html	Misyura S.Y., Egorov R.I., Morozov V.S., Zaitsev A.S. Intensifying the particle deposition from a colloidal solution for the purpose of liquid purification: Comparison of deposition mechanisms and rates // Powder Technology. - 2024. - Vol. 434. - 119346. DOI ; РИНЦ		NOT_KEYWORD_MATCHED	NEEDS_DOI_VERSION_AND_AFFILIATION_REVIEW
2024	144	https://www.itp.nsc.ru/publikacii/2024/2024stati/8.html	Tsvelodub O.Y. Investigating bifurcations of spatial wave regimes in the vicinity of special resonance points on the surface of a viscous liquid film flowing down a vertical cylinder // Thermophysics and Aeromechanics. - 2024. - Vol. 31, iss. 4. - P. 717-728. DOI ; РИНЦ (Цвелодуб О.Ю. Исследование в окрестностях особых резонансных точек бифуркаций пространственных волновых режимов на поверхности пленки вязкой жидкости, стекающей по вертикальному цилиндру // Теплофизика и аэромеханика. – 2024. – Т. 31, № 4. – C. 695–707. РИНЦ )		KEYWORD_CANDIDATE	NEEDS_DOI_VERSION_AND_AFFILIATION_REVIEW
2024	145	https://www.itp.nsc.ru/publikacii/2024/2024stati/8.html	Kashinsky O.N., Alekseev M.V., Lukyanov A.A., Kurdyumov A.S., Lobanov P.D. Investigation of hydrodynamic characteristics of a stationary Taylor bubble at different velocities of a downward liquid flow // Thermophysics and Aeromechanics. - 2024. - Vol. 31, iss. 3. - P. 531–546. DOI ; РИНЦ (Кашинский О.Н., Алексеев М.В., Лукьянов А.А., Курдюмов А.С., Лобанов П.Д. Исследование гидродинамических характеристик неподвижного пузыря Тейлора при различных скоростях опускного потока жидкости // Теплофизика и аэромеханика. – 2024. – Т. 31, № 3. – C. 569–585. РИНЦ )		NOT_KEYWORD_MATCHED	NEEDS_DOI_VERSION_AND_AFFILIATION_REVIEW
2024	146	https://www.itp.nsc.ru/publikacii/2024/2024stati/8.html	Grebenev V.N., Demenkov A.G., Chernykh G.G. Investigation of the local equilibrium approximation in a planar momentumless turbulent wake in a passively stratified fluid // Journal of Engineering Thermophysics. - 2024. - Vol. 33, iss. 3. - P. 494-506. DOI ; РИНЦ		NOT_KEYWORD_MATCHED	NEEDS_DOI_VERSION_AND_AFFILIATION_REVIEW
2024	147	https://www.itp.nsc.ru/publikacii/2024/2024stati/8.html	Nemirovskii S. Kinetic of the development of a quantum vortex tangle in superfluids under the influence of thermal activation // Physics of Fluids. - 2024. - Vol. 36, iss. 11. - 117156. DOI ; РИНЦ		NOT_KEYWORD_MATCHED	NEEDS_DOI_VERSION_AND_AFFILIATION_REVIEW
2024	148	https://www.itp.nsc.ru/publikacii/2024/2024stati/8.html	Morozov A.A., Titarev V.A. Kinetic study of time-of-flight distributions during pulsed laser evaporation into vacuum // Physics of Fluids. - 2024. - Vol. 36, iss. 11. - 116112. - 12 p. DOI ; РИНЦ		KEYWORD_CANDIDATE	NEEDS_DOI_VERSION_AND_AFFILIATION_REVIEW
2024	149	https://www.itp.nsc.ru/publikacii/2024/2024stati/8.html	Kravtsova A.Yu., Kulikov D.V., Lanshakov D.A., Kashkarova M.V., Dvoinishnikov S.V. Laser doppler anemometry of cavitating hydrofoil in a slit // Journal of Engineering Thermophysics. - 2024. - Vol. 33, iss. 3. - P. 646-651. DOI ; РИНЦ		NOT_KEYWORD_MATCHED	NEEDS_DOI_VERSION_AND_AFFILIATION_REVIEW
2024	150	https://www.itp.nsc.ru/publikacii/2024/2024stati/8.html	Kabardin I.K., Yavorsky N.I., Pravdina M.Kh., Gordienko M.R., Kakaulin S.V., Zubanov K.S., Bakakin G.V., Meledin V.G. LDA-based experimental investigation of velocity pulsations in the vortex tube // Journal of Engineering Thermophysics. - 2024. - Vol. 33, iss. 3. - P. 478-484. DOI ; РИНЦ		NOT_KEYWORD_MATCHED	NEEDS_DOI_VERSION_AND_AFFILIATION_REVIEW
2024	151	https://www.itp.nsc.ru/publikacii/2024/2024stati/8.html	Kozlovskii Yu.M., Stankus S.V. Linear thermal expansion coefficient of monocrystalline silicon // Thermophysics and Aeromechanics. - 2024. - Vol. 31, iss. 6. - P. 781-790. DOI ; РИНЦ (Козловский Ю.М., Станкус С.В. Термический коэффициент линейного расширения монокристаллического кремния // Теплофизика и аэромеханика. - 2024. - Т. 31, № 6. - С. 1229-1232. РИНЦ )		NOT_KEYWORD_MATCHED	NEEDS_DOI_VERSION_AND_AFFILIATION_REVIEW
2024	152	https://www.itp.nsc.ru/publikacii/2024/2024stati/8.html	Vorobyev M.A., Kashinsky O.N. Local characteristics of bubbly flow in rods assembly 3 × 3 // International Journal of Heat and Mass Transfer. - 2024. - Vol. 231. - 125844. DOI ; РИНЦ		NOT_KEYWORD_MATCHED	NEEDS_DOI_VERSION_AND_AFFILIATION_REVIEW
2024	153	https://www.itp.nsc.ru/publikacii/2024/2024stati/8.html	Grebenev V.N., Demenkov A.G., Chernykh G.G. Local equilibrium approach in the problem of the dynamics of a plane turbulent wake in a passively stratified medium // Journal of Applied and Industrial Mathematics. - 2024. - Vol. 18, iss. 1. - P. 36–46. DOI ; РИНЦ (Гребенев В.Н., Деменков А.Г., Черных Г.Г. Локально-равновесное приближение в задаче о динамике плоского турбулентного следа в пассивно стратифицированной среде // Сибирский журнал индустриальной математики. - 2024. - Т. 27, № 1 (97). - С. 16-28) DOI ; РИНЦ		NOT_KEYWORD_MATCHED	NEEDS_DOI_VERSION_AND_AFFILIATION_REVIEW
2024	154	https://www.itp.nsc.ru/publikacii/2024/2024stati/8.html	Chikishev L.M., Markovich D.M. Low-emission combustion chambers of GTU: modern trends, diagnostics, and optimization (Review) // Thermal Engineering. - 2024. - Vol. 71, iss. 1. - P. 44-64. DOI ; РИНЦ (Чикишев Л.М., Маркович Д.М. Малоэмиссионные камеры сгорания ГТУ. Современные тренды, диагностика и оптимизация (Обзор) // Теплоэнергетика. - 2024, № 1. - С. 50-72). DOI ; РИНЦ		NOT_KEYWORD_MATCHED	NEEDS_DOI_VERSION_AND_AFFILIATION_REVIEW
2024	155	https://www.itp.nsc.ru/publikacii/2024/2024stati/8.html	Kichatov B., Korshunov A., Sudakov V., Golubkov A., Kolobov A., Chikishev L. Magnetic nanofluid Fe 3 O 4 in passive cooling system based on thermo-osmotic effect // International Journal of Thermal Sciences. - 2024. - Vol. 199. - 108931. - 23 p. DOI ; РИНЦ		KEYWORD_CANDIDATE	NEEDS_DOI_VERSION_AND_AFFILIATION_REVIEW
2024	156	https://www.itp.nsc.ru/publikacii/2024/2024stati/8.html	"Kovalev A.V., Yagodnitsyna A.A., Bilsky A.V. Manipulating liquid-liquid flow with magnetic dispersed phase in a T-junction microchannel using a constant magnetic field // Thermophysics and Aeromechanics. - 2024. - Vol. 31, iss. 4. - P. 769-772. DOI ; РИНЦ (Ковалев А., Ягодницина А., Бильский А. Управление потоком ""жидкость - жидкость"" с магнитной дисперсной фазой в микроканале т-типа за счет наложения постоянного магнитного поля // Теплофизика и аэромеханика. – 2024. – Т. 31, № 4. – С. 749–752. РИНЦ )"		KEYWORD_CANDIDATE	NEEDS_DOI_VERSION_AND_AFFILIATION_REVIEW
2024	157	https://www.itp.nsc.ru/publikacii/2024/2024stati/8.html	Mezentsev I.V., Vernikovskaya N.V., Melkov P.S., Mezentsev S.I., Mezentseva N.N. Mathematical modeling of reverse processes with consideration of the water–ice phase transition // Journal of Engineering Thermophysics. - 2024. - Vol. 33, iss. 3. - P. 521-535. DOI ; РИНЦ		NOT_KEYWORD_MATCHED	NEEDS_DOI_VERSION_AND_AFFILIATION_REVIEW
2024	158	https://www.itp.nsc.ru/publikacii/2024/2024stati/8.html	Stepanov R., Frick P., Dulin V., Markovich D. Mean and fluctuating helicity in swirling jet flows // Physical Review Fluids. - 2024. - Vol. 9, iss. 6. - L062601. - 11 p. DOI ; РИНЦ		NOT_KEYWORD_MATCHED	NEEDS_DOI_VERSION_AND_AFFILIATION_REVIEW
2024	159	https://www.itp.nsc.ru/publikacii/2024/2024stati/8.html	Kulik V.M. Measurement of viscoelastic properties by free loading-mass method // Current Physics. - 2024. - Vol. 1, iss. 1. - E210624231206. DOI ; РИНЦ		NOT_KEYWORD_MATCHED	NEEDS_DOI_VERSION_AND_AFFILIATION_REVIEW
2024	160	https://www.itp.nsc.ru/publikacii/2024/2024stati/8.html	Schaefer W., Dulin V. Method for the generation of oscillating scattered light intensities for the determination of a particle property vector // Applied Optics. - 2024. - Vol. 63, iss. 8. - P. 2036-2045. DOI ; РИНЦ		NOT_KEYWORD_MATCHED	NEEDS_DOI_VERSION_AND_AFFILIATION_REVIEW
2024	161	https://www.itp.nsc.ru/publikacii/2024/2024stati/9.html	Kuznetsov M.Y., Petrov N.A., Plokhikh I.A., Sotnikov V.V. Methods of machine learning for the analysis of cosmic rays mass composition with the KASCADE experiment data // Journal of Instrumentation. - 2024. - Vol. 19, iss. 1. - P01025. - 33 p. DOI ; РИНЦ		NOT_KEYWORD_MATCHED	NEEDS_DOI_VERSION_AND_AFFILIATION_REVIEW
2024	162	https://www.itp.nsc.ru/publikacii/2024/2024stati/9.html	Abdullaev R.N., Agazhanov A.Sh., Khairulin R.A., Kozlovskii Yu.M., Samoshkin D.A., Stankus S.V. Mg–Li–Ca eutectic alloy. Phase transitions and thermophysical properties // Journal of Engineering Thermophysics. - 2024. - Vol. 33, iss. 3. - P. 663-674. DOI ; РИНЦ		NOT_KEYWORD_MATCHED	NEEDS_DOI_VERSION_AND_AFFILIATION_REVIEW
2024	163	https://www.itp.nsc.ru/publikacii/2024/2024stati/9.html	Pakhomov M.A. Modeling of a turbulent droplet-laden flow behind an obstacle // Journal of Applied Mechanics and Technical Physics. - 2024. - Vol. 65, iss. 1. - P. 80-91. DOI ; РИНЦ (Пахомов М.А. Моделирование локальной структуры газокапельного турбулентного потока за преградой // Прикладная механика и техническая физика. - 2024. - Т. 65, № 1 (383). - С. 91-103) РИНЦ		NOT_KEYWORD_MATCHED	NEEDS_DOI_VERSION_AND_AFFILIATION_REVIEW
2024	164	https://www.itp.nsc.ru/publikacii/2024/2024stati/9.html	Vasilev M.M., Terekhov V.V. Modeling of the dynamics of interaction of an incident droplet with a biphilic surface // Thermophysics and Aeromechanics. - 2024. - Vol. 31, iss. 4. - P. 699–709. DOI ; РИНЦ (Васильев М.М., Терехов В.И. Моделирование динамики взаимодействия падающей капли с бифильной поверхностью // Теплофизика и аэромеханика. – 2024. – Т. 31, № 4. – С. 787–792. РИНЦ )		NOT_KEYWORD_MATCHED	NEEDS_DOI_VERSION_AND_AFFILIATION_REVIEW
2024	165	https://www.itp.nsc.ru/publikacii/2024/2024stati/9.html	Pakhomov M.A., Terekhov V.I. Modeling the process of mixing a gas-droplet wall jet with a heated turbulent flow in a cylindrical channel // Thermophysics and Aeromechanics. - 2024. - Vol. 31, iss. 5. - P. 1019-1024. DOI ; РИНЦ (Пахомов М.А., Терехов В.И. Моделирование процесса смешения газокапельной пристенной струи с нагретым турбулентным потоком в цилиндрическом канале // Теплофизика и аэромеханика. - 2024. - Т. 31, № 5. - С. 941-946. РИНЦ )		NOT_KEYWORD_MATCHED	NEEDS_DOI_VERSION_AND_AFFILIATION_REVIEW
2024	166	https://www.itp.nsc.ru/publikacii/2024/2024stati/9.html	Ryabov V.O., Andryushchenko V.A., Gluzdov D.S. Molecular dynamics simulation of the formation of carbon structures during carbon vapor deposition on Ni substrate // Mendeleev Communications. - 2024. - Vol. 34, iss. 6. - P. 795-797. DOI ; РИНЦ		NOT_KEYWORD_MATCHED	NEEDS_DOI_VERSION_AND_AFFILIATION_REVIEW
2024	167	https://www.itp.nsc.ru/publikacii/2024/2024stati/9.html	Morozova M.A., Zaikovsky A.V. Nanofluids based on carbon nanomaterials for direct absorption solar collectors // Technical Physics Letters. - 2024. - Vol. 50, iss. 7. - P. 39-41 (Морозова М.А., Зайковский А.В. Наножидкости на основе углеродных наноматериалов для коллекторов прямого сбора солнечной энергии // Письма в Журнал технической физики. – 2024. – Т. 50, № 13. – С. 43-46. РИНЦ )		NOT_KEYWORD_MATCHED	NEEDS_DOI_VERSION_AND_AFFILIATION_REVIEW
2024	168	https://www.itp.nsc.ru/publikacii/2024/2024stati/9.html	Samokhvalov F., Zamchiy A., Baranov E., Fedotov A., Starinskaya E., Volodin V., Tagiara N.S., Starinskiy S. Nanosecond laser-induced crystallization of SiO x /Au bilayers in air and vacuum // Optics & Laser Technology. - 2024. - Vol. 179. - 111286. DOI ; РИНЦ		NOT_KEYWORD_MATCHED	NEEDS_DOI_VERSION_AND_AFFILIATION_REVIEW
2024	169	https://www.itp.nsc.ru/publikacii/2024/2024stati/9.html	Song Ju., Ebihara Y., Yudin P., Sakata O., Morioka H., Kiguchi T., Kondo Sh., Yuan X., Okamura S., Yoshino M., Nagasaki T., Yamada T. Novel route for enhancing piezoelectricity of ferroelectric films: controlling nontrivial polarization states in Pb(Zr, Ti)O 3 monodomain superlattice structure // ACS Applied Materials & Interfaces. - 2024. - Vol. 16, iss. 13. - P. 16145-16151. DOI ; РИНЦ		NOT_KEYWORD_MATCHED	NEEDS_DOI_VERSION_AND_AFFILIATION_REVIEW
2024	170	https://www.itp.nsc.ru/publikacii/2024/2024stati/9.html	Piskunov M., Piskunova A., Vozhakov I., Misyura S. Numerical contact line behavior prediction for drop-wall impact using Basilisk // Journal of Physics: Conference Series. - 2024. - Vol. 2766, iss. 1. - 012073. - 6 p. DOI ; РИНЦ		NOT_KEYWORD_MATCHED	NEEDS_DOI_VERSION_AND_AFFILIATION_REVIEW
2024	171	https://www.itp.nsc.ru/publikacii/2024/2024stati/9.html	Mullyadzhanov I.I., Gudko A.S., Mullyadzhanov R.I., Gelash A.A. Numerical direct scattering transform for breathers // Proceedings of the Royal Society A: Mathematical, Physical and Engineering Sciences. - 2024. - Vol. 480, iss. 2282. - 13 p. DOI ; РИНЦ		NOT_KEYWORD_MATCHED	NEEDS_DOI_VERSION_AND_AFFILIATION_REVIEW
2024	172	https://www.itp.nsc.ru/publikacii/2024/2024stati/9.html	Gluzdov D.S., Gatapova E.Ya. Numerical implementation of boundary conditions on bubbles in a microchannel with stationary laminar flow // Journal of Engineering Thermophysics. - 2024. - Vol. 33, iss. 3. - P. 485-493. DOI ; РИНЦ		KEYWORD_CANDIDATE	NEEDS_DOI_VERSION_AND_AFFILIATION_REVIEW
2024	173	https://www.itp.nsc.ru/publikacii/2024/2024stati/9.html	Graur I., Rednikov A., Ronshin F., Tadrist L. Numerical modeling and simulation of near-contact-line evaporation kinetics // Journal of Physics: Conference Series. - 2024. - Vol. 2766, iss. 1. - 012156. - 6 p. DOI ; РИНЦ		KEYWORD_CANDIDATE	NEEDS_DOI_VERSION_AND_AFFILIATION_REVIEW
2024	174	https://www.itp.nsc.ru/publikacii/2024/2024stati/9.html	Zhapbasbayev U., Bekibayev T., Pakhomov M., Ramazanova G. Numerical modeling of non-isothermal laminar flow and heat transfer of paraffinic oil with yield stress in a pipe // Energies. - 2024. - Vol. 17, iss. 9. - 2080. - 20 p. DOI ; РИНЦ		KEYWORD_CANDIDATE	NEEDS_DOI_VERSION_AND_AFFILIATION_REVIEW
2024	175	https://www.itp.nsc.ru/publikacii/2024/2024stati/9.html	Sentyabov A.V., Platonov D.V., Shtork S.I., Skripkin S.G., Minakov A.V. Numerical simulation of a double helix vortex structure in a tangential chamber // International Journal of Heat and Fluid Flow. - 2024. - Vol. 107. - 109398. DOI ; РИНЦ		NOT_KEYWORD_MATCHED	NEEDS_DOI_VERSION_AND_AFFILIATION_REVIEW
2024	176	https://www.itp.nsc.ru/publikacii/2024/2024stati/9.html	Pakhomov M.A. Numerical simulation of the influence of droplet evaporation on local heat transfer in a turbulent flow behind an obstacle // Journal of Applied Mechanics and Technical Physics. - 2024. - Vol. 65, iss. 4. - P. 665–676. DOI ; РИНЦ (Пахомов М.А. Численное моделирование влияния испарения капель на изменение локального теплообмена в турбулентном потоке за преградой // Прикладная механика и техническая физика. - 2024. - Т. 65, № 4 (386). - С. 83-96. DOI ; РИНЦ )		KEYWORD_CANDIDATE	NEEDS_DOI_VERSION_AND_AFFILIATION_REVIEW
2024	177	https://www.itp.nsc.ru/publikacii/2024/2024stati/9.html	Vinokurov V.V., Vinokurov V.A., Marchuk I.V., Kabov O.A. Numerical simulation of thermal gravitational-capillary convection in extra thin liquid layers // Eurasian Journal of Mathematical and Computer Applications. - 2024. - Vol. 12, iss. 4. - P. 158-174. DOI ; РИНЦ		KEYWORD_CANDIDATE	NEEDS_DOI_VERSION_AND_AFFILIATION_REVIEW
2024	178	https://www.itp.nsc.ru/publikacii/2024/2024stati/9.html	Hrebtov M.Yu., Zheribor M.O., Mullyadzhanov R.I., Potemkin D.I., Snytnikov P.V. Numerical study of evaporation and heat and mass transfer inside the nozzle of a catalytic reformer of diesel fuel // Thermophysics and Aeromechanics. - 2024. - Vol. 31, iss. 2. - P. 193-209. DOI ; РИНЦ (Хребтов М.Ю., Жерибор М.О., Мулляджанов Р.И., Потемкин Д.И., Снытников П.В. Численное исследование испарения и тепломассообмена внутри сопла установки каталитического риформинга дизельного топлива // Теплофизика и аэромеханика. – 2024. - Т. 31, № 2. – С. 213-230. РИНЦ )		KEYWORD_CANDIDATE	NEEDS_DOI_VERSION_AND_AFFILIATION_REVIEW
2024	179	https://www.itp.nsc.ru/publikacii/2024/2024stati/9.html	Slastnaya D.A., Hrebtov M.Yu., Mullyadzhanov R.I., Dulin V.M. Numerical study of heat transfer for a laminar Bunsen flame impinging on a flat surface // Thermophysics and Aeromechanics. - 2024. - Vol. 31, iss. 3. - P. 465–468. DOI ; РИНЦ (Сластная Д. А., Хребтов М. Ю., Мулляджанов Р. И., Дулин В.М. Численное моделирование теплообмена между ламинарным конусным пламенем и плоской преградой // Теплофизика и аэромеханика. – 2024. – Т. 31, № 3. – С. 499-502. DOI; РИНЦ )		KEYWORD_CANDIDATE	NEEDS_DOI_VERSION_AND_AFFILIATION_REVIEW
2024	180	https://www.itp.nsc.ru/publikacii/2024/2024stati/9.html	Barsukov A.V., Terekhov V.V., Terekhov V.I. Numerical study of heat transfer in a lattice matrix with varying the crossing angle // Journal of Engineering Thermophysics. - 2024. - Vol. 33, iss. 1. - P. 220-229. DOI ; РИНЦ		KEYWORD_CANDIDATE	NEEDS_DOI_VERSION_AND_AFFILIATION_REVIEW
2024	181	https://www.itp.nsc.ru/publikacii/2024/2024stati/10.html	Vinokurov V.A., Vinokurov V.V, Marchuk I.V., Kabov O.A. Numerical study of Rayleigh-Benard convection in thin cylindrical liquid layers // Interfacial Phenomena and Heat Transfer. - 2024. - Vol. 12, iss. 4. - P. 1-16. DOI ; РИНЦ		KEYWORD_CANDIDATE	NEEDS_DOI_VERSION_AND_AFFILIATION_REVIEW
2024	182	https://www.itp.nsc.ru/publikacii/2024/2024stati/10.html	Sal'nikov M.V., Fedoseev A.V., Vasil'ev M.M., Petrov O.F. Numerical study of structural parameters of dust particle chains of different lengths // Plasma Physics Reports. - 2024. - Vol. 50, iss. 10. - P. 1280-1287. DOI ; РИНЦ		NOT_KEYWORD_MATCHED	NEEDS_DOI_VERSION_AND_AFFILIATION_REVIEW
2024	183	https://www.itp.nsc.ru/publikacii/2024/2024stati/10.html	Abdurakipov S.S., Butakov E.B. On a method of controlling heater by using neural networks // Optoelectronics, Instrumentation and Data Processing. - 2024. - Vol. 60, iss. 2. - P. 268–275. DOI ; РИНЦ (Абдуракипов С.С., Бутаков Е.Б. O методе управления нагревателем с помощью нейронных сетей // Автометрия. - 2024. - Т. 60, № 2. - С. 109-118). DOI ; РИНЦ		NOT_KEYWORD_MATCHED	NEEDS_DOI_VERSION_AND_AFFILIATION_REVIEW
2024	184	https://www.itp.nsc.ru/publikacii/2024/2024stati/10.html	Ilyushin B.B. On applicability of IQR method for filtering of experimental data // Journal of Engineering Thermophysics. - 2024. - Vol. 33, iss. 1. - P. 1-8. DOI ; РИНЦ		NOT_KEYWORD_MATCHED	NEEDS_DOI_VERSION_AND_AFFILIATION_REVIEW
2024	185	https://www.itp.nsc.ru/publikacii/2024/2024stati/10.html	Butakov E.B., Abdurakipov S.S., Neznamov V.Y., Alekseenko S.V. On increasing the efficiency of a cement clinker kiln using machine learning // Journal of Engineering Thermophysics. - 2024. - Vol. 33, iss. 4. - P. 675-682. DOI ; РИНЦ		NOT_KEYWORD_MATCHED	NEEDS_DOI_VERSION_AND_AFFILIATION_REVIEW
2024	186	https://www.itp.nsc.ru/publikacii/2024/2024stati/10.html	Nemirovskii S. On the dependence of thermodynamic variables on the relative velocity vns in a superfluid counterflowing helium // Physics of Fluids. - 2024. - Vol. 36, iss. 3. - 033108. - 7 p. DOI ; РИНЦ		NOT_KEYWORD_MATCHED	NEEDS_DOI_VERSION_AND_AFFILIATION_REVIEW
2024	187	https://www.itp.nsc.ru/publikacii/2024/2024stati/10.html	Yarygin V.N. On the limits of influence of non-equilibrium processes on the jet discharge of gases to vacuum. (To the 110th anniversary of the birth of Academician S.S. Kutateladze) // Thermophysics and Aeromechanics. - 2024. - Vol. 31, iss. 5. - Р. 929–934. DOI ; РИНЦ (Ярыгин В.Н. О границах влияния неравновесных процессов на струйное истечение газов в вакуум // Теплофизика и аэромеханика. – 2024. – Т. 31, № 5. – С. 843-848. РИНЦ )		NOT_KEYWORD_MATCHED	NEEDS_DOI_VERSION_AND_AFFILIATION_REVIEW
2024	188	https://www.itp.nsc.ru/publikacii/2024/2024stati/10.html	Yavorsky N.I. On the role of the hidden integral of motion in the theory of non-self-similar submerged jets of a viscous incompressible fluid // Journal of Applied Mechanics and Technical Physics. - 2024. - Vol. 65, iss. 5. - P. 994-1010. DOI ; РИНЦ (Яворский Н.И. О роли скрытого интеграла движения в теории неавтомодельных затопленных струй вязкой несжимаемой жидкости // Прикладная механика и техническая физика. - 2024. - Т. 65, № 5. - С. 223-242. DOI ; РИНЦ )		NOT_KEYWORD_MATCHED	NEEDS_DOI_VERSION_AND_AFFILIATION_REVIEW
2024	189	https://www.itp.nsc.ru/publikacii/2024/2024stati/10.html	Gatapova E.Ya., Peschenyuk Yu.A. Optical methods for measuring the thickness of thin evaporating liquid films // Journal of Optical Technology. - 2024. - Vol. 91, iss. 4. - P. 285-291. DOI ; РИНЦ (Гатапова Е.Я., Пещенюк Ю.А. Оптические методы для измерения толщин тонких испаряющихся плёнок жидкости // Оптический журнал. - 2024. - Т. 91, № 4. - С. 123–134. DOI ; РИНЦ )		KEYWORD_CANDIDATE	NEEDS_DOI_VERSION_AND_AFFILIATION_REVIEW
2024	190	https://www.itp.nsc.ru/publikacii/2024/2024stati/10.html	Morozova M.A., Osipov A.A., Maksimovskiy E.A., Zaikovsky A.V. Optical properties, thermal conductivity, and viscosity of graphene-based nanofluids for solar collectors // Nano-Structures and Nano-Objects. - 2024. - Vol. 40. - 101409. DOI ; РИНЦ		NOT_KEYWORD_MATCHED	NEEDS_DOI_VERSION_AND_AFFILIATION_REVIEW
2024	191	https://www.itp.nsc.ru/publikacii/2024/2024stati/10.html	Malakhov I., Surtaev A., Serdyukov V., Kosar A., Pavlenko A. Optimal pitch size of a biphilic surface for boiling heat transfer at subatmospheric pressures // Frontiers in Heat and Mass Transfer. - 2024. - Vol. 22, iss. 6. - P. 1645-1660. DO I; РИНЦ		KEYWORD_CANDIDATE	NEEDS_DOI_VERSION_AND_AFFILIATION_REVIEW
2024	192	https://www.itp.nsc.ru/publikacii/2024/2024stati/10.html	Bednyakov P.S., Yudin P.V., Tagantsev A.K., Hlinka J. Paradoxical creation of a polydomain pattern by electric field in BaTiO 3 crystal // Physical Review B. - 2024. - Vol. 110, iss. 21. - 214107. - 9 p. DOI ; РИНЦ		NOT_KEYWORD_MATCHED	NEEDS_DOI_VERSION_AND_AFFILIATION_REVIEW
2024	193	https://www.itp.nsc.ru/publikacii/2024/2024stati/10.html	Fedoseev A.V., Salnikov M.V., Vasiliev M.M., Petrov O.F. Parameters of dust particle chains levitated vertically in a gas discharge plasma // Physics of Plasmas. - 2024. - Vol. 31, iss. 6. - 063703. - 9 p. DOI ; РИНЦ		NOT_KEYWORD_MATCHED	NEEDS_DOI_VERSION_AND_AFFILIATION_REVIEW
2024	194	https://www.itp.nsc.ru/publikacii/2024/2024stati/10.html	Fedotova Ya.V., Epifanov R.Yu., Volkova I.I., Maus M.S., Nikitin N.A., Aivazov S.A., Khrebtov M.Yu., Karpenko А.А., Mullyadzhanov R.I. Personalized numerical simulation for hemodynamics of abdominal aortic aneurysm: analysis of simulation results sensitivity to the input boundary conditions // Thermophysics and Aeromechanics. – 2024. – Vol. 31, iss. 2. – P. 375-391. DOI ; РИНЦ (Федотова Я.В., Епифанов Р.Ю., Волкова И.И., Маус М.C., Никитин Н.A.,Айвазов С.А., Хребтов М.Ю., Карпенко А.А., Мулляджанов Р.И. Персонализированное численное моделирование гемодинамики аневризмы брюшной аорты: анализ чувствительности к входным граничным условиям // Теплофизика и аэромеханика. – 2024. – Т. 31, № 2 (146). – С. 405–422. DOI; РИНЦ )		NOT_KEYWORD_MATCHED	NEEDS_DOI_VERSION_AND_AFFILIATION_REVIEW
2024	195	https://www.itp.nsc.ru/publikacii/2024/2024stati/10.html	Meleshkin A.V., Sagidullin A.K., Misyura S.Y., Morozov V.S., Marasanov N.V., Glezer V.V., Madygulov M.Sh., Mito M.T. Phase equilibrium for hydrofluorocarbon R134a hydrate. Hydrate-based desalination of nacl salt solution // Journal of Engineering Thermophysics. - 2024. - Vol. 33, iss. 3. - P. 652-662. DOI ; РИНЦ		NOT_KEYWORD_MATCHED	NEEDS_DOI_VERSION_AND_AFFILIATION_REVIEW
2024	196	https://www.itp.nsc.ru/publikacii/2024/2024stati/10.html	Isaenko L., Dong L., Melnikova S.V., Molokeev M.S., Korzhneva K.E., Krinitsin P.G., Kurus A.F., Samoshkin D.A., Belousov R.A., Lin Zh. Phase transitions and nonlinear optical property modifications in BaGa4Se7 // Inorganic Chemistry. - 2024. - Vol. 63, iss. 21. - P. 10042-10049. DOI ; РИНЦ		NOT_KEYWORD_MATCHED	NEEDS_DOI_VERSION_AND_AFFILIATION_REVIEW
2024	197	https://www.itp.nsc.ru/publikacii/2024/2024stati/10.html	Poborchii V.V., Sachkov V.A., Shklyaev A.A., Fokin A.V., Geshev P.I. Photonic and phononic properties of oriented 5 nm diameter tellurium nanowires // Journal of Physics and Chemistry of Solids. – 2024. – Vol. 185. – 111806. DOI ; РИНЦ		NOT_KEYWORD_MATCHED	NEEDS_DOI_VERSION_AND_AFFILIATION_REVIEW
2024	198	https://www.itp.nsc.ru/publikacii/2024/2024stati/10.html	Pukhovoy M.V., Zolotarev K.V., Vinokurov V.V., Vinokurov V.A., Kochkin D.Y., Bykovskaya E.F., Kabov O.A. Physical and mathematical modeling of unsteady coupled heat and mass transfer in cvd-diamond windows of the siberian circular photon source // Eurasian Journal of Mathematical and Computer Applications. - 2024. - Vol. 12, iss. 2. - P. 92-106. DOI ; РИНЦ		NOT_KEYWORD_MATCHED	NEEDS_DOI_VERSION_AND_AFFILIATION_REVIEW
2024	199	https://www.itp.nsc.ru/publikacii/2024/2024stati/10.html	Usov E.V., Lobanov P.D., Chukhno V.I., Klimonov I.A., Mosunova N.A., Lezhnin S.I., Pribaturin N.A. Physical models of the severe-accident SAFR module of the integral EVKLID/V2 code for calculating the cladding melt relocation over the fuel pin surface // Thermophysics and Aeromechanics. - 2024. - Vol. 31, iss. 4. - P. 645-652. DOI ; РИНЦ (Усов Э.В., Лобанов П.Д., Климонов И.А., Лежнин С.И., Мосунова Н.А., Стрижов В.Ф., Чухно В.И., Прибатурин Н.А. Физические модели тяжелоаварийного модуля SAFR интегрального кода EВКЛИД/V2 для расчета перемещения расплава оболочки по поверхности твэла // Теплофизика и аэромеханика. – 2024. – Т. 31, № 4. – С. 621–629. РИНЦ )		NOT_KEYWORD_MATCHED	NEEDS_DOI_VERSION_AND_AFFILIATION_REVIEW
2024	200	https://www.itp.nsc.ru/publikacii/2024/2024stati/10.html	Lysakova E.I., Skorobogatova A.D., Neverov A.L., Pryazhnikov M.I., Rudyak V.Ya., Minakov A.V. Physico-chemical studies and development of water-based drilling fluid formulations with carbon nanotube additives // Journal of Molecular Liquids. - 2024. - Vol. 411. - 125448. DOI ; РИНЦ		NOT_KEYWORD_MATCHED	NEEDS_DOI_VERSION_AND_AFFILIATION_REVIEW
2024	201	https://www.itp.nsc.ru/publikacii/2024/2024stati/11.html	Arbuzov E.V., Arbuzov V.A., Dubnishchev Yu.N., Zolotukhina O.S., Lapikov M.M., Lukashov V.V. Possibility of using the Gershberg-Papoulis method in the problem of phase structure reconstructing from low-angle hilbertograms // Scientific Visualization. – 2024. – Vol.16, iss. 1. – P. 19-28. DOI (Арбузов Э.В., Арбузов В.А., Дубнищев Ю.Н., Золотухина О.С., Лапиков М.М., Лукашов В.В. Возможность применения метода Гершберга-Папулиса в задаче реконструкции фазовой структуры по малоракурсным гильбертограммам // Научная визуализация. - 2024. - Т. 16, № 1. - С. 19-28. РИНЦ )		NOT_KEYWORD_MATCHED	NEEDS_DOI_VERSION_AND_AFFILIATION_REVIEW
2024	202	https://www.itp.nsc.ru/publikacii/2024/2024stati/11.html	Ronshin F., Kabov O., Rednikov A., Tadrist L. Preliminary physical analysis of a single-bubble pool-boiling experiment in space: Effect of subcooling and possible non-condensable residuals // International Communications in Heat and Mass Transfer. - 2024. - Vol. 150. - 107188. DOI ; РИНЦ		KEYWORD_CANDIDATE	NEEDS_DOI_VERSION_AND_AFFILIATION_REVIEW
2024	203	https://www.itp.nsc.ru/publikacii/2024/2024stati/11.html	Timkin L.S., Gorelik R.S. Pseudo turbulence in laminar and transitional regimes of an upward bubble flow in a pipe // Thermophysics and Aeromechanics. - 2024. - Vol. 31, iss. 6. - P. 1239-1244. DOI ; РИНЦ (Тимкин Л.С., Горелик Р.С. Псевдотурбулентность в ламинарном и переходном режимах восходящего пузырькового течения в трубе // Теплофизика и аэромеханика. – 2024. – Т. 31, № 6. – С. 1171–1177. РИНЦ )		NOT_KEYWORD_MATCHED	NEEDS_DOI_VERSION_AND_AFFILIATION_REVIEW
2024	204	https://www.itp.nsc.ru/publikacii/2024/2024stati/11.html	Derzho O. Qualitative difference between large waves in deep and shallow fluid formulations // Wave Motion. - 2024. - Vol. 130. - P. 103388. DOI ; РИНЦ		NOT_KEYWORD_MATCHED	NEEDS_DOI_VERSION_AND_AFFILIATION_REVIEW
2024	205	https://www.itp.nsc.ru/publikacii/2024/2024stati/11.html	Kondaurova L.P. Quantum turbulence in superfluid helium: Decay and energy spectrum // Physics of Fluids. - 2024. - Vol. 36, iss. 11. - 115119. DOI ; РИНЦ		NOT_KEYWORD_MATCHED	NEEDS_DOI_VERSION_AND_AFFILIATION_REVIEW
2024	206	https://www.itp.nsc.ru/publikacii/2024/2024stati/11.html	Nemirovskii S.K., Kondaurova L.P., Smirnov D.D. Quantum vortex tangle generated by thermal activation in superfluid liquids // Journal of Engineering Thermophysics. – 2024. – Vol. 33, iss. 4. – P. 767–778. DOI ; РИНЦ		NOT_KEYWORD_MATCHED	NEEDS_DOI_VERSION_AND_AFFILIATION_REVIEW
2024	207	https://www.itp.nsc.ru/publikacii/2024/2024stati/11.html	Pakhomov M.A., Zhapbasbayev U.K. RANS predictions of turbulent non-isothermal viscoplastic fluid in pipe with sudden expansion // Journal of Non-Newtonian Fluid Mechanics. - 2024. - Vol. 334. - 105329. DOI ; РИНЦ		NOT_KEYWORD_MATCHED	NEEDS_DOI_VERSION_AND_AFFILIATION_REVIEW
2024	208	https://www.itp.nsc.ru/publikacii/2024/2024stati/11.html	Pakhomov M.A. RANS simulation of heat transfer in a mist turbulent flow over an obstacle // International Journal of Thermal Sciences. - 2024. - Vol. 199. - 108913. DOI ; РИНЦ		KEYWORD_CANDIDATE	NEEDS_DOI_VERSION_AND_AFFILIATION_REVIEW
2024	209	https://www.itp.nsc.ru/publikacii/2024/2024stati/11.html	Bykov N.Y., Fyodorov S.A., Safonov A.I., Starinskiy S.V., Bulgakov A.V. Rarefied supersonic jet of metal vapor with a light carrier gas: Cluster formation processes // AIP Conference Proceedings. – 2024. – Vol. 2996, iss. 1. – 120003. - 8 p. DOI		NOT_KEYWORD_MATCHED	NEEDS_DOI_VERSION_AND_AFFILIATION_REVIEW
2024	210	https://www.itp.nsc.ru/publikacii/2024/2024stati/11.html	Frick P., Filimonov S., Gavrilov A., Popova E., Sukhanovskii A., Vasiliev A. Rayleigh–Bénard convection with an immersed floating body // Journal of Fluid Mechanics. - 2024. - Vol. 979. - A23. DOI ; РИНЦ		NOT_KEYWORD_MATCHED	NEEDS_DOI_VERSION_AND_AFFILIATION_REVIEW
2024	211	https://www.itp.nsc.ru/publikacii/2024/2024stati/11.html	Yudin I.B., Plotnikov M.Yu., Rebrov A.K. Relaxation processes during gas-jet deposition of diamond structures from a cloud of microwave-activated gas // AIP Conference Proceedings. - 2024. - Vol. 2996, iss. 1. - 080006. - 8 p. DOI		NOT_KEYWORD_MATCHED	NEEDS_DOI_VERSION_AND_AFFILIATION_REVIEW
2024	212	https://www.itp.nsc.ru/publikacii/2024/2024stati/11.html	Salomatov V.V., Karelin V.A. Review of modern coal drying methods with the evaluation of their efficiency // Bulletin of the Tomsk Polytechnic University. Geo Аssets Engineering. - 2024. - Vol. 335, iss. 5. - P. 182–193 (Саломатов В.В., Карелин В.А. Обзор современных методов сушки углей с оценкой их эффективности // Известия Томского политехнического университета. Инжиниринг георесурсов. - 2024. - Т. 335, № 5. - C. 182-193. DOI ; РИНЦ )		NOT_KEYWORD_MATCHED	NEEDS_DOI_VERSION_AND_AFFILIATION_REVIEW
2024	213	https://www.itp.nsc.ru/publikacii/2024/2024stati/11.html	Fedoseev A.V., Salnikov M.V. Simulations of the boiling process on a porous heater by Lattice Boltzmann Method // Frontiers in Heat and Mass Transfer. – 2024. – Vol. 22, iss. 6. - P. 1679-1694. DOI		KEYWORD_CANDIDATE	NEEDS_DOI_VERSION_AND_AFFILIATION_REVIEW
2024	214	https://www.itp.nsc.ru/publikacii/2024/2024stati/11.html	Nazarov A.D., Miskiv N.B., Serov A.F., Mamonov V.N. Single-phase cooling of large surface by water droplet flow // Journal of Engineering Thermophysics. - 2024. - Vol. 33, iss. 3. - P. 536-546. DOI ; РИНЦ		KEYWORD_CANDIDATE	NEEDS_DOI_VERSION_AND_AFFILIATION_REVIEW
2024	215	https://www.itp.nsc.ru/publikacii/2024/2024stati/11.html	Komarov A.G., Nuriakhmetov Z.N., Chernousov Yu.D., Savichev V.I., Smovzh D.V., Sulyaeva V.S. Smart composite based on fly ash cenospheres and transformer oil with switchable electrical conductivity // Ceramics International. - 2024. - Vol. 50, iss. 22, part B. - P. 47278-47287. DOI ; РИНЦ		NOT_KEYWORD_MATCHED	NEEDS_DOI_VERSION_AND_AFFILIATION_REVIEW
2024	216	https://www.itp.nsc.ru/publikacii/2024/2024stati/11.html	Adamova T.P., Manakov A.Y., Elistratov D.S., Chernov A.A. Some features of the formation of polycrystalline conglomerates of methane hydrate at the interface foam—solution of surfactants // Journal of Engineering Thermophysics. - 2024. - Vol. 33, iss. 4. - P. 804-809. DOI ; РИНЦ		NOT_KEYWORD_MATCHED	NEEDS_DOI_VERSION_AND_AFFILIATION_REVIEW
2024	217	https://www.itp.nsc.ru/publikacii/2024/2024stati/11.html	Trifonov Yu.Ya. Stability of a liquid flow in a flat channel with wavy walls // Journal of Applied Mechanics and Technical Physics. - 2024. - Vol. 65, iss. 5. - P. 965–979. DOI ; РИНЦ (Трифонов Ю.Я. Устойчивость течения жидкости в плоском канале с волнистыми стенками // Прикладная механика и техническая физика. - 2024. - Т. 65, № 5. - C. 192-207. DOI ; РИНЦ )		NOT_KEYWORD_MATCHED	NEEDS_DOI_VERSION_AND_AFFILIATION_REVIEW
2024	218	https://www.itp.nsc.ru/publikacii/2024/2024stati/11.html	Kuznetsov A.V., Butakov E.B. Study of kinetics of thermal decomposition of oil refining solid waste // Combustion, Explosion and Shock Waves. - 2024. - Vol. 60, iss. 5. - P. 608–616. DOI ; РИНЦ (Кузнецов А.В., Бутаков Е.Б. Исследование кинетики термического разложения твердых отходов нефтепереработки // Физика горения и взрыва. - 2024. - Т. 60, № 5. - С. 50-58. DOI ; РИНЦ )		NOT_KEYWORD_MATCHED	NEEDS_DOI_VERSION_AND_AFFILIATION_REVIEW
2024	219	https://www.itp.nsc.ru/publikacii/2024/2024stati/11.html	Serdyukov V.S., Kosovskikh I.A., Malakhov I.P., Surtaev A.S. Study of microlayer structure during nucleate boiling using LED interferometry // Thermophysics and Aeromechanics. – 2024. – Vol. 31, iss. 4. – Р. 803-810. DOI ; РИНЦ (Сердюков В.С., Косовских И.А., Малахов И.П., Суртаев А.С. Исследование структуры микрослоя при кипении жидкости с помощью светодиодной интерферометрии // Теплофизика и аэромеханика. – 2024. – Т. 31, № 4. – С. 787-792. РИНЦ )		KEYWORD_CANDIDATE	NEEDS_DOI_VERSION_AND_AFFILIATION_REVIEW
2024	220	https://www.itp.nsc.ru/publikacii/2024/2024stati/11.html	Gatapova E.Ya. Study of the gas-droplet outflow from a microchannel nozzle device // Thermophysics and Aeromechanics. - 2024. - Vol. 31, iss. 4. - P. 741–747. DOI ; РИНЦ (Гатапова Е.Я. Исследование истечения газокапельного потока из микроканального соплового устройства // Теплофизика и аэромеханика. - 2024. - Т. 31, № 4. - С. 721-727. РИНЦ )		KEYWORD_CANDIDATE	NEEDS_DOI_VERSION_AND_AFFILIATION_REVIEW
2024	221	https://www.itp.nsc.ru/publikacii/2024/2024stati/12.html	Anshakov A.S., Domarov P.V., Faleev V.A. Studying the technology for destroying infected waste in low-temperature plasma // Thermophysics and Aeromechanics. - 2024. - Vol. 31, iss. 1. - P. 185–188. DOI ; РИНЦ (Аньшаков А.С., Домаров П.В., Фалеев В.А. Исследование технологии уничтожения инфицированных материалов в низкотемпературной плазме // Теплофизика и аэромеханика. - 2024. - Т. 31, № 1. - С. 201-204. РИНЦ )		NOT_KEYWORD_MATCHED	NEEDS_DOI_VERSION_AND_AFFILIATION_REVIEW
2024	222	https://www.itp.nsc.ru/publikacii/2024/2024stati/12.html	Fedyaeva O.N., Alekhin S.A., Morozov S.V., Sokol M.Ya., Artamonov D.O., Shishkin A.V., Vostrikov A.A. Supercritical water cooxidation of poultry manure and brown coal in the flow mode // Russian Journal of Physical Chemistry B. - 2024. - Vol. 18, iss. 8. - P. 1924-1938. DOI ; РИНЦ (Федяева О.Н., Алехин С.А., Морозов С.В., Сокол М.Я., Артамонов Д.О., Шишкин А.В., Востриков А.А. Совместное окисление куриного помета и бурого угля в сверхкритической воде в проточном режиме // Сверхкритические флюиды: теория и практика. – 2024. – Т. 19, № 4. – С. 74–92. РИНЦ )		NOT_KEYWORD_MATCHED	NEEDS_DOI_VERSION_AND_AFFILIATION_REVIEW
2024	223	https://www.itp.nsc.ru/publikacii/2024/2024stati/12.html	Novopashin S.A., Kalyada V.V. Suppression of nucleation in a turbulent gas flow // JETP Letters. - 2024. - Vol. 119, iss. 7. - P. 501-504. DOI ; РИНЦ (Новопашин С.А., Каляда В.В. Подавление нуклеации в турбулентном потоке газа // Письма в Журнал экспериментальной и теоретической физики. - 2024. - Т. 119, № 7-8. - С. 498-501) DOI ; РИНЦ		NOT_KEYWORD_MATCHED	NEEDS_DOI_VERSION_AND_AFFILIATION_REVIEW
2024	224	https://www.itp.nsc.ru/publikacii/2024/2024stati/12.html	Cheverda V.V. Surface wettability of aluminum foil after high temperature annealing // AIP Conference Proceedings. – 2024. – Vol. 3154, iss. 1. – 020049. DOI ; РИНЦ		NOT_KEYWORD_MATCHED	NEEDS_DOI_VERSION_AND_AFFILIATION_REVIEW
2024	225	https://www.itp.nsc.ru/publikacii/2024/2024stati/12.html	Palkin E.V., Lutchenko I.I., Hrebtov M.Yu., Mullyadzhanov R.I., Alekseenko S.V. Swirling flow axial injection control in a Francis turbine: An les study // International Journal of Heat and Fluid Flow. - 2024. - Vol. 110. - 109643. DOI ; РИНЦ		NOT_KEYWORD_MATCHED	NEEDS_DOI_VERSION_AND_AFFILIATION_REVIEW
2024	226	https://www.itp.nsc.ru/publikacii/2024/2024stati/12.html	Salnikov M.V., Vozhakov I.S., Naumov I.V., Mullyadzhanov R.I. Swirling flow of two immiscible fluids in a cylindrical container: Lattice Boltzmann and volume-of-fluid study // Physics of Fluids. - 2024. - Vol. 36, iss. 1. - 013601. DOI ; РИНЦ		NOT_KEYWORD_MATCHED	NEEDS_DOI_VERSION_AND_AFFILIATION_REVIEW
2024	227	https://www.itp.nsc.ru/publikacii/2024/2024stati/12.html	Tolstoguzov R.V., Savitskii A.G., Dulin V.M. Temperature distribution in a laminar flame measured by laser-induced hydroxyl radical fluorescence // Journal of Applied Mechanics and Technical Physics. - 2024. - Vol. 65, iss. 1. - P. 176-182. DOI ; РИНЦ (Толстогузов Р.В., Савицкий А.Г., Дулин В.М. Измерение распределения температуры в ламинарном пламени методом лазерно-индуцированной флюоресценции гидроксильного радикала // Прикладная механика и техническая физика. - 2024. - Т. 65, № 1 (383). - С. 198-206) РИНЦ		NOT_KEYWORD_MATCHED	NEEDS_DOI_VERSION_AND_AFFILIATION_REVIEW
2024	228	https://www.itp.nsc.ru/publikacii/2024/2024stati/12.html	Blaginina A.A., Zheleznova S.N., Miroshnichenko E.S., Gevorgiz R.G., Ryabushko L.I. The diatom nanofrustulum shiloi as a promising species in modern biotechnology // Applied Biochemistry and Microbiology. - 2024. - Vol. 60, iss. 3. - P. 483-495. DOI ; РИНЦ		NOT_KEYWORD_MATCHED	NEEDS_DOI_VERSION_AND_AFFILIATION_REVIEW
2024	229	https://www.itp.nsc.ru/publikacii/2024/2024stati/12.html	Lobasov A.S., Kravtsova A.Yu. The effect of a textured surface in the form of triangular prisms on the occurrence and development of cavitation behind the cylinder in microchannels // Physics of Fluids. - 2024. - Vol.. 36, iss. 7. - 073309. DOI ; РИНЦ		KEYWORD_CANDIDATE	NEEDS_DOI_VERSION_AND_AFFILIATION_REVIEW
2024	230	https://www.itp.nsc.ru/publikacii/2024/2024stati/12.html	Shchukin V.G., Konstantinov V. O. The effect of the melt temperature of metallurgical silicon on the process of its plasma chemical purification // Applied Physics. - 2024. - iss. 6. - P. 11-16 (Щукин В.Г., Константинов В.О. Влияние температуры расплава металлургического кремния на процесс его плазмохимической очистки // Прикладная физика. – 2024. – № 6. – С. 11-16. DOI ; РИНЦ )		NOT_KEYWORD_MATCHED	NEEDS_DOI_VERSION_AND_AFFILIATION_REVIEW
2024	231	https://www.itp.nsc.ru/publikacii/2024/2024stati/12.html	Misyura S.Y., Meleshkin A.V., Sagidullin A.K., Morozov V.S. The effect of various crystalline forms of HFC 134a hydrate on the growth rate and desalination efficiency // Desalination. - 2024. - Vol. 586. - 117903. DOI ; РИНЦ		NOT_KEYWORD_MATCHED	NEEDS_DOI_VERSION_AND_AFFILIATION_REVIEW
2024	232	https://www.itp.nsc.ru/publikacii/2024/2024stati/12.html	Zhukov V.I., Pavlenko A.N. The hydrodynamic crisis of nucleate boiling in a horizontal thin layer of dielectric liquid HFE-7100 // Frontiers in Heat and Mass Transfer. - 2024. - Vol. 22, iss. 6. - P. 1761-1775. DOI ; РИНЦ		KEYWORD_CANDIDATE	NEEDS_DOI_VERSION_AND_AFFILIATION_REVIEW
2024	233	https://www.itp.nsc.ru/publikacii/2024/2024stati/12.html	Misyura S.Y., Egorov R.I., Morozov V.S., Zaitsev A.S. The influence of the liquid layer height on the velocity field and evaporation during local heating // Experimental Heat Transfer. – 2024. – Vol. 37, iss. 6. - P. 628-648. DOI		KEYWORD_CANDIDATE	NEEDS_DOI_VERSION_AND_AFFILIATION_REVIEW
2024	234	https://www.itp.nsc.ru/publikacii/2024/2024stati/12.html	Misyura S.Y., Morozov V.S., Andryushchenko V.A. The influence of various factors on the transition of the fluorinated graphene wettability from superhydrophilicity to high hydrophobicity // Surfaces and Interfaces. - 2024. - Vol. 44. - 103686. DOI ; РИНЦ		NOT_KEYWORD_MATCHED	NEEDS_DOI_VERSION_AND_AFFILIATION_REVIEW
2024	235	https://www.itp.nsc.ru/publikacii/2024/2024stati/12.html	Lobasov A.S., Minakov A.V. The investigation of the hydrodynamic drag of a slit microchannel with a textured wall // Technical Physics Letters. - 2024. - Vol. 50, iss. 2. - P. 205-208. DOI ; РИНЦ (Лобасов А.С., Минаков А.В. Исследование гидродинамического сопротивления щелевого микроканала с текстурированной стенкой // Письма в Журнал технической физики. - 2022. - Т. 48, № 1. - С. 16-19. DOI ; РИНЦ )		KEYWORD_CANDIDATE	NEEDS_DOI_VERSION_AND_AFFILIATION_REVIEW
2024	236	https://www.itp.nsc.ru/publikacii/2024/2024stati/12.html	Barannyk L.L., Crepeau J.C., Paulus P., Sakhnov A.Yu., Williams S.D.V. The phase change problem in materials with internal heat generation in a cylinder // International Communications in Heat and Mass Transfer. - 2024. - Vol. 159, part С. - 108150. DOI ; РИНЦ		NOT_KEYWORD_MATCHED	NEEDS_DOI_VERSION_AND_AFFILIATION_REVIEW
2024	237	https://www.itp.nsc.ru/publikacii/2024/2024stati/12.html	Tikhvinsky D., Maus M., Lipovka A., Nikitin N., Epifanov R., Volkova I., Mullyadzhanov R., Chupakhin A., Parshin D., Karpenko A. The role of asymmetry and volume of thrombotic masses in the formation of local deformation of the aneurysmal-altered vascular wall: An in vivo study and mathematical modeling // PLOS ONE. - 2024. - Vol. 19, iss. 6. - e0301047. - 19 p. DOI ; РИНЦ		NOT_KEYWORD_MATCHED	NEEDS_DOI_VERSION_AND_AFFILIATION_REVIEW
2024	238	https://www.itp.nsc.ru/publikacii/2024/2024stati/12.html	Kichatov B., Korshunov A., Sudakov V., Golubkov A., Smovzh D., Sakhapov S., Skirda M. The role of self-diffusiophoresis and reactive force during the propulsion of manganese-based catalytic micromotors // Physical Chemistry Chemical Physics. - 2024. - Vol. 26, iss. 3. - P. 1612-1615. DOI ; РИНЦ		NOT_KEYWORD_MATCHED	NEEDS_DOI_VERSION_AND_AFFILIATION_REVIEW
2024	239	https://www.itp.nsc.ru/publikacii/2024/2024stati/12.html	Sukhanovskii A., Gavrilov A., Popova E., Vasiliev A. The study of the impact of polar warming on global atmospheric circulation and mid-latitude baroclinic waves using a laboratory analog // Weather and Climate Dynamics. - 2024. - Vol. 5, iss. 2. - P. 863-880. DOI ; РИНЦ		NOT_KEYWORD_MATCHED	NEEDS_DOI_VERSION_AND_AFFILIATION_REVIEW
2024	240	https://www.itp.nsc.ru/publikacii/2024/2024stati/12.html	Alekseenko S.V., Ogurechnikov L.A. The use of natural heat of dry hot rocks of the earth with a gas coolant // Thermal Science. - 2024. - Vol. 28, iss. 1A. - P. 283-291. DOI ; РИНЦ		NOT_KEYWORD_MATCHED	NEEDS_DOI_VERSION_AND_AFFILIATION_REVIEW
2024	241	https://www.itp.nsc.ru/publikacii/2024/2024stati/13.html	Samoshkin D.A., Agazhanov A.Sh., Stankus S.V. Thermal conductivity and thermal diffusivity of erbium in the temperature range of 295 -1475 K // Thermophysics and Aeromechanics. - 2024. - Vol. 31, iss. 5. - P. 1089-1095. DOI ; РИНЦ (Самошкин Д.А., Агажанов А.Ш., Станкус С.В. Теплопроводность и температуропроводность эрбия в интервале температур 295–1475 К // Теплофизика и аэромеханика. – 2024. – Т. 31, № 5. – С. 1013-1020. РИНЦ )		NOT_KEYWORD_MATCHED	NEEDS_DOI_VERSION_AND_AFFILIATION_REVIEW
2024	242	https://www.itp.nsc.ru/publikacii/2024/2024stati/13.html	Agazhanov A.Sh., Abdullaev R.N., Samoshkin D.A., Stankus S.V. Thermal conductivity and thermal diffusivity of Mg 2 Ca intermetallic compound in the range of 300–1230 K // High Temperature. – 2024. – Vol. 62, iss. 2. - P. 271–274. DOI ; РИНЦ (Агажанов А.Ш., Абдуллаев Р.Н., Самошкин Д.А., Станкус С.В. Теплопроводность и температуропроводность интерметаллического соединения Mg 2 Ca в интервале 300–1230 К // Теплофизика высоких температур. – 2024. – Т. 62, № 2. – С. 313–316. DOI ; РИНЦ )		NOT_KEYWORD_MATCHED	NEEDS_DOI_VERSION_AND_AFFILIATION_REVIEW
2024	243	https://www.itp.nsc.ru/publikacii/2024/2024stati/13.html	Agazhanov A.Sh., Stankus S.V., Savchenko I.V., Samoshkin D.A. Thermal conductivity of lead and bismuth-lead eutectic melts up to 1300 K // Nuclear Engineering and Design. - 2024. - Vol. 423. - 113166. - 22 p. DOI ; РИНЦ		NOT_KEYWORD_MATCHED	NEEDS_DOI_VERSION_AND_AFFILIATION_REVIEW
2024	244	https://www.itp.nsc.ru/publikacii/2024/2024stati/13.html	Raschektaeva E.P., Stankus S.V. Thermal conductivity of mixed refrigerants R-125/R-134A and R-32/R-125 // Journal of Engineering Physics and Thermophysics. - 2024. - Vol. 97, iss. 3. - P. 636-640. DOI ; РИНЦ (Расчектаева Е.П., Станкус С.В. Теплопроводность смесевых хладагентов R-125/R-134А и R-32/R-125 // Инженерно-физический журнал. - 2024. - Т. 97, № 3. - С. 651-655. РИНЦ )		NOT_KEYWORD_MATCHED	NEEDS_DOI_VERSION_AND_AFFILIATION_REVIEW
2024	245	https://www.itp.nsc.ru/publikacii/2024/2024stati/13.html	Agazhanov A.Sh., Abdullaev R.N., Khairulin A.R., Stankus S.V. Thermal conductivity of the Na–Pb system liquid alloys // High Temperature. – 2024. – Vol. 62, iss. 4. - P. 438–442. DOI ; РИНЦ (Агажанов А.Ш., Абдуллаев Р.Н., Хайрулин А.Р., Станкус С.В. Теплопроводность жидких сплавов системы Na-Pb // Теплофизика высоких температур. - 2024. - Т. 62, № 4. - С. 500–504. РИНЦ )		NOT_KEYWORD_MATCHED	NEEDS_DOI_VERSION_AND_AFFILIATION_REVIEW
2024	246	https://www.itp.nsc.ru/publikacii/2024/2024stati/13.html	Rudyak V.Ya., Pryazhnikov M.I., Minakov A.V. Thermal conductivity, rheology and electrical conductivity of water- and ethylene glycol-based nanofluids with copper and aluminum particles // Physical Mesomechanics. - 2024. - Vol. 27, iss. 2. - P. 205-216. DOI ; РИНЦ		NOT_KEYWORD_MATCHED	NEEDS_DOI_VERSION_AND_AFFILIATION_REVIEW
2024	247	https://www.itp.nsc.ru/publikacii/2024/2024stati/13.html	Zaikovsky A.V., Dmitrachkov A.M., Morozova M.A. Thermal conductivity, viscosity, and optical properties of nanofluids based on water and carbon nanoparticles // Thermophysics and Aeromechanics. - 2024. - Vol. 31, iss. 4. - P. 781-790. DOI ; РИНЦ (Зайковский А.В., Дмитрачков А.М., Морозова М.А. Теплопроводность, вязкость и оптические свойства наножидкостей на основе воды и углеродных наночастиц // Теплофизика и аэромеханика. - 2024. - Т. 31, № 4. - С. 761-770. РИНЦ )		NOT_KEYWORD_MATCHED	NEEDS_DOI_VERSION_AND_AFFILIATION_REVIEW
2024	248	https://www.itp.nsc.ru/publikacii/2024/2024stati/13.html	Bogatishcheva N.S. Thermal diffusivity of aqueous solutions of propylene glycols // Russian Journal of Physical Chemistry A. - 2024. - Vol. 98, iss. 8. - P. 1752-1756. DOI ; РИНЦ		NOT_KEYWORD_MATCHED	NEEDS_DOI_VERSION_AND_AFFILIATION_REVIEW
2024	249	https://www.itp.nsc.ru/publikacii/2024/2024stati/13.html	Matskevich N.I., Semerikova A.N., Grigor’eva V.D., Kochelakov D.V., Samoshkin D.A., Stankus S.V., Luk’yanova S.A., Schlegel’ V.N., Zaitsev V.P., Tkachev E.N. Thermodynamic characteristics of the sodium dimolybdate single crystal: enthalpy and heat capacity // Russian Journal of Physical Chemistry A. - 2024. - Vol. 98, iss. 1. - P. 32-38. DOI ; РИНЦ (Мацкевич Н.И., Семерикова А.Н., Григорьева В.Д., Кочелаков Д.В., Самошкин Д.А., Станкус С.В., Лукьянова С.А., Шлегель В.Н., Зайцев В.П., Ткачев Е.Н. Термодинамические характеристики монокристаллического димолибдата натрия: энтальпии, теплоемкость // Журнал физической химии. – 2024. – Т. 98, № 1. – С. 33-40. DOI ; РИНЦ )		NOT_KEYWORD_MATCHED	NEEDS_DOI_VERSION_AND_AFFILIATION_REVIEW
2024	250	https://www.itp.nsc.ru/publikacii/2024/2024stati/13.html	Naumov I.V., Tintulova M.V., Sharifullin B.R., Shtern V.N. Topological transformations of meridional motion in a three-liquid vortex // Physics of Fluids. - 2024. - Vol. 36, iss. 6. - 061703. - 11 p. DOI ; РИНЦ		NOT_KEYWORD_MATCHED	NEEDS_DOI_VERSION_AND_AFFILIATION_REVIEW
2024	251	https://www.itp.nsc.ru/publikacii/2024/2024stati/13.html	Fedyaeva O.N., Morozov S.V., Vostrikov A.A. Tracking contaminants in the aqueous effluent during supercritical water gasification and oxidation of swine manure in the flow mode // The Journal of Supercritical Fluids. - 2024. - Vol. 208. - 106215. DOI ; РИНЦ		NOT_KEYWORD_MATCHED	NEEDS_DOI_VERSION_AND_AFFILIATION_REVIEW
2024	252	https://www.itp.nsc.ru/publikacii/2024/2024stati/13.html	Mungalov A.S., Sibiryakov N.E., Kochkin D.Y., Cheverda V.V., Somwanshi P.M., Kabov O.A. Turbulent impinging air jet for cooling the heated surface // Eurasian Journal of Mathematical and Computer Applications. - 2024. - Vol. 12, iss. 3. - P. 91-104. DOI ; РИНЦ		KEYWORD_CANDIDATE	NEEDS_DOI_VERSION_AND_AFFILIATION_REVIEW
2024	253	https://www.itp.nsc.ru/publikacii/2024/2024stati/13.html	Gavrilov A.A., Guzei D.V., Dekterev A. A., Minakov A.V. Verification of a numerical method for modeling two-phase flows of immiscible liquids with the transfer of modifying additives in three-dimensional digital core models // Journal of Siberian Federal University. Mathematics and Physics. - 2024. - Vol. 17, iss. 6. - P. 817–828. РИНЦ (Гаврилов А.А., Гузей Д.В., Дектерев А.А., Минаков А.В. Верификация численной методики моделирования двухфазных потоков несмешивающихся жидкостей с переносом модифицирующих добавок в трехмерных цифровых моделях керна // Журнал Сибирского федерального университета. Серия: Математика и физика. - 2024. - Т. 17, № 6. - С. 817-828.)		NOT_KEYWORD_MATCHED	NEEDS_DOI_VERSION_AND_AFFILIATION_REVIEW
2024	254	https://www.itp.nsc.ru/publikacii/2024/2024stati/13.html	Somwanshi P.M., Cheverda V.V. Visualization of coalescence of two liquid drops over a superhydrophobic surface // Journal of Flow Visualization and Image Processing. - 2024. - Vol. 32, iss. 1. - P. 1-25. DOI ; РИНЦ		NOT_KEYWORD_MATCHED	NEEDS_DOI_VERSION_AND_AFFILIATION_REVIEW
2024	255	https://www.itp.nsc.ru/publikacii/2024/2024stati/13.html	Khairulin R.A., Abdullaev R.N., Stankus S.V. Volumetric properties and coefficients of mutual diffusion of liquid alloys of alkali metals with lead and bismuth // Thermophysics and Aeromechanics. - 2024. - Vol. 31. - P. 161–174. DOI ; РИНЦ (Хайрулин Р.А., Абдуллаев Р.Н., Станкус С.В. Термические свойства и коэффициенты взаимной диффузии жидких сплавов щелочных металлов со свинцом и висмутом // Теплофизика и аэромеханика. - 2024. - Т. 31, № 1. - С. 175-189. РИНЦ )		NOT_KEYWORD_MATCHED	NEEDS_DOI_VERSION_AND_AFFILIATION_REVIEW
2024	256	https://www.itp.nsc.ru/publikacii/2024/2024stati/13.html	Abdullaev R.N., Khairulin R.A., Stankus S.V., Agazhanov A.Sh. Volumetric properties of the Li 2 Ca intermetallic alloy in solid and liquid states // Thermophysics and Aeromechanics. - 2024. - Vol. 31, iss. 6. - P. 1259–1263. DOI ; РИНЦ (Абдуллаев Р.Н., Хайрулин Р.А., Станкус С.В., Агажанов А.Ш. Термические свойства интерметаллического сплава Li 2 Ca в твердом и жидком состояниях // Теплофизика и аэромеханика. - 2024. - Т. 31, № 6. - С. 1195-1200. РИНЦ )		NOT_KEYWORD_MATCHED	NEEDS_DOI_VERSION_AND_AFFILIATION_REVIEW
2024	257	https://www.itp.nsc.ru/publikacii/2024/2024stati/13.html	Tsvelodub O.Yu. Waves at the interface with countercurrent flow of a thin film of liquid and turbulent gas flow in a narrow vertical channel // Journal of Applied Mechanics and Technical Physics. - 2024. - Vol. 65, iss. 3. - P. 414-426. DOI ; РИНЦ (Цвелодуб О.Ю. Исследование волн на границе раздела при противоточном течении тонкой пленки жидкости и турбулентного потока газа в узком вертикальном канале // Прикладная механика и техническая физика. - 2024. - Т. 65, № 3 (385). - С. 29-42. DOI ; РИНЦ )		KEYWORD_CANDIDATE	NEEDS_DOI_VERSION_AND_AFFILIATION_REVIEW
2024	258	https://www.itp.nsc.ru/publikacii/2024/2024stati/13.html	Misyura S.Y., Morozov V.S., Orlova E.G., Andryushchenko V.A. Wetting, droplet evaporation and corrosion behavior of various composite and textured materials // Ceramics International. - 2024. - Vol. 50, iss. 11, part A. - P. 19269-19282. DOI ; РИНЦ		KEYWORD_CANDIDATE	NEEDS_DOI_VERSION_AND_AFFILIATION_REVIEW
2024	259	https://www.itp.nsc.ru/publikacii/2024/2024stati/13.html	Vasiliev M.M., Shukhov Yu.G., Rodionov A.A., Sulyaeva V.S., Markovich D.M., Starinskiy S.V. Why do metals become superhydrophilic during nanosecond laser processing? Design of superhydrophilic, anisotropic and biphilic surfaces // Applied Surface Science. - 2024. - Vol. 653. - 159392. - 29 p. DOI ; РИНЦ		NOT_KEYWORD_MATCHED	NEEDS_DOI_VERSION_AND_AFFILIATION_REVIEW
2024	260	https://www.itp.nsc.ru/publikacii/2024/2024stati/13.html	Брестер А.Е., Жуков В.И., Швецов Д.А., Павленко А.Н. Влияние высоты слоя жидкости на теплообмен при испарении/кипении в условиях низкого давления // Вестник технологического университета. – 2024. – Т. 27, № 10. – С 74-78. РИНЦ		KEYWORD_CANDIDATE	NEEDS_DOI_VERSION_AND_AFFILIATION_REVIEW
2024	261	https://www.itp.nsc.ru/publikacii/2024/2024stati/14.html	Дектерев Ар.А., Сентябов А.В., Дектерев А.А., Дектерев Д.А. Влияние геометрических особенностей модели циклоидального ротора на точность расчета тягово-энергетических характеристик // Известия высших учебных заведений. Физика. - 2024. - Т. 67, № 12 (805). - С. 125–131. DOI ; РИНЦ		NOT_KEYWORD_MATCHED	NEEDS_DOI_VERSION_AND_AFFILIATION_REVIEW
2024	262	https://www.itp.nsc.ru/publikacii/2024/2024stati/14.html	Стебелева О.П., Кашкина Л.В., Баюков О.А., Минаков А.В., Пикурова Е.В. Изучение возможностей применения гидродинамической кавитационной обработки зольных материалов в технологиях секвестрации и утилизации СО2 // Горный информационно-аналитический бюллетень (научно-технический журнал). - 2024. - № 2. - С. 151-167. DOI ; РИНЦ		NOT_KEYWORD_MATCHED	NEEDS_DOI_VERSION_AND_AFFILIATION_REVIEW
2024	263	https://www.itp.nsc.ru/publikacii/2024/2024stati/14.html	Мухина М.А., Копьев Е.П., Садкин И.С., Шадрин Е.Ю. Исследование влияния добавления пара для снижения выбросов при сжигании газообразного топлива в атмосферном горелочном устройстве малой мощности // Горение и взрыв. - 2024. - Т. 17, № 3 (44). - С. 12-24. DOI ; РИНЦ		NOT_KEYWORD_MATCHED	NEEDS_DOI_VERSION_AND_AFFILIATION_REVIEW
2024	264	https://www.itp.nsc.ru/publikacii/2024/2024stati/14.html	Мелешкин А.В., Морозов В.С., Князьков В.А., Климов Б.А. Исследование процесса образования гидрата углекислого газа в коллоидном растворе, содержащем частицы серебра и додецилсульфат натрия // Российский химический журнал. - 2024. - Т. 68, № 4. - С. 52-59. РИНЦ		NOT_KEYWORD_MATCHED	NEEDS_DOI_VERSION_AND_AFFILIATION_REVIEW
2024	265	https://www.itp.nsc.ru/publikacii/2024/2024stati/14.html	Плахотная О.Н., Станцов М.И., Карташов В.С., Якубович Л.М., Грибанова С.В. Оценка качества распыления комбинированного препарата для лечения инфекционно-воспалительных заболеваний горла методом теневой фотографии // Вопросы практической педиатрии. - 2024. - Т. 19, № 3. - С. 58-64. DOI ; РИНЦ		NOT_KEYWORD_MATCHED	NEEDS_DOI_VERSION_AND_AFFILIATION_REVIEW
2024	266	https://www.itp.nsc.ru/publikacii/2024/2024stati/14.html	Янкова В.Г., Гобызов О.А., Рябов М.Н., Удянская И.Л., Григорьева В.Ю., Жукова А.А., Слонская Т.К., Плахотная О.Н., Станцов М.И., Карташов В.С., Якубович Л.М., Грибанова С.В. Оценка качества распыления комбинированного препарата для лечения инфекционно-воспалительных заболеваний горла методом теневой фотографии // Вопросы практической педиатриии. - 2024. - Т. 19, № 3. - С. 58–64. DOI ; РИНЦ		NOT_KEYWORD_MATCHED	NEEDS_DOI_VERSION_AND_AFFILIATION_REVIEW
2024	267	https://www.itp.nsc.ru/publikacii/2024/2024stati/14.html	Бутаков Евгений Борисович, Абдуракипов Сергей Сергеевич Применение методов машинного обучения для диагностики и управления режимами сжигания угольной пыли // Доклады Академии наук высшей школы Российской Федерации. - 2024. - № 2 (63). - С. 24-31. DOI ; РИНЦ		NOT_KEYWORD_MATCHED	NEEDS_DOI_VERSION_AND_AFFILIATION_REVIEW
2024	268	https://www.itp.nsc.ru/publikacii/2024/2024stati/14.html	Гареев Т.И., Богомолова А.И., Горкуша А.С., Суляева В.С., Зайцев О.В., НерушевО.А., Сорокин Д.В., Смовж Д.В. Синтез и свойства композита на основе CVD-графена и оксида олова, полученного методом магнетронного распыления // Известия высших учебных заведений. Физика. - 2024. - Т. 67, № 12. - С. 99-108. DOI ; РИНЦ		NOT_KEYWORD_MATCHED	NEEDS_DOI_VERSION_AND_AFFILIATION_REVIEW
2024	269	https://www.itp.nsc.ru/publikacii/2024/2024stati/14.html	Костельов А.М., Маннанов Э.Р., Папков А.В., Новопашин С.А. Теплопроводность гетерогенных полимерных композитных материалов, наполненных микро- и наноразмерными неорганическими частицами // Электричество. - 2024. - № 5. - С. 21-31. DOI ; РИНЦ		NOT_KEYWORD_MATCHED	NEEDS_DOI_VERSION_AND_AFFILIATION_REVIEW
2024	270	https://www.itp.nsc.ru/publikacii/2024/2024stati/14.html	Перепечко Л.Н. Турбулентная экономика, или ключевые показатели инновационного развития // Экономика и предпринимательство. - 2024. - № 9 (170). - С. 465-473. DOI ; РИНЦ		NOT_KEYWORD_MATCHED	NEEDS_DOI_VERSION_AND_AFFILIATION_REVIEW
2024	271	https://www.itp.nsc.ru/publikacii/2024/2024stati/14.html	Мухина М.А., Садкин И.С., Шадрин Е.Ю., Копьев Е.П. Экспериментальное исследование влияния температуры распылителя на характеристики сжигания дизельного топлива в атмосферном горелочном устройстве // Доклады Академии наук высшей школы Российской Федерации. - 2024. - № 2 (63). - С. 67-77. DOI ; РИНЦ		NOT_KEYWORD_MATCHED	NEEDS_DOI_VERSION_AND_AFFILIATION_REVIEW
2024	272	https://www.itp.nsc.ru/publikacii/2024/2024stati/14.html	Бутаков Е.Б., Абдуракипов С.С., Кочергин Д.О., Виноградов С.В., Почтарь А.С. Экспериментальные исследования воспламенения и горения каменного угля с применением плазменной активации // Доклады Академии наук высшей школы Российской Федерации. - 2024. - № 1 (62). - С. 19-28. DOI ; РИНЦ		NOT_KEYWORD_MATCHED	NEEDS_DOI_VERSION_AND_AFFILIATION_REVIEW
