year	index_on_site	source_page	bibliography	doi_links	relevance_review_hint	identity_review_state
2025	1	https://www.itp.nsc.ru/publikacii/2025/2025stati.html	Filimonov S., Gavrilov A., Frick P., Sukhanovskii A., Vasiliev A. 2D and 3D numerical simulations of a convective flow with a free-floating immersed body // Heat Transfer Research. - 2025. - Vol. 56, iss. 7. - P. 13-26. DOI ; РИНЦ		KEYWORD_CANDIDATE	NEEDS_DOI_VERSION_AND_AFFILIATION_REVIEW
2025	2	https://www.itp.nsc.ru/publikacii/2025/2025stati.html	Lobasov A.S., Minakov A.V., Filimonov S.A. A method for measuring the rheology of a non-newtonian fluid based on the analysis of the recirculation angle of secondary flows in a curved U-shaped channel // Fluids. – 2025. – Vol. 10, iss. 3. – 65. DOI ; РИНЦ		NOT_KEYWORD_MATCHED	NEEDS_DOI_VERSION_AND_AFFILIATION_REVIEW
2025	3	https://www.itp.nsc.ru/publikacii/2025/2025stati.html	Antonov D.V., Tonini S., Cossali G.E., Sazhin S.S. A new model of bi-component droplet heating and evaporation // Physics of Fluids. – 2025. – Vol. 37, iss. 7. – 073361. DOI ; РИНЦ		KEYWORD_CANDIDATE	NEEDS_DOI_VERSION_AND_AFFILIATION_REVIEW
2025	4	https://www.itp.nsc.ru/publikacii/2025/2025stati.html	Timkin L.S., Gorelik R.S. About generation of monodisperced submillimeters bubble mixtures // Journal of Flow Visualization and Image Processing. − 2025. − Vol. 32, iss. 4. − P. 89−100. DOI ; РИНЦ		NOT_KEYWORD_MATCHED	NEEDS_DOI_VERSION_AND_AFFILIATION_REVIEW
2025	5	https://www.itp.nsc.ru/publikacii/2025/2025stati.html	Antonov D.V., Fedorenko R.M., Volkov R.S., Strizhak P.A. Absorption of thermal radiation by a water-based spray curtain // Thermal Science and Engineering Progress. – 2025. – Vol. 62. – 103657. DOI ; РИНЦ		KEYWORD_CANDIDATE	NEEDS_DOI_VERSION_AND_AFFILIATION_REVIEW
2025	6	https://www.itp.nsc.ru/publikacii/2025/2025stati.html	Kolosovsky D.A., Zalyalov T. M., Ponomarev S.A., Miskiv N. B., Morozov A.A., Shukhov Y.G., Shevlyagin A.V., Kuchmizhak A.A., Starinskiy S.V. Adhesion layer free room-temperature pulsed laser deposition of ultrathin Au films // Applied Surface Science. – 2025. – Vol. 698. – 163077. DOI ; РИНЦ		NOT_KEYWORD_MATCHED	NEEDS_DOI_VERSION_AND_AFFILIATION_REVIEW
2025	7	https://www.itp.nsc.ru/publikacii/2025/2025stati.html	Yarygin I.V., Yarygin V.N., Prikhodko V.G., Politov A.A., Novopashin S.A. An experimental study of starch dispersion during rapid vacuuming // Thermophysics and Aeromechanics. - 2025. - Vol. 32, iss. 5. - P. 1175–1180. DOI (Ярыгин И.В., Ярыгин В.Н., Приходько В.Г., Политов А.А., Новопашин С.А. Экспериментальное исследование разлета крахмала при резком вакуумировании // Теплофизика и аэромеханика. – 2025. – Т. 32, № 5. – С. 985–991. DOI ; РИНЦ )		NOT_KEYWORD_MATCHED	NEEDS_DOI_VERSION_AND_AFFILIATION_REVIEW
2025	8	https://www.itp.nsc.ru/publikacii/2025/2025stati.html	Sadkin I.S., Borush O.V., Shchinnikov P.A. Analysis of energy consumption for auxiliaries of zero emissions sCO		NOT_KEYWORD_MATCHED	NEEDS_DOI_VERSION_AND_AFFILIATION_REVIEW
2025	9	https://www.itp.nsc.ru/publikacii/2025/2025stati.html	Pukhovoy M.V., Vinokurov V.A., Vinokurov V.V., Bykovskaya E.F., Zolotarev K.V., Kabov O.A. Analysis of the possibility of cooling the diamond vacuum window of the siberian circular photon source workstation under ultra-high thermal loads // Interfacial Phenomena and Heat Transfer. – 2025. – Vol. 13, iss. 3. – P. 43–59. DOI ; РИНЦ		KEYWORD_CANDIDATE	NEEDS_DOI_VERSION_AND_AFFILIATION_REVIEW
2025	10	https://www.itp.nsc.ru/publikacii/2025/2025stati.html	Dementyev Y.A, Degtyarev S.A, Mungalov A.S, Derevyannikov I.A, Kochkin D.Y. Application of LED-interferometry for determination the evaporation characteristics of liquid film in a microchannel // Journal of Flow Visualization and Image Processing. – 2025. – Vol. 32, iss. 4. – P. 75–87. DOI ; РИНЦ		KEYWORD_CANDIDATE	NEEDS_DOI_VERSION_AND_AFFILIATION_REVIEW
2025	11	https://www.itp.nsc.ru/publikacii/2025/2025stati.html	Arbuzov E.V., Dubnishchev Y.N., Zolotukhina O.S. Application of the Gauss–Newton optimization algorithm in the phase function reconstruction from interferometry data in flame diagnostics // Journal of Optical Technology. - 2025. - Vol. 92, iss. 9. - P. 554-560. DOI (Арбузов Э.В., Дубнищев Ю.Н., Золотухина О.С. Применение алгоритма оптимизации Гаусса–Ньютона при реконструкции фазовой функции по данным интерферометрии в диагностике пламен // Оптический журнал. - 2025. - Т. 92, № 9. - С. 3–13. DOI ; РИНЦ )		NOT_KEYWORD_MATCHED	NEEDS_DOI_VERSION_AND_AFFILIATION_REVIEW
2025	12	https://www.itp.nsc.ru/publikacii/2025/2025stati.html	Zaikovsky A., Yudin I., Fedoseev A., Dmitrachkov A., Morozova M. Arc discharge synthesis of carbon nanoparticles: impacts of pressure on morphology and performance in nanofluids for direct absorption solar collectors // Journal of Materials Science. – 2025. – Vol. 60, iss. 19. – P. 8057–8077. DOI ; РИНЦ		NOT_KEYWORD_MATCHED	NEEDS_DOI_VERSION_AND_AFFILIATION_REVIEW
2025	13	https://www.itp.nsc.ru/publikacii/2025/2025stati.html	Fedotova Y., Kalachev I., Epifanov R., Totmina E., Borisova K., Lysikov D., Karpenko A., Mullyadzhanov R. Association of hemodynamics and morphology with local surface growth of abdominal aortic aneurysm using spatial pattern analysis // Physics of Fluids. - 2025. - Vol. 37, iss. 2. - 021919. DOI ; РИНЦ		NOT_KEYWORD_MATCHED	NEEDS_DOI_VERSION_AND_AFFILIATION_REVIEW
2025	14	https://www.itp.nsc.ru/publikacii/2025/2025stati.html	Nanlohy H.Y., Sazhin S.S. Bio-graphene activated carbon of sago waste as a potential catalyst for crude coconut oil combustion: An experimental and quantum mechanics based study // Results in Chemistry Fluids. – 2025. – Vol. 15. – 102308. DOI ; РИНЦ		NOT_KEYWORD_MATCHED	NEEDS_DOI_VERSION_AND_AFFILIATION_REVIEW
2025	15	https://www.itp.nsc.ru/publikacii/2025/2025stati.html	Kochkin D.Yu., Arkhipov V.E., Korepanova E.M., Zaitsev D.V. Boiling of subcooled liquid in a flat minichannel with a graphene coating // Problemele Energeticii Regionale Numărul. - 2025. - № 1(65). - P. 64-71 (Кочкин Д.Ю., Архипов В.Е., Корепанова Е.М., Зайцев Д.В. Кипение недогретой жидкости в плоском миниканале с графеновым покрытием // Проблемы региональной энергетики. - 2025. - № 1(65). - С. 64-71. DOI ; РИНЦ )		KEYWORD_CANDIDATE	NEEDS_DOI_VERSION_AND_AFFILIATION_REVIEW
2025	16	https://www.itp.nsc.ru/publikacii/2025/2025stati.html	Chernov A.A., Antonov D.V., Pavlenko A.N., Bar-Kohany T., Strizhak P.A., Sazhin S.S. Bubble growth in composite water/fuel droplets: effect on timing of their puffing/micro-explosion // Fuel. – 2025. – Vol. 392. – 134696. DOI ; РИНЦ		NOT_KEYWORD_MATCHED	NEEDS_DOI_VERSION_AND_AFFILIATION_REVIEW
2025	17	https://www.itp.nsc.ru/publikacii/2025/2025stati.html	Ronshin F.V., Rednikov A., Zorkina A.I., Jambert J., Graur I., Kabov O.A., Colinet P., Tadrist L. Bubble growth on a single artificial nucleation site near saturation conditions in microgravity // Physics of Fluids. – 2025. – Vol. 37, iss. 8. - 087165. DOI		NOT_KEYWORD_MATCHED	NEEDS_DOI_VERSION_AND_AFFILIATION_REVIEW
2025	18	https://www.itp.nsc.ru/publikacii/2025/2025stati.html	Volodin O.A., Vyacheslavova E.A., BaranovA.I., Malakhov I.P., KonevS.V., Kosovskikh I.A., Serdyukov V.S. Capillary wicking and heat transfer during boiling of HFE-7100 on black silicon surfaces with different morphologies // Journal of Engineering Thermophysics. – 2025. – Vol.34, iss. 4. – P. 709-720. DOI ; РИНЦ		KEYWORD_CANDIDATE	NEEDS_DOI_VERSION_AND_AFFILIATION_REVIEW
2025	19	https://www.itp.nsc.ru/publikacii/2025/2025stati.html	Shishkin A.V. Carbon formation during partial oxidation of methane under conditions of high pressures (review) // Thermophysics and Aeromechanics. - 2025. - Vol. 32, iss. 2. - P. 267-296. DOI ; РИНЦ (Шишкин А.В. Образование углерода при частичном окислении метана в условиях высокого давления (обзор) // Теплофизика и аэромеханика. - 2025. - Т. 32, № 2. - С. 209-240. DOI ; РИНЦ )		NOT_KEYWORD_MATCHED	NEEDS_DOI_VERSION_AND_AFFILIATION_REVIEW
2025	20	https://www.itp.nsc.ru/publikacii/2025/2025stati.html	Kichatov B.V., Korshunov A.M., Sudakov V.S., Chikishev L.M. Cluster formation in active emulsion // Physics of Fluids. – 2025. – Vol. 37, iss. 4. – 042028. DOI ; РИНЦ		NOT_KEYWORD_MATCHED	NEEDS_DOI_VERSION_AND_AFFILIATION_REVIEW
2025	21	https://www.itp.nsc.ru/publikacii/2025/2025stati/2.html	Kopyev E.P., Sadkin I.S., Shadrin E.Yu., Mukhina M.A., Kuznetsov V.A., Minakov A.V. Combustion of liquid hydrocarbon fuels sprayed into gas generation chamber with superheated steam as low emission technology for energy production // Fuel. – 2025. – Vol. 381, part A. - 133344. - DOI ; РИНЦ		KEYWORD_CANDIDATE	NEEDS_DOI_VERSION_AND_AFFILIATION_REVIEW
2025	22	https://www.itp.nsc.ru/publikacii/2025/2025stati/2.html	Skibina N.P.,Terekhov V.V., Terekhov V.I. Comparative analysis of flow structure in an axisymmetric vortex chamber using the URANS approach and DNS // Thermophysics and Aeromechanics. - 2025. - Vol. 32, iss. 5. - P. 1147–1161. DOI (Скибина Н.П., Терехов В.В., Терехов В.И. Сравнительный анализ структуры течения в осесимметричной вихревой камере с использованием URANS-подхода и прямого численного моделирования // Теплофизика и аэромеханика. – 2025. – Т. 32, № 5. – С. 957–972. DOI ; РИНЦ )		NOT_KEYWORD_MATCHED	NEEDS_DOI_VERSION_AND_AFFILIATION_REVIEW
2025	23	https://www.itp.nsc.ru/publikacii/2025/2025stati/2.html	Aktershev S.P., Guzanov V.V., Kvon A.Z., Bobylev A.V., Cherdantsev A.V. Comparison of two-dimensional and three-dimensional models of wave rivulet flow over an inclined plane // Thermophysics and Aeromechanics. - 2025. - Vol. 32, iss. 2. - P. 383–394. DOI ; РИНЦ (Актершев С.П., Гузанов В.В., Квон А.З., Бобылев А.В., Черданцев А.В. Сравнение двумерной и трехмерной моделей волнового ручейкового течения по наклонной плоскости // Теплофизика и аэромеханика. - 2025. - Т. 32, № 2. - С. 335-346. РИНЦ )		NOT_KEYWORD_MATCHED	NEEDS_DOI_VERSION_AND_AFFILIATION_REVIEW
2025	24	https://www.itp.nsc.ru/publikacii/2025/2025stati/2.html	Bogomolova A.I., Gareev T.I., Nerushev O.A., Sorokin D.V., Bannov A.G., Smovzh D.V. Composite gas sensors based on carbon and tin oxide nanoparticles // Russian Physics Journal. – 2025. – Vol. 68, iss. 3. – P. 488–499. DOI ; РИНЦ		NOT_KEYWORD_MATCHED	NEEDS_DOI_VERSION_AND_AFFILIATION_REVIEW
2025	25	https://www.itp.nsc.ru/publikacii/2025/2025stati/2.html	Dorokhov V.V., Romanov D.S., Strizhak P.A. Composite liquid fuels: environmental, energy, and technical-economic aspects // Journal of Engineering Physics and Thermophysics. - 2025. - Vol. 98, iss. 1. - P. 125-136. DOI ; РИНЦ (Дорохов В.В., Романов Д.С., Стрижак П.А. Композиционные жидкие топлива: экологические, энергетические, технико-экономические аспекты // Инженерно-физический журнал. - 2025. - Т. 98, № 1. - С. 126-137. РИНЦ )		NOT_KEYWORD_MATCHED	NEEDS_DOI_VERSION_AND_AFFILIATION_REVIEW
2025	26	https://www.itp.nsc.ru/publikacii/2025/2025stati/2.html	Bykovskii F.A., Zhdan S.A., Vedernikov E.F. Continuous spin deetonation of a carbonless ammonia-air mixture with addition of hydrogen // Combustion, Explosion, and Shock Waves. - 2025. - Vol. 61, iss. 1. - P. 166-169. DOI ; РИНЦ (Быковский Ф.А., Ждан С.А., Ведерников Е.Ф. Непрерывная спиновая детонация безуглеродной смеси аммиак—воздух с добавкой водорода // Физика горения и взрыва. - 2025. - Vol. 61, iss. 1. - P. 152-155. DOI ; РИНЦ )		NOT_KEYWORD_MATCHED	NEEDS_DOI_VERSION_AND_AFFILIATION_REVIEW
2025	27	https://www.itp.nsc.ru/publikacii/2025/2025stati/2.html	Yarygin V.N., Prikhodko V.G., Yarygin I.V. Control of flow structure of supersonic underexpanded jet of rarified gas // Journal of Engineering Thermophysics. – 2025. – Vol. 34, iss. 4. - P. 684-688. DOI ; РИНЦ		NOT_KEYWORD_MATCHED	NEEDS_DOI_VERSION_AND_AFFILIATION_REVIEW
2025	28	https://www.itp.nsc.ru/publikacii/2025/2025stati/2.html	Cherdantsev A.V., Isaenkov S.V., Markovich D.M. Controlling large-scale waves in downward annular flow far from the inlet // International Journal of Multiphase Flow. – 2025. – Vol. 193. – 105415. DOI ; РИНЦ		NOT_KEYWORD_MATCHED	NEEDS_DOI_VERSION_AND_AFFILIATION_REVIEW
2025	29	https://www.itp.nsc.ru/publikacii/2025/2025stati/2.html	Kichatov B, Korshunov A, Sudakov V, Smovzh D, Nerushev O. Controlling the movement of active droplets in emulsion using chemically reactive magnetic microparticles // Physics of Fluids. – 2025. – Vol. 37, iss. 8. - 082144. DOI ; РИНЦ		NOT_KEYWORD_MATCHED	NEEDS_DOI_VERSION_AND_AFFILIATION_REVIEW
2025	30	https://www.itp.nsc.ru/publikacii/2025/2025stati/2.html	Antonov D.V., Kerimbekova S.A., Volkov R.S., Sazhin S.S., Strizhak P.A. Convection in a water droplet colliding with a solid particle // Physics of Fluids. – 2025. – Vol. 37, iss. 9. – 093369. DOI ; РИНЦ		NOT_KEYWORD_MATCHED	NEEDS_DOI_VERSION_AND_AFFILIATION_REVIEW
2025	31	https://www.itp.nsc.ru/publikacii/2025/2025stati/2.html	Sukhanovskii A.N., Vasiliev A.Yu., Gavrilov A.A., Evgrafova A.V., Popova E.N. Convective heat transfer in large-scale natural systems // Journal of Engineering Physics and Thermophysics. - 2025. - Vol. 98, iss. 1. - P. 274-284. DOI ; РИНЦ (Сухановский А.Н., Васильев А.Ю., Гаврилов А.А., Евграфова А.В., Попова Е.Н. Конвективный теплоперенос в крупномасштабных природных системах // Инженерно-физический журнал. − 2025. − Т. 98, № 1. − С. 273−284. РИНЦ )		KEYWORD_CANDIDATE	NEEDS_DOI_VERSION_AND_AFFILIATION_REVIEW
2025	32	https://www.itp.nsc.ru/publikacii/2025/2025stati/2.html	Rakhmanov V.V., Kabardin I.K., Klimov A.V., Glavny V.G., Kulikov D.V., Meledin V.G., Dvoynishnikov S.V., Zuev V.O., Bakakin G.V., Pavlov V.A. Correcting spectral density of laser doppler anemometer signals during measuring of high-speed aerodynamic flows. Part 1 // Journal of Engineering Thermophysics. - 2025. - Vol. 34, iss. 1. - P. 12-24. DOI ; РИНЦ		NOT_KEYWORD_MATCHED	NEEDS_DOI_VERSION_AND_AFFILIATION_REVIEW
2025	33	https://www.itp.nsc.ru/publikacii/2025/2025stati/2.html	Kabardin I.K., Rakhmanov V.V., Klimov A.V., Glavnyi V.G., Kulikov D.V., Meledin V.G., Dvoinishnikov S.V., Zuev V.O., Bakakin G.V., Pavlov V.A. Correcting spectral density of laser doppler anemometer signals during measuring of high-speed aerodynamic flows. Part 2 // Journal of Engineering Thermophysics. - 2025. - Vol. 34, iss. 1. - P. 25-34. DOI ; РИНЦ		NOT_KEYWORD_MATCHED	NEEDS_DOI_VERSION_AND_AFFILIATION_REVIEW
2025	34	https://www.itp.nsc.ru/publikacii/2025/2025stati/2.html	Andryushchenko V.A., Artishevskii K.V., Solnyshkina O.A. Creation of an algorithm for estimation of contact angles on textured surfaces applicable for molecular dynamics method // Eurasian Journal of Mathematical and Computer Applications. – 2025. – Vol. 13, iss. 1. – P. 26–36. DOI ; РИНЦ		NOT_KEYWORD_MATCHED	NEEDS_DOI_VERSION_AND_AFFILIATION_REVIEW
2025	35	https://www.itp.nsc.ru/publikacii/2025/2025stati/2.html	Gevorgiz R., Sharifullin B. , Naumov I. , Zheleznova S. Critical intensity of swirling flows of a suspension and productivity in batch culture of Arthrospira (Spirulina) platensis under different light conditions // Marine Biological Journal. - 2025. - Vol. 10, iss. 1. - P. 21-29 (Геворгиз Р.Г., Шарифуллин Б.Р., Наумов И.В., Железнова С.Н. Критическая интенсивность закрученных потоков суспензии и продуктивность накопительной культуры arthrospira (spirulina) platensis при различных световых условиях // Морской биологический журнал. - 2025. - Т. 10, № 1. - С. 21-29. DOI ; РИНЦ )		NOT_KEYWORD_MATCHED	NEEDS_DOI_VERSION_AND_AFFILIATION_REVIEW
2025	36	https://www.itp.nsc.ru/publikacii/2025/2025stati/2.html	Abdullaev R.N., Kozlovskii Yu.M., Agazhanov A.Sh., Khairulin R.A., Samoshkin D.A., Stankus S.V. Density and thermal expansion of Mg–Li alloys with lithium content up to 30 at% // International Journal of Thermophysics. – 2025. – Vol. 46, iss. 5. – 72. – 13 p. DOI ; РИНЦ		NOT_KEYWORD_MATCHED	NEEDS_DOI_VERSION_AND_AFFILIATION_REVIEW
2025	37	https://www.itp.nsc.ru/publikacii/2025/2025stati/2.html	Stankus S.V., Khairulin R.A. Density of CeAl 2 and NdAl 2 intermetallic compounds in solid and liquid states // Thermophysics and Aeromechanics. - 2025. - Vol. 32, iss. 3. - P. 719-729. DOI ; РИНЦ (Станкус С.В., Хайрулин Р.А. Плотность интерметаллидов CeAl 2 и NdAl 2 в твердом и жидком состояниях // Теплофизика и аэромеханика. – 2025. – Т. 32, № 3. – С. 605–615. DOI ; РИНЦ )		NOT_KEYWORD_MATCHED	NEEDS_DOI_VERSION_AND_AFFILIATION_REVIEW
2025	38	https://www.itp.nsc.ru/publikacii/2025/2025stati/2.html	Gavrilov A.A., Guzei D.V., Pryazhnikov A.I.,Yakimov A.S., Minakov A.V. Development and microfluidic testing of a new numerical algorithm and software for modeling immiscible fluid flows in digital core models // Fuel. – 2025. – Vol. 386. – 134253. DOI ; РИНЦ		KEYWORD_CANDIDATE	NEEDS_DOI_VERSION_AND_AFFILIATION_REVIEW
2025	39	https://www.itp.nsc.ru/publikacii/2025/2025stati/2.html	Kabardin I.K., Lobanov P.D., Glavny V.G., Meledin V.G., Pribaturin N.A., Gordienko M.R., Rotar A.D., Zubanov K.S., Volkov S.M., Rakhmanov V.V., Kakaulin S.V., Evdokimenko I.A. Development of electro impedance diagnostic method to study the hydrodynamics of polydisperse pulp // Thermophysics and Aeromechanics. - 2025. - Vol. 32, iss. 5. - P. 1113–1118. DOI (Кабардин И.К., Лобанов П.Д., Главный В.Г., Меледин В.Г., Прибатурин Н.А., Гордиенко М.Р., Ротарь А.Д., Зубанов К.С., Волков С.М., Рахманов В.В., Какаулин С.В., Евдокименко И.A. Разработка метода электроимпедансной диагностики для исследования гидродинамики полидисперсной пульпы // Теплофизика и аэромеханика. – 2025. – Т. 32, № 5. – С. 921–926. DOI ; РИНЦ )		NOT_KEYWORD_MATCHED	NEEDS_DOI_VERSION_AND_AFFILIATION_REVIEW
2025	40	https://www.itp.nsc.ru/publikacii/2025/2025stati/2.html	Ivashchenko V.A., Mullyadzhanov R.I. Direct numerical simulation for puffs in tubes with various lengths // Thermophysics and Aeromechanics. - 2025. - Vol. 32, iss. 2. - P. 367–371. DOI ; РИНЦ (Иващенко В.А., Мулляджанов Р.И. Прямое численное моделирование паффа в трубах различной длины// Теплофизика и аэромеханика. – 2025. – Т. 32, № 2. – С. 317–322. РИНЦ )		NOT_KEYWORD_MATCHED	NEEDS_DOI_VERSION_AND_AFFILIATION_REVIEW
2025	41	https://www.itp.nsc.ru/publikacii/2025/2025stati/3.html	Sharina I.A., Kopyev E.P., Perepechko L.N. Directions of development of combustion technology of liquid hydrocarbon fuel in burner devices in the presence of superheated water vapor // Thermal Engineering. - 2025. - Vol. 72, iss. 10. - P. 826-833. DOI ; РИНЦ (Шарина И.А., Копьев Е.П., Перепечко Л.Н. Направления развития технологии сжигания жидких углеводородных топлив в горелочных устройствах в присутствии перегретого водяного пара // Теплоэнергетика. – 2025. – № 10. – С. 43–51. DOI ; РИНЦ )		NOT_KEYWORD_MATCHED	NEEDS_DOI_VERSION_AND_AFFILIATION_REVIEW
2025	42	https://www.itp.nsc.ru/publikacii/2025/2025stati/3.html	Misyura S.Y., Morozov V.S., Meleshkin A.V., Sagidullin A.K., Knyazkov V.A., Cheverda V.V., Andronov K.I., Stanevko M.A. Dissociation of SF 6 hydrate with SiO 2 particles at atmospheric pressure // Journal of Engineering Thermophysics. – 2025. – Vol. 34, iss. 3. – P. 613–624. DOI ; РИНЦ		NOT_KEYWORD_MATCHED	NEEDS_DOI_VERSION_AND_AFFILIATION_REVIEW
2025	43	https://www.itp.nsc.ru/publikacii/2025/2025stati/3.html	Vozhakov I.S., Misyura S.Y., Morozov V.S., Lukyanov A.A. Droplet impact on a heated surface: influence of key factors on heat transfer // Journal of Engineering Thermophysics. – 2025. – Vol. 34, iss. 2. – P. 321–332. DOI ; РИНЦ		KEYWORD_CANDIDATE	NEEDS_DOI_VERSION_AND_AFFILIATION_REVIEW
2025	44	https://www.itp.nsc.ru/publikacii/2025/2025stati/3.html	Kulik V.M. Dynamic compliance of viscoelastic coatings used for drag reduction // Thermophysics and Aeromechanics. - 2025. - Vol. 32, iss. 3. - P. 579–589. DOI ; РИНЦ (Кулик В.М. Динамическая податливость вязкоупругих покрытий, используемых для снижения гидродинамического трения // Теплофизика и аэромеханика. – 2025. – Т. 32, № 3. – С. 459–469. DOI ; РИНЦ )		NOT_KEYWORD_MATCHED	NEEDS_DOI_VERSION_AND_AFFILIATION_REVIEW
2025	45	https://www.itp.nsc.ru/publikacii/2025/2025stati/3.html	Frick P., Filimonov S., Gavrilov A., Litvintsev K., Sukhanovskii A., Popova E, Vasiliev A. Dynamics of a submerged plate of different optical properties in a heated by radiation convective cell // International Journal of Heat and Mass Transfer. – 2025. – Vol. 241. – 126675. DOI ; РИНЦ		NOT_KEYWORD_MATCHED	NEEDS_DOI_VERSION_AND_AFFILIATION_REVIEW
2025	46	https://www.itp.nsc.ru/publikacii/2025/2025stati/3.html	Mungalov A.S., Derevyannikov I. A., Kochkin K. Yu., Kabov O.A., Marchuk I. V., Luo Z., Sun Ch., Bai B. Dynamics of bubbles and dry spots under the heated downward-facing substrate // Interfacial Phenomena and Heat Transfer. – 2025. – Vol. 13, iss. 1. – P. 25–43. DOI ; РИНЦ		KEYWORD_CANDIDATE	NEEDS_DOI_VERSION_AND_AFFILIATION_REVIEW
2025	47	https://www.itp.nsc.ru/publikacii/2025/2025stati/3.html	Chernov A.A., Davydov M.N., Ermanyuk E.V. Dynamics of the growth of a gas bubble in a magmatic melt during its decompression: the effect of barodiffusion // Journal of Fluid Mechanics. - 2025. - Vol. 1018. - С. A6. DOI ; РИНЦ		NOT_KEYWORD_MATCHED	NEEDS_DOI_VERSION_AND_AFFILIATION_REVIEW
2025	48	https://www.itp.nsc.ru/publikacii/2025/2025stati/3.html	Karhov A.O., Gorelikova A.E., Vorobyev M.A. Effect of a small concentration of surfactant on gas bubble sizes for a flow in an inclined channel // Thermophysics and Aeromechanics. - 2025. - Vol. 32, iss. 1. - P. 161-169. DOI ; РИНЦ (Кархов А.О., Гореликова А.Е., Воробьев М.A. Влияние поверхностно-активных веществ в малых концентрациях на размеры газовых пузырей в наклонном канале // Теплофизика и аэромеханика. – 2025. – Т. 32, № 1. – С. 175–183. DOI ; РИНЦ )		NOT_KEYWORD_MATCHED	NEEDS_DOI_VERSION_AND_AFFILIATION_REVIEW
2025	49	https://www.itp.nsc.ru/publikacii/2025/2025stati/3.html	Tupikin A.V., Dulin V.M., Sharaborin D.K., Savitsky A.G. Effect of a weak electric field on the flame of a bunsen burner of gaseous hydrocarbons and aerosol // Combustion, Explosion, and Shock Waves. - 2025. - Vol. 61, iss. 6. - P. 859-868. DOI ; РИНЦ (Тупикин А.В., Дулин В.М., Шараборин Д.К., Савицкий А.Г. Действие слабого электрического поля на пламя горелки Бунзена газообразных углеводородов и аэрозоля // Физика горения и взрыва. – 2025. – T. 61, № 6. – С. 43–54. DOI ; РИНЦ )		NOT_KEYWORD_MATCHED	NEEDS_DOI_VERSION_AND_AFFILIATION_REVIEW
2025	50	https://www.itp.nsc.ru/publikacii/2025/2025stati/3.html	Misyura S.Y., Egorov R.I., Zaitsev A.S., Morozov V.S. Effect of concentration of aqueous alcohol solution and layer thickness on free convection due to local heating // Colloids and Surfaces A: Physicochemical and Engineering Aspects. – 2025. – Vol. 705, part 1. – 135618. DOI ; РИНЦ		NOT_KEYWORD_MATCHED	NEEDS_DOI_VERSION_AND_AFFILIATION_REVIEW
2025	51	https://www.itp.nsc.ru/publikacii/2025/2025stati/3.html	Vorobyev M.A, Lobanov P.D., Chinak A.V., Kashinsky O.N. Effect of flow direction and capillary orientation on the bubble detachment diameter in liquid cross-flow // Experimental and Computational Multiphase Flow. − 2025. − Vol. 7, iss. 3. − P. 323−335. DOI ; РИНЦ		KEYWORD_CANDIDATE	NEEDS_DOI_VERSION_AND_AFFILIATION_REVIEW
2025	52	https://www.itp.nsc.ru/publikacii/2025/2025stati/3.html	Dementyev Y.A., Degtyarev S.A., Cheverda V.V., Chinnov E.A. Effect of gas mass flux on two-phase flow heat transfer coefficients in a flat microchannel under local heating using high-speed schlieren visualization // Journal of Flow Visualization and Image Processing. – 2025. – Vol. 32, iss. 4. – P. 41–50. DOI ; РИНЦ		KEYWORD_CANDIDATE	NEEDS_DOI_VERSION_AND_AFFILIATION_REVIEW
2025	53	https://www.itp.nsc.ru/publikacii/2025/2025stati/3.html	Nizovtsev M.I., Letushko V.N., Sterlyagov A.N. Effect of graphene nanotubes on thermal conductivity of a phase change material // Journal of Engineering Thermophysics. - 2025. - Vol. 34, iss. 1. - P. 121-132. DOI ; РИНЦ		NOT_KEYWORD_MATCHED	NEEDS_DOI_VERSION_AND_AFFILIATION_REVIEW
2025	54	https://www.itp.nsc.ru/publikacii/2025/2025stati/3.html	Arbuzov V.A., Arbuzov E.V., Dubnishchev Yu.N., Zolotukhina O.S., Lemanov V.V., Lukashov V.V., Tupikin A.V., Sharov K.A. Effect of hydrogen on electrochemical properties of methane–air flame // Combustion, Explosion, and Shock Waves. - 2025. - Vol. 61, iss. 4. - P. 514-523. DOI ; РИНЦ (Арбузов В.А., Арбузов Э.В., Дубнищев Ю.Н., Золотухина О.С., Леманов В.В., Лукашов В.В., Тупикин А.В., Шаров К.А. Влияние водорода на электрохимические свойства метановоздушного пламени // Физика горения и взрыва. – 2025. – Т. 61, № 4. – С. 18–28. DOI ; РИНЦ )		NOT_KEYWORD_MATCHED	NEEDS_DOI_VERSION_AND_AFFILIATION_REVIEW
2025	55	https://www.itp.nsc.ru/publikacii/2025/2025stati/3.html	Kashinsky O.N., Timkin L.S., Kurdyumov A.S. Effect of inclination angle on heat transfer in upward bubbly flow in a pipe // Journal of Engineering Thermophysics. – 2025. – Vol. 34, iss. 3. – P. 519–524. DOI ; РИНЦ		KEYWORD_CANDIDATE	NEEDS_DOI_VERSION_AND_AFFILIATION_REVIEW
2025	56	https://www.itp.nsc.ru/publikacii/2025/2025stati/3.html	Sakhnov A.Yu., Bryzgalov K.V., Naumkin V.S. Effect of inlet conditions on air flow in convergent channel with a heated wall // International Journal of Thermal Sciences. – 2025. – Vol. 210. – 109596. DOI ; РИНЦ		NOT_KEYWORD_MATCHED	NEEDS_DOI_VERSION_AND_AFFILIATION_REVIEW
2025	57	https://www.itp.nsc.ru/publikacii/2025/2025stati/3.html	Sakhnov A.Yu., Bryzgalov K.V., Naumkin V.S. Effect of inlet conditions on the flow in a narrowing channel under different thermal loads // Technical Physics. - 2025. - Vol. 70, iss. 1. - P. 1-11. DOI ; РИНЦ		NOT_KEYWORD_MATCHED	NEEDS_DOI_VERSION_AND_AFFILIATION_REVIEW
2025	58	https://www.itp.nsc.ru/publikacii/2025/2025stati/3.html	Philippov M.V., Chokhar I.A., Terekhov V.V., Fedorchenko A.I., Terekhov V.I. Effect of interference of impinging round jets on the cooling intensity of heat transfer surfaces // Journal of Engineering Thermophysics. – 2025. – Vol. 34, iss. 2. – P. 266–275. DOI ; РИНЦ		KEYWORD_CANDIDATE	NEEDS_DOI_VERSION_AND_AFFILIATION_REVIEW
2025	59	https://www.itp.nsc.ru/publikacii/2025/2025stati/3.html	Shvetsov D.A., Zhukov V.I., Pavlenko A.N. Effect of layer height on heat transfer during boiling of dielectric liquid on mesh coatings // Thermal Engineering. – 2025. – Vol. 72, iss. 10. – P. 860–871. DOI ; РИНЦ (Швецов Д.А., Жуков В.И., Павленко А.Н. Влияние высоты слоя на теплообмен при кипении диэлектрической жидкости на сетчатых покрытиях // Теплоэнергетика. – 2025. - № 10. – С. 81–94. DOI ; РИНЦ )		KEYWORD_CANDIDATE	NEEDS_DOI_VERSION_AND_AFFILIATION_REVIEW
2025	60	https://www.itp.nsc.ru/publikacii/2025/2025stati/3.html	Sakhnov A.Yu., Naumkin V.S. Effect of light gas injection on the weakly accelerated xenon flow // Journal of Engineering Thermophysics. - 2025. - Vol. 34, iss. 1. - P. 107-120. DOI ; РИНЦ		NOT_KEYWORD_MATCHED	NEEDS_DOI_VERSION_AND_AFFILIATION_REVIEW
2025	61	https://www.itp.nsc.ru/publikacii/2025/2025stati/4.html	Suslov D.A., Skripkin S.G., Shtork S.I. Effect of multi-jet flow control on the vortex core in a simplified Francis turbine model // Physics of Fluids. – 2025. – Vol. 37, iss. 9. – 095116. DOI ; РИНЦ		NOT_KEYWORD_MATCHED	NEEDS_DOI_VERSION_AND_AFFILIATION_REVIEW
2025	62	https://www.itp.nsc.ru/publikacii/2025/2025stati/4.html	Pukhovoy M.V., Zaitsev D.V. Effect of porous coating on heat transfer in minichannels with intensive localised heating // Problemele Energeticii Regionale Numărul. - 2025. - № 1(65). - P. 85-104 (Пуховой М.В., Зайцев Д.В. Влияние пористого покрытия на теплообмен в миниканалах с интенсивным локализованным нагревом // Проблемы региональной энергетики. - 2025. - № 1(65). - С. 85-104. DOI ; РИНЦ )		KEYWORD_CANDIDATE	NEEDS_DOI_VERSION_AND_AFFILIATION_REVIEW
2025	63	https://www.itp.nsc.ru/publikacii/2025/2025stati/4.html	Dobrosel'skii K.G. Effect of pressure and temperature on flow near a cylinder with a hydrophobic surface at large reynolds numbers // Journal of Applied Mechanics and Technical Physics. - 2025. - Vol. 66, iss. 6. - P. 1105-1113. DOI ; РИНЦ (Добросельский К.Г. Влияние давления и температуры на течение вблизи цилиндра с гидрофобной поверхностью при больших числах Рейнольдса // Прикладная механика и техническая физика. – 2025. – № 6. – С. 77–87. DOI ; РИНЦ )		NOT_KEYWORD_MATCHED	NEEDS_DOI_VERSION_AND_AFFILIATION_REVIEW
2025	64	https://www.itp.nsc.ru/publikacii/2025/2025stati/4.html	Emelyanov A.A., Plotnikov M.Yu., Timoshenko N.I., Yudin I.B., Ul'yanitskii V.Yu., Batraev I.S. Effect of substrate surface treatment on the erosive wear of polycrystalline diamond coatings produced by gas-jet deposition // Journal of Applied Mechanics and Technical Physics. - 2025. - Vol. 66, iss. 3. - P. 440-445. DOI ; РИНЦ (Емельянов А.А., Плотников М.Ю., Тимошенко Н.И., Юдин И.Б., Ульяницкий В.Ю., Батраев И.С. Влияние обработки поверхности подложки на эрозионный износ поликристаллических алмазных покрытий, осаждаемых газоструйным методом // Прикладная механика и техническая физика. – 2025. – Т. 66, № 3. – С. 56–62. DOI ; РИНЦ )		NOT_KEYWORD_MATCHED	NEEDS_DOI_VERSION_AND_AFFILIATION_REVIEW
2025	65	https://www.itp.nsc.ru/publikacii/2025/2025stati/4.html	Misyura S.Y., Morozov V.S., Andryushchenko V.A., Orlova E.G. Effect of temperature and capillary number on wettability and contact angle hysteresis of various materials. Modeling taking into account porosity // Materials Science and Engineering: B. – 2025. – Vol. 311. – 117827. DOI ; РИНЦ		KEYWORD_CANDIDATE	NEEDS_DOI_VERSION_AND_AFFILIATION_REVIEW
2025	66	https://www.itp.nsc.ru/publikacii/2025/2025stati/4.html	Gorelikova A.E., Kashinskii O.N., Kurdyumov A.S. Effect of the inclination angle on local characteristics of an upward gas-liquid flow in a circular tube // Journal of Applied Mechanics and Technical Physics. - 2025. - Vol. 66, iss. 4. - P. 728-734. DOI ; РИНЦ (Гореликова А.Е., Кашинский О.Н., Курдюмов А.С. Влияние угла наклона на локальные характеристики восходящего газожидкостного течения в круглой трубе // Прикладная механика и техническая физика. – 2025. – Т. 392, № 4. – С. 110–117. DOI ; РИНЦ )		NOT_KEYWORD_MATCHED	NEEDS_DOI_VERSION_AND_AFFILIATION_REVIEW
2025	67	https://www.itp.nsc.ru/publikacii/2025/2025stati/4.html	Fedoseev A.V., Salnikov M.V. Effect of wettability parameters of the heater porous structure on boiling heat transfer // Thermophysics and Aeromechanics. - 2025. - Vol. 32, iss. 6. - P. 1299–1303. DOI (Федосеев А.В., Сальников М.В. Влияние параметров смачиваемости пористой структуры нагревателя на теплообмен при кипении // Теплофизика и аэромеханика. – 2025. –Т. 32, № 6. – С. 1117–1123. DOI ; РИНЦ )		KEYWORD_CANDIDATE	NEEDS_DOI_VERSION_AND_AFFILIATION_REVIEW
2025	68	https://www.itp.nsc.ru/publikacii/2025/2025stati/4.html	Brester A.E., Shvetsov D.A., Zhukov V.I., Pavlenko A.N. Electrochemical modification of the metal mesh surface for heat transfer enhancement during boiling of a thin layer of HFE-7100 // Journal of Engineering Thermophysics. – 2025. – Vol. 34, iss. 4. – P. 671–683. DOI ; РИНЦ		KEYWORD_CANDIDATE	NEEDS_DOI_VERSION_AND_AFFILIATION_REVIEW
2025	69	https://www.itp.nsc.ru/publikacii/2025/2025stati/4.html	Sharifullin B.R., Skripkin S.G., Shtern V.N., Naumov I.V. Energy-efficient vortex flow intensification by adaptive wall rotation in centrifugal reactors // Experiments in Fluids. – 2025. – Vol. 66, iss. 11. - 208. - 16 p. DOI ; РИНЦ		NOT_KEYWORD_MATCHED	NEEDS_DOI_VERSION_AND_AFFILIATION_REVIEW
2025	70	https://www.itp.nsc.ru/publikacii/2025/2025stati/4.html	Volodin O.A., Shvetsov D.A., Serdyukov V.S., Zhukov V.I., Pavlenko A.N. Enhanced boiling and evaporation of dielectric fluids on modified surfaces for immersion cooling of electronic components – a review // Applied Thermal Engineering. – 2025. – Vol. 277. – 127088. DOI ; РИНЦ		KEYWORD_CANDIDATE	NEEDS_DOI_VERSION_AND_AFFILIATION_REVIEW
2025	71	https://www.itp.nsc.ru/publikacii/2025/2025stati/4.html	Lozben’ A.D., Smagulova A.R., M., Golovakhin V., Shishin A.A., Shpakova S.A., Ostertak D.I., Ukhina A.V., Maksimovskiy E.A., Bogomolova A.I., Smovzh D.V. Enhanced room temperature NO2 detection by carbon nanofibers and single-walled carbon nanotubes: experimental and molecular dynamics // Chemosensors. – 2025. – Vol. 13, iss. 11. – P. 389–400. DOI ; РИНЦ		NOT_KEYWORD_MATCHED	NEEDS_DOI_VERSION_AND_AFFILIATION_REVIEW
2025	72	https://www.itp.nsc.ru/publikacii/2025/2025stati/4.html	Tsgoev Ch.A., Bratenkov M.A., Sakharov D.I., Travnikov V.A., Seredkin A.V., Kalinin V.A., Fomichev D.V., Mullyadzhanov R.I. Enhancing the stability of physics-informed neural networks applied to convection problems // Thermophysics and Aeromechanics. – 2025. – Vol. 32, iss. 2. - P. 449–463. DOI ; РИНЦ (Цгоев Ч.А., Братенков М.А., Сахаров Д.И., Травников В.А., Середкин А.В., Калинин В.А., Фомичев Д.В., Мулляджанов Р.И. Повышение устойчивости физико-информированных нейронных сетей применительно к задачам конвекции // Теплофизика и аэромеханика. – 2025. – Т. 32, № 2. – С. 401–417. РИНЦ )		NOT_KEYWORD_MATCHED	NEEDS_DOI_VERSION_AND_AFFILIATION_REVIEW
2025	73	https://www.itp.nsc.ru/publikacii/2025/2025stati/4.html	Dutova O.S., Meshalkin A.B. Equation for calculating the viscosity coefficient of neon from the triple point to a temperature of 700 K and a pressure of 50 MPa // Thermophysics and Aeromechanics. – 2025. – Vol. 32, iss. 1. – P. 93–98. DOI ; РИНЦ (Дутова О.С., Мешалкин А.Б. Уравнение для расчета коэффициента вязкости неона от тройной точки до температуры 700 K и давления 50 МПа // Теплофизика и аэромеханика. – 2025. – Т. 32, № 1. – С. 103–108. DOI ; РИНЦ )		NOT_KEYWORD_MATCHED	NEEDS_DOI_VERSION_AND_AFFILIATION_REVIEW
2025	74	https://www.itp.nsc.ru/publikacii/2025/2025stati/4.html	Evdokimenko I.A, Lobanov P.D, Chinak A.V, Filippskii K.A, Si-Ahmed El-Khider, Blel W., Gentric C., Legrand J. Error correction in correlative measurement methods // Journal of Flow Visualization and Image Processing. − 2025. − Vol. 32, iss. 4. - P. 51-61. DOI ; РИНЦ		NOT_KEYWORD_MATCHED	NEEDS_DOI_VERSION_AND_AFFILIATION_REVIEW
2025	75	https://www.itp.nsc.ru/publikacii/2025/2025stati/4.html	Mamonov V.N., Miskiv N.B., Nazarov A.D., Serov A.F., Terekhov V.I. Estimating the dimensions of vortex structures in the annular Couette–Taylor flow using the amplitude-frequency spectra of pressure pulsations // Optoelectronics, Instrumentation and Data Processing. - 2025. - Vol. 61, iss. 2. - P. 186-192. DOI ; РИНЦ (Мамонов В.Н., Миськив Н.Б., Назаров А.Д., Серов А.Ф., Терехов В.И. Оценка размеров вихревых структур в кольцевом потоке системы Куэтта-Тейлора с помощью амплитудно-частотных спектров пульсаций давления // Автометрия. - 2025. - Т. 61, № 2. - С. 13-20. DOI ; РИНЦ )		NOT_KEYWORD_MATCHED	NEEDS_DOI_VERSION_AND_AFFILIATION_REVIEW
2025	76	https://www.itp.nsc.ru/publikacii/2025/2025stati/4.html	Dvoynishnikov S., Zuev V., Meledin V. Estimation of the error in 3D control of products with complex geometric profiles using the method of multi-view phase triangulation // EPJ Web of Conferences. - 2025. - Vol. 318. – 05014. DOI ; РИНЦ		NOT_KEYWORD_MATCHED	NEEDS_DOI_VERSION_AND_AFFILIATION_REVIEW
2025	77	https://www.itp.nsc.ru/publikacii/2025/2025stati/4.html	Evdokimenko I.A., Blel W., Gentric C., Vozhakov I. S. , Alekseev M. V., Lukyanov A. A. , Legrand J., Dechandol E., Thobie Ch., Si-Ahmed El-Khider, Lobanov P. D. Experimental and numerical study of wall phenomena of confined bubble flow in a square channel // Chemical Engineering Science. - 2025. - Vol. 301. - 120681. DOI ; РИНЦ		NOT_KEYWORD_MATCHED	NEEDS_DOI_VERSION_AND_AFFILIATION_REVIEW
2025	78	https://www.itp.nsc.ru/publikacii/2025/2025stati/4.html	Kochkin D.Y., Arkhipov V.E., Belosludtsev V.V., Mikhaylov A.V., Novitskiy D.I., Grishkov V.A. , Zaitsev D.V., Okotrub A.V., Kabov O.A. Experimental observations of heat and mass transfer processes on carbon nanocoatings // Journal of Flow Visualization and Image Processing. – 2025. – Vol. 32, iss. 4. – P. 1–18. DOI ; РИНЦ		NOT_KEYWORD_MATCHED	NEEDS_DOI_VERSION_AND_AFFILIATION_REVIEW
2025	79	https://www.itp.nsc.ru/publikacii/2025/2025stati/4.html	Tintulova M.V., Naumov I.V., Sharifullin B.R., Shtern V.N. Experimental observations of meridional flow stagnation in a three-fluid vortex // Journal of Engineering Thermophysics. - 2025. - Vol. 34, iss. 1. - P. 54-61. DOI ; РИНЦ		NOT_KEYWORD_MATCHED	NEEDS_DOI_VERSION_AND_AFFILIATION_REVIEW
2025	80	https://www.itp.nsc.ru/publikacii/2025/2025stati/4.html	Gorelikov E.Yu., Litvinov I.V., Butakov E.B., Shtork S.I. Experimental study of flame combustion of pulverized coal fuel in a two-stage vortex burner // Journal of Engineering Thermophysics. - 2025. - Vol. 34, iss. 1. - P. 84-92. DOI ; РИНЦ		NOT_KEYWORD_MATCHED	NEEDS_DOI_VERSION_AND_AFFILIATION_REVIEW
2025	81	https://www.itp.nsc.ru/publikacii/2025/2025stati/5.html	Nazarov A., Starinskaya E., Zherdev A., Miskiv N. Experimental study of heat transfer in single-nozzle non-boiling spray cooling // Journal of Engineering Thermophysics. – 2025. – Vol. 34, iss. 2. – P. 414–427. DOI ; РИНЦ		KEYWORD_CANDIDATE	NEEDS_DOI_VERSION_AND_AFFILIATION_REVIEW
2025	82	https://www.itp.nsc.ru/publikacii/2025/2025stati/5.html	Tolstoguzov R.V., Lavronov K.D., Sharaborin D.K., Dulin V.M. Experimental study of the effect of a weak transverse constant electric field on the temperature distribution in a bunsen burner flame // Combustion, Explosion, and Shock Waves. - 2025. - Vol. 61, iss. 5. - P. 692-698. DOI ; РИНЦ (Толстогузов Р.В., Лавронов К.Д., Шараборин Д.К., Дулин В.М. Экспериментальное исследование влияния слабого поперечного постоянного электрического поля на распределение температуры в пламени горелки бунзена // Физика горения и взрыва. – 2025. – Т. 61, № 5. – С. 60–68. DOI ; РИНЦ )		NOT_KEYWORD_MATCHED	NEEDS_DOI_VERSION_AND_AFFILIATION_REVIEW
2025	83	https://www.itp.nsc.ru/publikacii/2025/2025stati/5.html	Nizovtsev M.I., Letushko V.N., Sterlyagov A.N. Experimental study of the efficiency of a regenerative heat exchanger with an intermediate coolant and drop irrigation // Thermophysics and Aeromechanics. - 2025. - Vol. 32, iss. 1. - P. 129-137. DOI ; РИНЦ (Низовцев М.И., Летушко В.Н., Стерлягов А.Н. Экспериментальное исследование эффективности регенеративного теплообменника с промежуточным теплоносителем и капельным орошением // Теплофизика и аэромеханика. - 2025. - Т. 32, № 1. - С. 143-152. DOI ; РИНЦ )		KEYWORD_CANDIDATE	NEEDS_DOI_VERSION_AND_AFFILIATION_REVIEW
2025	84	https://www.itp.nsc.ru/publikacii/2025/2025stati/5.html	Kuznetsov A.V., Shadrin E.Yu., Lomovsky I.O. Experimental study of the processes of ignition, combustion, thermal decomposition of composite fuel from sawdust and anthracite // Thermal Science. – 2025. – Vol. 29, iss. 6, part A. – P. 4371–4379. DOI ; РИНЦ		NOT_KEYWORD_MATCHED	NEEDS_DOI_VERSION_AND_AFFILIATION_REVIEW
2025	85	https://www.itp.nsc.ru/publikacii/2025/2025stati/5.html	Yarygin V.N., Yarygin I.V., Prikhodko V.G. Features of diagnostics of droplet phase in gas–droplet flow behind a supersonic nozzle during outflow into a vacuum // Journal of Engineering Thermophysics. – 2025. – Vol. 34, iss. 3. – P. 465–472. DOI ; РИНЦ		NOT_KEYWORD_MATCHED	NEEDS_DOI_VERSION_AND_AFFILIATION_REVIEW
2025	86	https://www.itp.nsc.ru/publikacii/2025/2025stati/5.html	Fedyaeva O.N., Semenova S.A., Alekhin S.A., Grebennikov A.P., Lizunov S.A. Features of the combustion of coals in an oxygen atmosphere and water–oxygen fluid at elevated pressure // Russian Journal of Physical Chemistry B. - 2025. - Vol. 19, iss. 8. - P. 1669-1680. DOI ; РИНЦ (Федяева О.Н., Семенова С.А., Алехин С.А., Гребенников А.П., Лизунов С.А. Особенности горения углей в атмосфере кислорода и водокислородного флюида при повышенном давлении // Сверхкритические флюиды: теория и практика. – 2025. – Т. 20, № 3. – С. 8–21. DOI ; РИНЦ )		NOT_KEYWORD_MATCHED	NEEDS_DOI_VERSION_AND_AFFILIATION_REVIEW
2025	87	https://www.itp.nsc.ru/publikacii/2025/2025stati/5.html	Otmakhov O.Yu., Pakhomov M.A., Skibina N.P., Chohar I.A., Terekhov V.I. Features of the flow structure in the mixing chamber of the Coanda ejector // Thermophysics and Aeromechanics. - 2025. - Vol. 32, iss. 3. - P. 609–622. DOI ; РИНЦ (Отмахов О.Ю., Пахомов М.А., Скибина Н.П., Чохар И.А., Терехов В.И. Особенности структуры течения в камере смешения эжектора Коанда // Теплофизика и аэромеханика. – 2025. – Т. 32, № 3. – С. 491–505. DOI ; РИНЦ )		NOT_KEYWORD_MATCHED	NEEDS_DOI_VERSION_AND_AFFILIATION_REVIEW
2025	88	https://www.itp.nsc.ru/publikacii/2025/2025stati/5.html	Boyarshinov B.F. Flow structure and heat and mass transfer near the leading edge of ethanol flame evaporating in the boundary layer behind a rib and behind a backward-facing step // Combustion, Explosion, and Shock Waves. - 2025. - Vol. 61, iss. 5. - P. 656-666. DOI ; РИНЦ (Бояршинов Б.Ф. Структура течения и тепло-массообмен вблизи передней кромки пламени этанола, испаряющегося в пограничном слое за ребром и за уступом // Физика горения и взрыва. – 2025. – Т. 61, № 5. – С. 18–29. DOI ; РИНЦ )		KEYWORD_CANDIDATE	NEEDS_DOI_VERSION_AND_AFFILIATION_REVIEW
2025	89	https://www.itp.nsc.ru/publikacii/2025/2025stati/5.html	Zaikovsky A. Formation of carbon bamboo-like nanostructures on silicon-containing nanoparticles // The European Physical Journal B. – 2025. – Vol. 98, iss. 5. – 111. - 7 p. DOI ; РИНЦ		NOT_KEYWORD_MATCHED	NEEDS_DOI_VERSION_AND_AFFILIATION_REVIEW
2025	90	https://www.itp.nsc.ru/publikacii/2025/2025stati/5.html	Starinskaya E.M., Rodionov A.A., Safonov A.I., Sulyaeva V.S., Miskiv N.B., Starinskiy S.V. Formation of uniform spatial distribution of Fe 3 O 4 nanoparticles during evaporation of a magnetic nanofluid droplet on a biphilic surface // International Journal of Heat and Mass Transfer. – 2025. – Vol. 239. – 126602. DOI ; РИНЦ		KEYWORD_CANDIDATE	NEEDS_DOI_VERSION_AND_AFFILIATION_REVIEW
2025	91	https://www.itp.nsc.ru/publikacii/2025/2025stati/5.html	Strizhak P.A., Alekseenko S.V., Manakov A.Yu., Podgornaya E.R., Shkola M.V., Shlegel' N.E. Gas hydrate energy technologies: problems and achievements // Thermal Engineering. - 2025. - Vol. 72, iss. 12. - P. 993-1033. DOI ; РИНЦ (Стрижак П.А., Алексеенко С.В., Манаков А.Ю., Подгорная Е.Р., Школа М.В., Шлегель Н.Е. Газогидратные энергетические технологии: проблемы и достижения // Теплоэнергетика. – 2025. – № 12. – C. 5–49. DOI ; РИНЦ )		NOT_KEYWORD_MATCHED	NEEDS_DOI_VERSION_AND_AFFILIATION_REVIEW
2025	92	https://www.itp.nsc.ru/publikacii/2025/2025stati/5.html	Yarygin V.N., Prikhod'ko V.G., Yarygin I.V. Gas-dynamic aspects of the influence of homogeneous condensation on the flow structure of an underexpanded low-density supersonic jet // Journal of Applied Mechanics and Technical Physics. - 2025. - Vol. 66, iss. 5. - P. 956-960. DOI ; РИНЦ (Ярыгин В.Н., Приходько В.Г., Ярыгин И.В. Газодинамические аспекты влияния гомогенной конденсации на структуру течения сверхзвуковой недорасширенной струи малой плотности // Прикладная механика и техническая физика. – 2025. – № 5 (393). – С. 151–156. DOI ; РИНЦ )		KEYWORD_CANDIDATE	NEEDS_DOI_VERSION_AND_AFFILIATION_REVIEW
2025	93	https://www.itp.nsc.ru/publikacii/2025/2025stati/5.html	Emelyanov A.A., Plotnikov M.Yu., Timoshenko N.I., Yudin I.B. Gas-jet MPCVD synthesis of diamond coatings at different pressures in the deposition chamber // Interfacial Phenomena Heat Transfer. – 2025. – Vol. 13, iss. 1. – P. 45–53. DOI ; РИНЦ		KEYWORD_CANDIDATE	NEEDS_DOI_VERSION_AND_AFFILIATION_REVIEW
2025	94	https://www.itp.nsc.ru/publikacii/2025/2025stati/5.html	Ronshin F.V., Zorkina A.I., Rednikov A., Tadrist L., Kabov O.A. Generalized Labuntsov–Yagov model for single sessile vapor bubble growth in microgravity // Fluid Dynamics. - 2025. - Vol. 60, iss. 8. - 162. - 13 p. DOI ; РИНЦ		NOT_KEYWORD_MATCHED	NEEDS_DOI_VERSION_AND_AFFILIATION_REVIEW
2025	95	https://www.itp.nsc.ru/publikacii/2025/2025stati/5.html	Samoshkin D.A., Abdullaev R.N., Agazhanov A.Sh., Stankus S.V. Heat capacity of magnesium–lithium alloys with 5–17 at % Li // Journal of Engineering Thermophysics. – 2025. – Vol. 34, iss. 3. – P. 473–479. DOI ; РИНЦ		NOT_KEYWORD_MATCHED	NEEDS_DOI_VERSION_AND_AFFILIATION_REVIEW
2025	96	https://www.itp.nsc.ru/publikacii/2025/2025stati/5.html	Samoshkin D.A., Stankus S.V. Heat capacity of yttria fully stabilized zirconia in the temperature range of 300–1270 K // Thermophysics and Aeromechanics. - 2025. - Vol. 32, iss. 1. - P. 183-190. DOI ; РИНЦ (Самошкин Д.А., Станкус С.В. Удельная теплоемкость диоксида циркония, полностью стабилизированного оксидом иттрия, в интервале температур 300–1270 K // Теплофизика и аэромеханика. – 2025. – Т. 32, № 1. – С. 199–207. DOI ; РИНЦ )		NOT_KEYWORD_MATCHED	NEEDS_DOI_VERSION_AND_AFFILIATION_REVIEW
2025	97	https://www.itp.nsc.ru/publikacii/2025/2025stati/5.html	Kolosovsky D.A., Ponomarev S.A., Zhivodkov Yu.A., Golyashov V.A., Yegiyan S.R., Starinskiy S.V. Heat flux sensor based on thin film YBCO // Optoelectronics, Instrumentation and Data Processing. - 2025. - Vol. 61, iss. 6. - P. 705–713. DOI ; РИНЦ (Колосовский Д.А., Пономарев С.А., Живодков Ю.А., Голяшов В.А., Егиян С.Р., Старинский С.В. Датчик теплового потока на основе тонкой пленки YBCO // Автометрия. – 2025. – Т. 61, № 6. – С. 33–42. DOI ; РИНЦ )		KEYWORD_CANDIDATE	NEEDS_DOI_VERSION_AND_AFFILIATION_REVIEW
2025	98	https://www.itp.nsc.ru/publikacii/2025/2025stati/5.html	Kabov O.A., Kuznetsov V.V. Heat transfer and fluid dynamics modelling in shear-driven liquid film cooling system of microelectronic equipment // Fluid Dynamics. – 2025. – Vol. 60, iss. 8. – 167. – 17 p. DOI ; РИНЦ		KEYWORD_CANDIDATE	NEEDS_DOI_VERSION_AND_AFFILIATION_REVIEW
2025	99	https://www.itp.nsc.ru/publikacii/2025/2025stati/5.html	Zhukov V.E., Mezentseva N.N. Heat transfer and hydraulic losses in a channel with spherical intensifiers during circulation of a non-azeotropic alcohol-water mixture // Thermophysics and Aeromechanics. - 2025. - Vol. 32, iss. 3. - P. 689–699. DOI ; РИНЦ (Жуков В.Е., Мезенцева Н.Н. Теплоотдача и гидравлические потери в канале со сферическими интенсификаторами при циркуляции неазеотропной спирто-водяной смеси // Теплофизика и аэромеханика. – 2025. – Т. 32, № 3. – С. 573–584. DOI ; РИНЦ )		KEYWORD_CANDIDATE	NEEDS_DOI_VERSION_AND_AFFILIATION_REVIEW
2025	100	https://www.itp.nsc.ru/publikacii/2025/2025stati/5.html	Gogonin I.I., Volodin O.A. Heat transfer and hydrodynamics during condensation of stagnant vapor on horizontal finned-tube bundles: a brief review // Journal of Engineering Thermophysics. – 2025 – Vol. 34, iss. 4. – P. 721–738. DOI ; РИНЦ		KEYWORD_CANDIDATE	NEEDS_DOI_VERSION_AND_AFFILIATION_REVIEW
2025	101	https://www.itp.nsc.ru/publikacii/2025/2025stati/6.html	Zhukov V.E., Mezentseva N.N. Heat transfer and pressure drop in water circulation in heated channel with spiral intensifiers with hydrophobic coating // Journal of Engineering Thermophysics. – 2025. – Vol. 34, iss. 2. – P. 333–345. DOI ; РИНЦ		KEYWORD_CANDIDATE	NEEDS_DOI_VERSION_AND_AFFILIATION_REVIEW
2025	102	https://www.itp.nsc.ru/publikacii/2025/2025stati/6.html	Terekhov V.I., Dyachenko A.Yu., Smulsky Ya.J. Heat transfer control in a separated flow behind a backward-facing step using tabs of various shapes // Thermophysics and Aeromechanics. - 2025. - Vol. 32, iss. 5. - P. 1119–1128. DOI (Терехов В.И., Дьяченко А.Ю., Смульский Я.И. Управление теплообменом в отрывном течении за обратным уступом с помощью табов различной формы // Теплофизика и аэромеханика. – 2025. – Т. 32, № 5. – С. 927–936. DOI ; РИНЦ )		KEYWORD_CANDIDATE	NEEDS_DOI_VERSION_AND_AFFILIATION_REVIEW
2025	103	https://www.itp.nsc.ru/publikacii/2025/2025stati/6.html	Shvetsov D.A., Zhukov V.I., Pavlenko A.N. Heat transfer enhancement during boiling in horizontal layers of HFE-7100 on 2D modulated capillary-porous coatings // Applied Thermal Engineering. - 2025. - Vol. 263. - 125344. - 86 p. DOI ; РИНЦ		KEYWORD_CANDIDATE	NEEDS_DOI_VERSION_AND_AFFILIATION_REVIEW
2025	104	https://www.itp.nsc.ru/publikacii/2025/2025stati/6.html	Pecherkin N.I., Volodin O.A., Das M.K., Pavlenko A.N., Kataev A.I., Mironova I.B. Heat transfer enhancement in falling liquid films on an array of horizontal tubes with plasma spray porous coating // Applied Thermal Engineering. – 2025. – Vol. 263. – 125288. DOI ; РИНЦ		KEYWORD_CANDIDATE	NEEDS_DOI_VERSION_AND_AFFILIATION_REVIEW
2025	105	https://www.itp.nsc.ru/publikacii/2025/2025stati/6.html	Barsukov A.V., Antonov D.V., Nazarov A.D., Miskiv N.B., Nazarov N.A., Terekhov V.V., Shchepakina E.A., Sobolev V.A., Sazhin S.S. Heating and evaporation of a multi-component liquid film: Effects of heat flux at the wall and continuous supply of liquid // Physics of Fluids. - 2025. - Vol. 37, iss. 12. - 122108. DOI ; РИНЦ		KEYWORD_CANDIDATE	NEEDS_DOI_VERSION_AND_AFFILIATION_REVIEW
2025	106	https://www.itp.nsc.ru/publikacii/2025/2025stati/6.html	Sitnikov V.O., Gatapova E.Ya. HFE-7100 droplet interaction with a superheated surface // Journal of Engineering Thermophysics. - 2025. - Vol. 34, iss. 1. - P. 74-83. DOI ; РИНЦ		NOT_KEYWORD_MATCHED	NEEDS_DOI_VERSION_AND_AFFILIATION_REVIEW
2025	107	https://www.itp.nsc.ru/publikacii/2025/2025stati/6.html	Vozhakov I.S., Misyura S.Y., Morozov V.S., Piskunov M.V., Piskunova A.E., Orlova E.G., Mullyadzhanov R.I. High-speed droplet impact on solid surfaces: review on the prospects of modeling fluid flow // Experiments in Fluids. – 2025. – Vol. 66, iss. 3. – 65. - 23 p. DOI ; РИНЦ		NOT_KEYWORD_MATCHED	NEEDS_DOI_VERSION_AND_AFFILIATION_REVIEW
2025	108	https://www.itp.nsc.ru/publikacii/2025/2025stati/6.html	Verkhodanov D., Khomutov N., Piskunov M., Vozhakov I., Starinskiy S., Safonov A., Smirnov N. High-speed impact of water droplets on microtextured surfaces: Effect of roughness and wettability on corona splashing // Experimental Thermal and Fluid Science. – 2025. - Vol. 171. - 111618. DOI ; РИНЦ		NOT_KEYWORD_MATCHED	NEEDS_DOI_VERSION_AND_AFFILIATION_REVIEW
2025	109	https://www.itp.nsc.ru/publikacii/2025/2025stati/6.html	Faizullin M.Z., Tomin A.S., Vinogradov A.V., Koverda V.P. Hydrate formation in gas-saturated layers of amorphous ice with crystalline nuclei // Russian Journal of Physical Chemistry A. - 2025. - Vol. 99, iss. 7. - P. 1594-1599. DOI ; РИНЦ		NOT_KEYWORD_MATCHED	NEEDS_DOI_VERSION_AND_AFFILIATION_REVIEW
2025	110	https://www.itp.nsc.ru/publikacii/2025/2025stati/6.html	Gogonin I.I., Volodin O.A. Hydrodynamics and heat and mass transfer during condensation of moving vapor on bundles of smooth horizontal tubes: a brief review // Journal of Engineering Thermophysics. – 2025. – Vol. 34, iss. 2. – Р. 346–366. DOI ; РИНЦ		KEYWORD_CANDIDATE	NEEDS_DOI_VERSION_AND_AFFILIATION_REVIEW
2025	111	https://www.itp.nsc.ru/publikacii/2025/2025stati/6.html	Lukashov V.V., Lemanov V.V., Tupikin A.V., Fedorenko V.A., Sharov K.A. Hydrodynamics and heat transfer of a laminar jet impinging on a catalytic surface // Thermophysics and Aeromechanics. - 2025. - Vol. 32, iss. 2. - P. 315-320. DOI ; РИНЦ (Лукашов, В.В., Леманов, А.В., Тупикин, А.В., Федоренко, В.А., Шаров, К.А. Гидродинамика и теплообмен при натекании импактной ламинарной струи на каталитическую поверхность // Теплофизика и аэромеханика. – 2025. – Т. 32, № 2. – С. 259–264. DOI ; РИНЦ )		KEYWORD_CANDIDATE	NEEDS_DOI_VERSION_AND_AFFILIATION_REVIEW
2025	112	https://www.itp.nsc.ru/publikacii/2025/2025stati/6.html	Skripkin S.G., Tintulova M.V., Naumov I.V., Shtern V.N. Hysteresis and bifurcations at spin up and spin down of a two-liquid vortex // Physics of Fluids. – 2025. – Vol. 37, iss. 5. – 054102. - 11 p. DOI ; РИНЦ		NOT_KEYWORD_MATCHED	NEEDS_DOI_VERSION_AND_AFFILIATION_REVIEW
2025	113	https://www.itp.nsc.ru/publikacii/2025/2025stati/6.html	Dekterev Ar.A., Dekterev A.A., Sentyabov A.V., Filimonov S.A. Implementation of a numerical model for the cycloidal rotor aerodynamics // Eurasian Journal of Mathematical and Computer Applications. – 2025. – Vol. 13, iss. 2. – P. 43–49. DOI ; РИНЦ		NOT_KEYWORD_MATCHED	NEEDS_DOI_VERSION_AND_AFFILIATION_REVIEW
2025	114	https://www.itp.nsc.ru/publikacii/2025/2025stati/6.html	Khmel S., Pinaev V., Petrova A., Maximovskiy E., Fedorenko A., Sulyaeva V., Safonov A. Improving the surface wettability of polytetrafluoroethylene using a ferromagnetic enhanced inductively coupled Ar plasma // Vacuum. – 2025. – Vol. 244, part A. - 114865. DOI ; РИНЦ		NOT_KEYWORD_MATCHED	NEEDS_DOI_VERSION_AND_AFFILIATION_REVIEW
2025	115	https://www.itp.nsc.ru/publikacii/2025/2025stati/6.html	Shestakov M.V. Influence of a sweeping jet on the flow structure in a slot channel with flow blockage // Thermophysics and Aeromechanics. - 2025. - Vol. 32, iss. 3. - P. 637-643. DOI ; РИНЦ (Шестаков М.В. Влияние колеблющейся струи на структуру течения в щелевом зазоре с блокировкой потока // Теплофизика и аэромеханика. – 2025. – Т. 32, № 3. – С. 521–528. DOI ; РИНЦ )		NOT_KEYWORD_MATCHED	NEEDS_DOI_VERSION_AND_AFFILIATION_REVIEW
2025	116	https://www.itp.nsc.ru/publikacii/2025/2025stati/6.html	Vinokurov V.V., Vinokurov V.A., Pukhovoy M.V., Kabov O.A. Influence of cooling water flux on the temperature of the vacuum window components of Novosibirsk synchrotron wigler stations // Eurasian Journal of Mathematical and Computer Applications. – 2025. – Vol. 13, iss. 2. – P. 105–111. DOI ; РИНЦ		KEYWORD_CANDIDATE	NEEDS_DOI_VERSION_AND_AFFILIATION_REVIEW
2025	117	https://www.itp.nsc.ru/publikacii/2025/2025stati/6.html	Kong D., Li X., Bi R., Liu C., Niu X., Isaev S.A., Terekhov V.I., Penyazkov O.G. Influence of mist droplet injection and blowing ratio on mist/steam showerhead film cooling on a first-stage vane of hydrogen gas turbine // Applied Thermal Engineering. – 2025. – Vol. 280, part 3. – 128373. DOI ; РИНЦ		KEYWORD_CANDIDATE	NEEDS_DOI_VERSION_AND_AFFILIATION_REVIEW
2025	118	https://www.itp.nsc.ru/publikacii/2025/2025stati/6.html	Sleptsov S.D., Savvinova N.A. Influence of optical properties of two-phase medium on intensity of melting of layer of cloudy ice // Journal of Engineering Thermophysics. - 2025. - Vol. 34, iss. 1. - P. 93-106. DOI ; РИНЦ		NOT_KEYWORD_MATCHED	NEEDS_DOI_VERSION_AND_AFFILIATION_REVIEW
2025	119	https://www.itp.nsc.ru/publikacii/2025/2025stati/6.html	Kovalev A.V., Yagodnitsyna A.A., Bilsky A.V. Influence of surfactants on the slug flow of immiscible liquids in a curved microchannel // Thermophysics and Aeromechanics. - 2025. - Vol. 32, iss. 4. - P. 897–903. DOI ; РИНЦ (Ковалев А.В., Ягодницына А.А., Бильский А.В. Влияние поверхностно-активных веществ на снарядный режим течения несмешивающихся жидкостей в криволинейном микроканале // Теплофизика и аэромеханика. – 2025. – Т. 32, № 4. – С. 715–721. DOI ; РИНЦ )		KEYWORD_CANDIDATE	NEEDS_DOI_VERSION_AND_AFFILIATION_REVIEW
2025	120	https://www.itp.nsc.ru/publikacii/2025/2025stati/6.html	Kashkarova M.V., Kravtsov Yu.V., Naumov I.V., Kravtsova A.Yu. Influence of the mass flow rate ratio of inlet flows in microchannels on their mixing efficiency: modeling and experiment // Thermophysics and Aeromechanics. 2025. - Vol. 32, iss. 4. - P. 867–876. DOI ; РИНЦ (Кашкарова М.В., Кравцов Ю.В., Наумов И.В., Кравцова А.Ю. Влияние отношения массовых расходов входных потоков в микроканалах на эффективность их смешения: моделирование и эксперимент // Теплофизика и аэромеханик. – 2025. – Т. 32, № 4. – С. 683–693. DOI ; РИНЦ )		KEYWORD_CANDIDATE	NEEDS_DOI_VERSION_AND_AFFILIATION_REVIEW
2025	121	https://www.itp.nsc.ru/publikacii/2025/2025stati/7.html	Plotnikov M.Yu., Shkarupa E.V. Influence of the particle collision model on the results of heat flow calculations in a rarefied gas by the Direct Simulation Monte Carlo method // Thermophysics and Aeromechanics. - 2025. - Vol. 32, iss. 2. - P. 405-414. DOI ; РИНЦ (Плотников М.Ю., Шкарупа Е.В. Влияние модели столкновений частиц на результаты расчета прямым статистическим моделированием теплового потока в разреженном газе // Теплофизика и аэромеханика. - 2025. - Т. 32, № 2. - С. 357-366. РИНЦ )		KEYWORD_CANDIDATE	NEEDS_DOI_VERSION_AND_AFFILIATION_REVIEW
2025	122	https://www.itp.nsc.ru/publikacii/2025/2025stati/7.html	Zudov V.N., Tupikin A.V., Abashev V.M. Initiation of combustion in pseudoshock by gas-dynamic pulses with hydrogen supply from wall // Combustion, Explosion, and Shock Waves. - 2025. - Vol. 61, iss. 4. - P. 524-528. DOI ; РИНЦ (Зудов, В.Н., Тупикин, А.В., Абашев, В.М. Инициирование горения в псевдоскачке газодинамическими импульсами при подаче водорода со стенки // Физика горения и взрыва. – 2025. – Т. 61, № 4. – С. 29–34. DOI ; РИНЦ )		NOT_KEYWORD_MATCHED	NEEDS_DOI_VERSION_AND_AFFILIATION_REVIEW
2025	123	https://www.itp.nsc.ru/publikacii/2025/2025stati/7.html	Luzgin N.K., Sidorenko A.A., Budovsky A.D., Gobyzov O.A. Investiation of shock-wave/boundary-layer interaction by panoramic methods // Journal of Applied Mechanics and Technical Physics. - 2025. - Vol. 66, iss. 2. - P. 202-213. DOI ; РИНЦ (Лузгин Н.К., Сидоренко А.А., Будовский А.Д., Гобызов О.А. Исследование взаимодействия ударной волны с пограничным слоем панорамными методами // Прикладная механика и техническая физика. - 2025. - № 2 (390). - С. 29-41. DOI ; РИНЦ )		NOT_KEYWORD_MATCHED	NEEDS_DOI_VERSION_AND_AFFILIATION_REVIEW
2025	124	https://www.itp.nsc.ru/publikacii/2025/2025stati/7.html	Nikitin A.D., Abaimov N.A., Ershov M.I., Tuponogov V.G., Simbiryatin L.V., Ryzhkov A.F., Alekseenko S.V. Investigation of air-blown biomass gasification in a pilot setup // Thermophysics and Aeromechanics. - 2025. - Vol. 32, iss. 1. - P. 171-178. DOI ; РИНЦ (Никитин А.Д., Абаимов Н.А., Ершов М.И., Тупоногов В.Г., Симбирятин Л.В., Рыжков А.Ф., Алексеенко С.В. Исследование воздушной газификации биомассы в пилотной установке // Теплофизика и аэромеханика. - 2025. - Т. 32, № 1. - С. 185-192. DOI ; РИНЦ )		NOT_KEYWORD_MATCHED	NEEDS_DOI_VERSION_AND_AFFILIATION_REVIEW
2025	125	https://www.itp.nsc.ru/publikacii/2025/2025stati/7.html	Nuriakhmetov Z.N., Chernousov Y.D., Smovzh D.V., Andryushchenko V.A. Investigation of EMI-shielding properties of buckypaper manufactured with an easily scalable method // Nanotechnology. - 2025. - Vol. 36, iss. 9. - 095705. DOI ; РИНЦ		NOT_KEYWORD_MATCHED	NEEDS_DOI_VERSION_AND_AFFILIATION_REVIEW
2025	126	https://www.itp.nsc.ru/publikacii/2025/2025stati/7.html	Vitovsky O.V., Makarov M.S., Lebeda K.S., Naumkin V.S. Investigation of heat transfer during the flow of a mixture of gases with a small Prandtl number in a rod assembly with separating grids // Thermophysics and Aeromechanics. - 2025. - Vol. 32, iss. 1. - P. 45-50. DOI ; РИНЦ (Витовский О.В., Макаров М.С., Лебеда К.С., Наумкин В.С. Исследование теплообмена при течении смеси газов с малым числом Прандтля в стержневой сборке с разделительными решетками // Теплофизика и аэромеханика. – 2025. – T. 32, № 1. – С. 49–54. DOI ; РИНЦ )		KEYWORD_CANDIDATE	NEEDS_DOI_VERSION_AND_AFFILIATION_REVIEW
2025	127	https://www.itp.nsc.ru/publikacii/2025/2025stati/7.html	Bobrov M.S., Hrebtov M.Yu. Investigation of low-frequency oscillations under conditions of inhomogeneous thermal convection // Thermophysics and Aeromechanics. - 2025. - Vol. 32, iss. 4. - P. 801–817. DOI ; РИНЦ (Бобров М.С., Хребтов М.Ю. Исследование низкочастотных колебаний в условиях неоднородной тепловой конвекции // Теплофизика и аэромеханика. – 2025. – Т. 32, № 4. – P. 617–634. DOI ; РИНЦ )		NOT_KEYWORD_MATCHED	NEEDS_DOI_VERSION_AND_AFFILIATION_REVIEW
2025	128	https://www.itp.nsc.ru/publikacii/2025/2025stati/7.html	Lebedev A.S., Savitsky A.G., Severin A.S., Dulin V.M., Skryabikov S.V., Vishev A.V. Investigation of pneumatic nozzle operation features over a wide range of pressure characteristics using laser time-of-flight method // Optoelectronics, Instrumentation and Data Processing. – 2025. – Vol. 61, iss. 3. – P. 376–384. DOI ; РИНЦ (Лебедев А.С., Савицкий А.Г., Северин А.С., Дулин В.М., Скрябиков С.В., Вишев А.В. Исследование лазерным времяпролётным методом особенностей работы пневматических форсунок в широком диапазоне напорных характеристик // Автометрия. – 2025. – Т. 61, № 3. – С. 103-113. DOI ; РИНЦ )		NOT_KEYWORD_MATCHED	NEEDS_DOI_VERSION_AND_AFFILIATION_REVIEW
2025	129	https://www.itp.nsc.ru/publikacii/2025/2025stati/7.html	Sadkin I.S., Shadrin E.Yu., Kopyev E.P. Investigation of steam-jet liquid fuel combustion as low NO x and CO emission approach in high-pressure combustion chambers // Energy. - 2025. - Vol. 336. - 138409. DOI ; РИНЦ (Садкин И.С., Шадрин Е.Ю., Копьев Е.П. Исследование пароструйного сжигания в качестве способа достижения сверхнизких выбросов СО и NO x в камерах сгорания повышенного давления // Тепловые процессы в технике. – 2025. – Т. 17, № 2. – С. 89–99. РИНЦ )		NOT_KEYWORD_MATCHED	NEEDS_DOI_VERSION_AND_AFFILIATION_REVIEW
2025	130	https://www.itp.nsc.ru/publikacii/2025/2025stati/7.html	Sorokin M.I., Kushnarev D.A., Tokarev M.P., Dulin V.M. Investigation of the dynamics of large eddies in the near zone of an axisymmetric free jet in the case with local pulsed injection in the coaxial and transverse directions // Thermophysics and Aeromechanics. - 2025. - Vol. 32, iss. 2. - P. 327-332. DOI ; РИНЦ (Сорокин М.И., Кушнарев Д.А., Токарев М.П., Дулин В.М. Исследование динамики крупных вихрей в ближней области свободной осесимметричной струи при локальном пульсирующим вдуве в соосном и поперечном направлениях // Теплофизика и аэромеханика. – 2025. – Т. 32, № 2. – С. 271–277. DOI ; РИНЦ )		NOT_KEYWORD_MATCHED	NEEDS_DOI_VERSION_AND_AFFILIATION_REVIEW
2025	131	https://www.itp.nsc.ru/publikacii/2025/2025stati/7.html	Evdokimenko I.A., Lobanov P.D., Chinak A.V., Filippskii K.A., Si-Ahmed E.K., Gentric C., Blel W., Legrand J. Investigation of the hydrodynamic structure of a detached two-phase bubble flow and the heat exchange in a rectangular channel with an obstacle // Journal of Engineering Physics and Thermophysics. − 2025. − Vol. 98, iss. 1. − P. 173−182. DOI ; РИНЦ (Евдокименко И.А., Лобанов П.Д., Чинак А.В., Филиппский К.А., Si-Ahmed E.K., Gentric C., Blel W., Legrand J. Исследование гидродинамической структуры двухфазного пузырькового отрывного течения и теплообмена в прямоугольном канале с одиночной преградой // Инженерно-физический журнал. – 2025. – Т. 98, № 1. – С. 174–182. РИНЦ )		KEYWORD_CANDIDATE	NEEDS_DOI_VERSION_AND_AFFILIATION_REVIEW
2025	132	https://www.itp.nsc.ru/publikacii/2025/2025stati/7.html	Kravtsova A.Yu., Skripkin S.G., Sharifullin B.R., Litvinova D.V., Sikovsky D.Ph., Markovich D.M. Investigation of the mechanisms of gas-vapor cavity formation in a slit channel using spectral analysis of pressure pulsations // Thermophysics and Aeromechanics. - 2025. - Vol. 32, iss. 1. - P. 115-120. DOI ; РИНЦ (Кравцова А.Ю., Скрипкин С.Г., Шарифуллин Б.Р., Литвинова Д.В., Сиковский Д.Ф., Маркович Д.М. Исследование механизмов развития кавитационных полостей в щелевом канале с использованием спектральной диагностики пульсаций давления // Теплофизика и аэромеханика. - 2025. - Т. 32, № 1. - С. 127-132. DOI ; РИНЦ )		NOT_KEYWORD_MATCHED	NEEDS_DOI_VERSION_AND_AFFILIATION_REVIEW
2025	133	https://www.itp.nsc.ru/publikacii/2025/2025stati/7.html	Meleshkin A.V., Marasanov N.V., Knyazkov V.A., Klimov B.A. Investigation of the process carbon dioxide hydrate formation in a colloidal solution containing Al 2 O 3 nanoparticles and sodium dodecyl sulfate // Interfacial Phenomena and Heat Transfer. − 2025. − Vol. 13, iss. 4. − P. 41–50. DOI ; РИНЦ		KEYWORD_CANDIDATE	NEEDS_DOI_VERSION_AND_AFFILIATION_REVIEW
2025	134	https://www.itp.nsc.ru/publikacii/2025/2025stati/7.html	Yaskin A.S., Zarvin A.E., Kabov O.A., Kochkin D.Y., Mungalov A.S., Kalyada V.V., Dubrovin K.A., Cheverda V.V., Sibiryakov N.E., Khudozhitkov V.E. Investigation of the specifics of steady liquid flow through a submillimeter hole under vacuum conditions // Fluid Dynamics. - 2025. - Vol. 60, iss. 7. - 153 - 9 p. DOI ; РИНЦ		NOT_KEYWORD_MATCHED	NEEDS_DOI_VERSION_AND_AFFILIATION_REVIEW
2025	135	https://www.itp.nsc.ru/publikacii/2025/2025stati/7.html	Kopyev E.P., Mukhina M.A., Sadkin I.S., Shadrin E.Yu. Investigation of the steam injection method used to reduce emissions during liquefied petroleum gas combustion in an atmospheric burner // Arabian Journal for Science and Engineering. - 2025. - Vol. 50. - P. 5265–5277. DOI ; РИНЦ		NOT_KEYWORD_MATCHED	NEEDS_DOI_VERSION_AND_AFFILIATION_REVIEW
2025	136	https://www.itp.nsc.ru/publikacii/2025/2025stati/7.html	Agazhanov A.Sh., Khairulin R.A., Abdullaev R.N., Khairulin A.R., Stankus S.V. Ionic complexes in liquid Li–K–Pb alloys // Journal of Molecular Liquids. – 2025. – Vol. 424. – 127090. DOI ; РИНЦ		NOT_KEYWORD_MATCHED	NEEDS_DOI_VERSION_AND_AFFILIATION_REVIEW
2025	137	https://www.itp.nsc.ru/publikacii/2025/2025stati/7.html	Peschenyuk Y.A., Ayvazyan G.Ye., Semenov A.A., Lebedev M.S., Gatapova E.Y. Isothermal evaporation of a thin liquid droplet on porous surfaces: measurements of thicknesses by the schlieren method // Journal of Engineering Thermophysics. – 2025. – Vol. 34, iss. 2. – P. 305–311. DOI ; РИНЦ		KEYWORD_CANDIDATE	NEEDS_DOI_VERSION_AND_AFFILIATION_REVIEW
2025	138	https://www.itp.nsc.ru/publikacii/2025/2025stati/7.html	Kabardin P.A., Lukashov V.V., Tupikin A.V. Jet flame flashback during combustion of CH 4 /H 2 and NH 3 /H 2 mixtures in air // Thermophysics and Aeromechanics. - 2025. - Vol. 32, iss. 4. - P. 921-925. DOI ; РИНЦ (Кабардин, П.А., Лукашов, В.В., Тупикин, А.В. Проскок струйного пламени при горении в воздухе смесей CH 4 /H 2 и NH 3 /H 2 // Теплофизика и аэромеханика. – 2025. – Т. 32, № 4. – С. 739–744. DOI ; РИНЦ )		NOT_KEYWORD_MATCHED	NEEDS_DOI_VERSION_AND_AFFILIATION_REVIEW
2025	139	https://www.itp.nsc.ru/publikacii/2025/2025stati/7.html	Morozov A.A., Titarev V.A. Kinetic modeling of pulsed laser evaporation into vacuum: Calculation of the collisional region size for time-of-flight distribution analysis // Physics of Fluids. – 2025. – Vol. 37, iss. 9. – 096149. DOI ; РИНЦ		KEYWORD_CANDIDATE	NEEDS_DOI_VERSION_AND_AFFILIATION_REVIEW
2025	140	https://www.itp.nsc.ru/publikacii/2025/2025stati/7.html	Filimonov S., Gavrilov A., Sukhanovskii A., Vasiliev A., Frick P. Large aspect ratio Rayleigh–Bénard convection perturbed by a floating immersed body // Journal of Fluid Mechanics. – 2025. – Vol. 1022. – A 41. DOI ; РИНЦ		NOT_KEYWORD_MATCHED	NEEDS_DOI_VERSION_AND_AFFILIATION_REVIEW
2025	141	https://www.itp.nsc.ru/publikacii/2025/2025stati/8.html	Lutchenko I.I., Palkin E.V., Hrebtov M.Yu., Mullyadzhanov R.I., Alekseenko S.V. Large-eddy simulations of Francis turbine flow control by radial jets // Physics of Fluids. – 2025. – Vol. 37, iss. 2. - 025107. DOI ; РИНЦ		NOT_KEYWORD_MATCHED	NEEDS_DOI_VERSION_AND_AFFILIATION_REVIEW
2025	142	https://www.itp.nsc.ru/publikacii/2025/2025stati/8.html	Mucci А., Suret Р., Copie А., Randoux S., Mullyadzhanov R., Gelash A. Manipulation of strongly interacting solitons in optical fiber experiments // Physical Review Letters. – 2025. – Vol. 134, iss. 19. – 193804. DOI ; РИНЦ		NOT_KEYWORD_MATCHED	NEEDS_DOI_VERSION_AND_AFFILIATION_REVIEW
2025	143	https://www.itp.nsc.ru/publikacii/2025/2025stati/8.html	Antonov D.V., Sazhin S.S., Strizhak P.A., Nagatkina O.V. Mathematical modelling of targeted delivery of medicines to a respiratory tract // Fluid Dynamics. - 2025. - Vol. 60, iss. 2. - 30. - 12 p. DOI ; РИНЦ (Антонова Д.В., Сажин С.С., Стрижак П.А., Нагаткина О.В. Математическое моделирование адресного распыления лекарственных препаратов в дыхательные пути // Известия Российской Академии наук. Механика жидкости и газа. – 2025. – № 2. – С. 3–14. DOI ; РИНЦ )		NOT_KEYWORD_MATCHED	NEEDS_DOI_VERSION_AND_AFFILIATION_REVIEW
2025	144	https://www.itp.nsc.ru/publikacii/2025/2025stati/8.html	Verkhodanov D., Piskunova A., Piskunov M., Vozhakov I., Safonov A., Starinskiy S.V., Smirnov N. Maximum spreading-based method for determining the pre-rebounding sliding length of a water droplet after impact on an inclined superhydrophobic textured surface // International Journal of Multiphase Flow. – 2025. – Vol. 189. – 105257. DOI ; РИНЦ		NOT_KEYWORD_MATCHED	NEEDS_DOI_VERSION_AND_AFFILIATION_REVIEW
2025	145	https://www.itp.nsc.ru/publikacii/2025/2025stati/8.html	Kalashnikova D.A., Romanov S.E., Maksimov D.A., Plokhikh I.A., Epifanov R.Yu., Mullyadjanov R.I., Sidelnikov L.O., Antoshina P.A., Osipov Ya.A., Shloma V.V., Budilina A.A., Samoylova E.M., Baklaushev V.P., Laktionov P.P. Measurable metrics of mesenchymal stem cell aging // Modern Technologies in Medicine. - 2025. - Vol. 17, iss. 5. - P. 5-30. DOI (Калашникова Д.А., Романов С.Е., Максимов Д.А., Плохих И.А., Епифанов Р.Ю., Мулляджанов Р.И., Сидельников Л.О., Антошина П.А., Осипов Я.А., Шлома В.В., Будилина А.А., Самойлова Е.М., Баклаушев В.П., Лактионов П.П. Измеримые метрики клеточного старения мезенхимальных стволовых клеток // Современные технологии в медицине. – 2025. – Т. 17, № 5. – Р. 5–32. РИНЦ )		NOT_KEYWORD_MATCHED	NEEDS_DOI_VERSION_AND_AFFILIATION_REVIEW
2025	146	https://www.itp.nsc.ru/publikacii/2025/2025stati/8.html	Surtaev A.S., Perminov P.O., Malakhov I.P., Polovnikov M.A., Chernyavskiy A.N. Measurement of dry spot features during boiling using neural network processing of high-speed visualization // Thermal Engineering. – 2025. – Vol. 72, iss. 6. – Р. 473–482. DOI ; РИНЦ (Суртаев А.С., Перминов П.О., Малахов И.П., Половников М.А., Чернявский А.Н. Метод детектирования и измерения характеристик сухих пятен при кипении с использованием свёрточных нейронных сетей и высокоскоростной визуализации // Теплоэнергетика. – 2025. – № 6. – С. 45–55. DOI ; РИНЦ )		KEYWORD_CANDIDATE	NEEDS_DOI_VERSION_AND_AFFILIATION_REVIEW
2025	147	https://www.itp.nsc.ru/publikacii/2025/2025stati/8.html	Rakhmanov V., Kakaulin S., Kashkarova M., Zubanov K. Measurement of hydrodynamic flow velocity by laser Doppler anemometer with different types of photodetectors // EPJ Web of Conferences. – 2025. – Vol. 318. – 02008. - 6 p. DOI ; РИНЦ		NOT_KEYWORD_MATCHED	NEEDS_DOI_VERSION_AND_AFFILIATION_REVIEW
2025	148	https://www.itp.nsc.ru/publikacii/2025/2025stati/8.html	Mungalov A.S., Kochkin D.Y., Pukhovoy M.V., Zolotarev K.V., Kabov O.A. Measurement of submicro-deformation of optical elements using reflective background oriented schlieren technique // Eurasian Journal of Mathematical and Computer Applications. – 2025. – Vol. 13, iss. 1. – P. 79–88. DOI ; РИНЦ		NOT_KEYWORD_MATCHED	NEEDS_DOI_VERSION_AND_AFFILIATION_REVIEW
2025	149	https://www.itp.nsc.ru/publikacii/2025/2025stati/8.html	Shishkin N.E., Nazarov A.D., Sazhin S.S. Measuring concentration of components in droplets of binary solutions by the capacitance method // Journal of Engineering Thermophysics. – 2025. – Vol. 34, iss. 3. – P. 487–498. DOI ; РИНЦ		NOT_KEYWORD_MATCHED	NEEDS_DOI_VERSION_AND_AFFILIATION_REVIEW
2025	150	https://www.itp.nsc.ru/publikacii/2025/2025stati/8.html	Sleptsov S.D., Savvinova N.A. Melting of cloudy ice under irradiation by an artificial radiation source // Eurasian Journal of Mathematical and Computer Applications. – 2025. – Vol. 13, iss. 1. – P. 131–136. DOI ; РИНЦ		NOT_KEYWORD_MATCHED	NEEDS_DOI_VERSION_AND_AFFILIATION_REVIEW
2025	151	https://www.itp.nsc.ru/publikacii/2025/2025stati/8.html	Vinogrodskiy K., Nagibin P.S., Misyura S.Ya., Morozov V.S., Shlegel N.E., Strizhak P.A. Methane hydrate regasification to intensify the combustion of low-rank coal fuels // Fuel. – 2025. – Vol. 381, part B. – 133432. DOI ; РИНЦ		NOT_KEYWORD_MATCHED	NEEDS_DOI_VERSION_AND_AFFILIATION_REVIEW
2025	152	https://www.itp.nsc.ru/publikacii/2025/2025stati/8.html	Dekterev D.A., Meshkova V.D., Shul'zhenko P.D., Dekterev A.A., Neob'yavlyayushchii P.A. Methodology of visualizing surface vortex structures in problems of architectural and urban aerodynamics // Instruments and Experimental Techniques. - 2025. - Vol. 68, iss. 4. - P. 611-618. DOI ; РИНЦ (Дектерев Д.А., Мешкова В.Д., Шульженко П.Д., Дектерев А.А., Необъявляющий П.А. Методика визуализации приземных вихревых структур в задачах архитектурно-градостроительной аэродинамики // Приборы и техника эксперимента. – 2025. – № 4. – С. 89–97. DOI ; РИНЦ )		NOT_KEYWORD_MATCHED	NEEDS_DOI_VERSION_AND_AFFILIATION_REVIEW
2025	153	https://www.itp.nsc.ru/publikacii/2025/2025stati/8.html	Sibiryakov N.E., Kabov O.A., Marchuk I.V., Grishkov V.A., Derevyannikov I.A., Bykovskaya E.F. Microdroplet generator // Thermophysics and Aeromechanics. - 2025. - Vol. 32, iss. 1. - P. 139-143. DOI ; РИНЦ (Сибиряков Н.Е., Кабов О.А., Марчук И.В., Гришков В.А., Деревянников И.А., Быковская Е.Ф. Генератор микрокапель // Теплофизика и аэромеханика. - 2025. - Т. 32, № 1. - С. 153-157. DOI ; РИНЦ )		NOT_KEYWORD_MATCHED	NEEDS_DOI_VERSION_AND_AFFILIATION_REVIEW
2025	154	https://www.itp.nsc.ru/publikacii/2025/2025stati/8.html	Antonov D.V., Fedorenko R.M., Strizhak P.A. Microexplosion of ternary liquid droplets // Powder Technology. – 2025. – Vol. 464. – 121210. DOI ; РИНЦ		NOT_KEYWORD_MATCHED	NEEDS_DOI_VERSION_AND_AFFILIATION_REVIEW
2025	155	https://www.itp.nsc.ru/publikacii/2025/2025stati/8.html	Kichatov B, Sudakov V, Korshunov A, Smovzh D, Skirda M. Micromotors Mn 3 O 4 @ Fe 2 O 3 @ CoO@ ZnO@ graphite for enhanced photocatalytic degradation of dyes // Colloids and Surfaces A: Physicochemical and Engineering Aspects. – 2025. – Vol. 709, part 1. - 136100. DOI ; РИНЦ		NOT_KEYWORD_MATCHED	NEEDS_DOI_VERSION_AND_AFFILIATION_REVIEW
2025	156	https://www.itp.nsc.ru/publikacii/2025/2025stati/8.html	Demenkov A.G., Chernykh G.G. Mixing in the planar turbulent wakes in passively stratified medium // Thermophysics and Aeromechanics. - 2025. - Vol. 32, iss. 5. - P. 1057–1067. DOI (Деменков А.Г., Черных Г.Г. Перемешивание в плоских турбулентных следах в пассивно стратифицированной среде // Теплофизика и аэромеханика. – 2025. – Т. 32, № 5. – С. 861–871. DOI ; РИНЦ )		NOT_KEYWORD_MATCHED	NEEDS_DOI_VERSION_AND_AFFILIATION_REVIEW
2025	157	https://www.itp.nsc.ru/publikacii/2025/2025stati/8.html	Ponomarev A.A., Cherepanov A.V., Mullyadzhanov R.I., Dulin V.M. Modeling of a flat flame of a methane-air mixture in a longitudinal electric field // Thermophysics and Aeromechanics. - 2025. - Vol. 32, iss. 6. - P. 1273–1278. DOI (Пономарев А.А., Черепанов А.В., Мулляджанов Р.И., Дулин В.М. Моделирование плоского пламени метановоздушной смеси в продольном электрическом поле // Теплофизика и аэромеханика. – 2025. – Т. 32, № 6. – С. 1089–1095. DOI ; РИНЦ )		NOT_KEYWORD_MATCHED	NEEDS_DOI_VERSION_AND_AFFILIATION_REVIEW
2025	158	https://www.itp.nsc.ru/publikacii/2025/2025stati/8.html	Gavrilov A.A., Shebelev A.V., Minakov A.V. Modelling of the pressure-driven tube flow of the shear-thinning fluids with solid particles // Journal of Non-Newtonian Fluid Mechanics. – 2025. – Vol. 341. - 105430. DOI ; РИНЦ		NOT_KEYWORD_MATCHED	NEEDS_DOI_VERSION_AND_AFFILIATION_REVIEW
2025	159	https://www.itp.nsc.ru/publikacii/2025/2025stati/8.html	Dementyev Yu.A., Vozhakov I.S., Degtyarev S.A., Chashina M.S., Chinnov E.A. Modification of the Lockhart-Martinelli model for prediction two-phase frictional pressure drop in microchannels taking into account gas quasi-compressibility effect // International Journal of Heat and Mass Transfer. − 2025. − Vol. 240. − 126605. DOI ; РИНЦ		KEYWORD_CANDIDATE	NEEDS_DOI_VERSION_AND_AFFILIATION_REVIEW
2025	160	https://www.itp.nsc.ru/publikacii/2025/2025stati/8.html	Epifanov R.Ui., Fedotova Ya.V., Popov D.R., Mulliyazhanov R.I. Multi-class surface generation of complex anatomical structures using neural networks // Doklady Mathematics. - 2025. - Vol. 112, iss. 1. - P. 332-341. DOI ; РИНЦ (Епифанов Р.Ю., Федотова Я.В., Попов Д.Р., Мулляджанов Р.И. Мультиклассовая генерация поверхностей сложных анатомических структур с помощью нейронной сети // Доклады Российской академии наук. Математика, информатика, процессы управления. – 2025. – Т. 527. – P. 354–366. РИНЦ )		NOT_KEYWORD_MATCHED	NEEDS_DOI_VERSION_AND_AFFILIATION_REVIEW
2025	161	https://www.itp.nsc.ru/publikacii/2025/2025stati/9.html	Ashikhmin A.E., Piskunov M.V., Strizhak P.A. Multicriteria analysis of the characteristics of biofuel fabricated in a nanomembrane reactor // Journal of Engineering Physics and Thermophysics. - 2025. - Vol. 98, iss. 1. - P. 162-172. DOI ; РИНЦ (Ашихмин А.Е., Пискунов М.В., Стрижак П.А. Мультикритериальный анализ характеристик изготовленного в наномембранном реакторе биотоплива // Инженерно-физический журнал. - 2025. - Т. 98, № 1. - С. 163-173. РИНЦ )		NOT_KEYWORD_MATCHED	NEEDS_DOI_VERSION_AND_AFFILIATION_REVIEW
2025	162	https://www.itp.nsc.ru/publikacii/2025/2025stati/9.html	Vasilev M.M., Rodionov A.A., Giannakis T., Kandyla M., Terekhov V.V.,Starinskiy S.V. Nanosecond laser microtexturing of silicon: morphology and wetting properties // Journal of Engineering Thermophysics. – 2025. – Vol. 34, iss. 3. – P. 480–486. DOI ; РИНЦ		NOT_KEYWORD_MATCHED	NEEDS_DOI_VERSION_AND_AFFILIATION_REVIEW
2025	163	https://www.itp.nsc.ru/publikacii/2025/2025stati/9.html	Bocharov A.A., Tsvelodub O.Yu. Nonlinear steady-state traveling solutions of the Kuramoto-Sivashinsky equation coupled with the linear dissipative equation // Chaos, Solitons & Fractals. – 2025. – Vol. 198. – 116572. DOI ; РИНЦ		NOT_KEYWORD_MATCHED	NEEDS_DOI_VERSION_AND_AFFILIATION_REVIEW
2025	164	https://www.itp.nsc.ru/publikacii/2025/2025stati/9.html	Brester A.E., Shvetsov D.A., Zhukov V.I., Pavlenko A.N. Nucleate boling heat transfer of dielectric liquid HFE-7100 in horizontal layers at various pressures // Thermal Engineering. – 2025. – Vol. 72, iss. 2. – P. 108–116. DOI ; РИНЦ (Брестер А.Е., Швецов Д.А., Жуков В.И., Павленко А.Н. Теплообмен при пузырьковом кипении в горизонтальных слоях диэлектрической жидкости HFE-7100 при различных давлениях // Теплоэнергетика. - 2025. - № 2. - С. 30-40. DOI ; РИНЦ )		KEYWORD_CANDIDATE	NEEDS_DOI_VERSION_AND_AFFILIATION_REVIEW
2025	165	https://www.itp.nsc.ru/publikacii/2025/2025stati/9.html	Tsvelodub O.Yu. Nucleation of spatial wave modes on the surface of a viscous fluid film flowing down a vertical cylinder at the appearance of new instability regions // Journal of Engineering Thermophysics. – 2025. – Vol. 34, iss. 2. – P. 292–304. DOI ; РИНЦ		NOT_KEYWORD_MATCHED	NEEDS_DOI_VERSION_AND_AFFILIATION_REVIEW
2025	166	https://www.itp.nsc.ru/publikacii/2025/2025stati/9.html	Vozhakov I.S., Misyura S.Y., Shain A.M., Mullyadzhanov R.I., Piskunov M.V., Strizhak P.A. Numerical contact line behavior prediction for droplet-wall impact by the modified Hoffman-function-based dynamic contact angle model // International Communications in Heat and Mass Transfer. - 2025. - Vol. 160. - 108372. - 12 p. DOI ; РИНЦ		NOT_KEYWORD_MATCHED	NEEDS_DOI_VERSION_AND_AFFILIATION_REVIEW
2025	167	https://www.itp.nsc.ru/publikacii/2025/2025stati/9.html	Ponomarev A.A., Khrebtov M.Yu., Mullyadzhanov R.I., Dulin V.M. Numerical simulation of a conical flame of a gas–droplet suspension of ethanol in air: comparison with gas mixture combustion // Combustion, Explosion, and Shock Waves. - 2025. - Vol. 61, iss. 3. - P. 349-355. DOI ; РИНЦ (Пономарев А.А., Хребтов М.Ю., Мулляджанов Р.И., Дулин В.М. Численное моделирование конусного пламени газокапельной взвеси этанола в воздухе. Сравнение с горением газовой смеси // Физика горения и взрыва. – 2025. – Т. 61, № 3. – С. 6–13. DOI ; РИНЦ )		NOT_KEYWORD_MATCHED	NEEDS_DOI_VERSION_AND_AFFILIATION_REVIEW
2025	168	https://www.itp.nsc.ru/publikacii/2025/2025stati/9.html	Mungalov A.S., Kochkin D.Y., Kabov O.A. Numerical simulation of a liquid film driven by turbulent gas flow in a flat minichannel // Interfacial Phenomena and Heat Transfer. – 2025. – Vol. 13, iss. 4. – P. 71–87. DOI ; РИНЦ		KEYWORD_CANDIDATE	NEEDS_DOI_VERSION_AND_AFFILIATION_REVIEW
2025	169	https://www.itp.nsc.ru/publikacii/2025/2025stati/9.html	Pakhomov M.A. Numerical simulation of droplet-laden flow in a cylindrical duct in the absence of cross-flow // Journal of Engineering Thermophysics. – 2025. – Vol. 34, iss. 4. – P. 699–708. DOI ; РИНЦ		NOT_KEYWORD_MATCHED	NEEDS_DOI_VERSION_AND_AFFILIATION_REVIEW
2025	170	https://www.itp.nsc.ru/publikacii/2025/2025stati/9.html	Kozyulin N.N., Hrebtov M.Yu. Numerical simulation of film cooling with coolant supply through a nozzle of triangular shape with a step // Thermophysics and aeromechanics. – 2025. – Vol. 32, iss. 2. – P. 339–354. DOI ; РИНЦ (Козюлин Н.Н., Хребтов М.Ю. Численное исследование газовой завесы с подачей охладителя через сопло треугольной формы с уступом // Теплофизика и аэромеханика. – 2025. – Т. 32, № 2 – С. 287–304. РИНЦ )		KEYWORD_CANDIDATE	NEEDS_DOI_VERSION_AND_AFFILIATION_REVIEW
2025	171	https://www.itp.nsc.ru/publikacii/2025/2025stati/9.html	Slastnaya D.A., Vozhakov I.S., Sagidullin A.K., Bozhko Y.Y., Meleshkin A.V. Numerical simulation of hydrate shell growth on the surface of gas bubble // Eurasian Journal of Mathematical and Computer Applications. – 2025. – Vol. 13, iss. 3. – P. 75–82. DOI ; РИНЦ		NOT_KEYWORD_MATCHED	NEEDS_DOI_VERSION_AND_AFFILIATION_REVIEW
2025	172	https://www.itp.nsc.ru/publikacii/2025/2025stati/9.html	Lapin V.N., Stanchits S.A., Potapenko D.I., Filev E.A. Numerical simulation of hydraulic fracture propagation in granite samples // Mathematical Models and Computer Simulations. – 2025. – Vol. 17, iss. 4. – P. 393–403. DOI ; РИНЦ (Лапин В.Н., Станчиц С.А., Потапенко Д.И., Филев Е.А. Численное моделирование распространения трещины гидроразрыва в гранитных образцах // Математическое моделирование. – 2025. – Vol. 37, № 2. – С. 29–44. РИНЦ )		NOT_KEYWORD_MATCHED	NEEDS_DOI_VERSION_AND_AFFILIATION_REVIEW
2025	173	https://www.itp.nsc.ru/publikacii/2025/2025stati/9.html	Slastnaya D.A., Tolstoguzov R, V., Chikishev L.M., Dulin V.M. Numerical simulation of impingement heat transfer for a laminar premixed bunsen flame // Energies. – 2025. – Vol. 18, iss. 2. – 270. DOI ; РИНЦ		KEYWORD_CANDIDATE	NEEDS_DOI_VERSION_AND_AFFILIATION_REVIEW
2025	174	https://www.itp.nsc.ru/publikacii/2025/2025stati/9.html	Zhapbasbayev U., Bekibayev T., Pakhomov M., Akasheva Z. Numerical simulation of laminar flow and heat transfer of waxy oil with yield stress in a pipe with sudden enlargement // Engineered Science. – 2025. – Vol. 33. – 1356. - 11 p. DOI ; РИНЦ		KEYWORD_CANDIDATE	NEEDS_DOI_VERSION_AND_AFFILIATION_REVIEW
2025	175	https://www.itp.nsc.ru/publikacii/2025/2025stati/9.html	Chirkov D., Ustimenko А., Skorospelov V., Turuk P. Numerical simulation of part load resonance: comparison of 1D-3D and 1D models // IOP Conference Series: Earth and Environmental Science. – 2025. – Vol. 1561, iss. 1. – 012032. - 6 p. DOI ; РИНЦ		NOT_KEYWORD_MATCHED	NEEDS_DOI_VERSION_AND_AFFILIATION_REVIEW
2025	176	https://www.itp.nsc.ru/publikacii/2025/2025stati/9.html	Platonov D.V., Sentyabov A.V., Shtork S.I., Skripkin S.G., Dekterev D.A. Numerical simulation of the flow with disperse phase in a tangential vortex chamber // Eurasian Journal of Mathematical and Computer Applications. – 2025. – Vol. 13, iss. 1. – P. 100–107. DOI ; РИНЦ		NOT_KEYWORD_MATCHED	NEEDS_DOI_VERSION_AND_AFFILIATION_REVIEW
2025	177	https://www.itp.nsc.ru/publikacii/2025/2025stati/9.html	Pakhomov M.A., Skibina N.P., Terekhov V.I. Numerical study of flow structure in an axisymmetric channel with injection of a radial jet along the Coanda surface // Fluid Dynamics. – 2025. – Vol. 60, iss. 3. – 72. - 12 p. DOI ; РИНЦ (Пахомов М.А., Скибина Н.П., Терехов В.И. Численное исследование структуры течения в осесимметричном канале при вдуве радиальной струи вдоль поверхности Коанда // Известия РАН. Механика жидкости и газа. – 2025. – № 3. – С. 135–146. DOI ; РИНЦ )		NOT_KEYWORD_MATCHED	NEEDS_DOI_VERSION_AND_AFFILIATION_REVIEW
2025	178	https://www.itp.nsc.ru/publikacii/2025/2025stati/9.html	Gavrilov A. Sukhanovskii A.,Vasiliev A., Popova E. Numerical study of structural changes in the laboratory model of the atmospheric general circulation under variation of the rotation rate // International Journal of Heat and Mass Transfer. – 2025. – Vol. 241. – 126676. DOI ; РИНЦ		NOT_KEYWORD_MATCHED	NEEDS_DOI_VERSION_AND_AFFILIATION_REVIEW
2025	179	https://www.itp.nsc.ru/publikacii/2025/2025stati/9.html	Shebelev A.V., Zaitsev D.V., Kabov O.A. Numerical study of the boiling process in three-dimensional micropores // Eurasian Journal of Mathematical and Computer Applications. – 2025. – Vol. 13, iss, 1. – P. 118–130. DOI ; РИНЦ		KEYWORD_CANDIDATE	NEEDS_DOI_VERSION_AND_AFFILIATION_REVIEW
2025	180	https://www.itp.nsc.ru/publikacii/2025/2025stati/9.html	Arbuzov E.V., Zolotukhina O.S. On the refractive index restoration based on four-angle hilbert tomography data // Eurasian Journal of Mathematical and Computer Applicatios. – 2025. – Vol. 13, iss. 4. – P. 31-40. DOI ; РИНЦ		NOT_KEYWORD_MATCHED	NEEDS_DOI_VERSION_AND_AFFILIATION_REVIEW
2025	181	https://www.itp.nsc.ru/publikacii/2025/2025stati/10.html	Yavorsky N.I. On universal velocity profile of turbulent flow in round pipe // Journal of Engineering Thermophysics. - 2025. - Vol. 34, iss. 1. - P. 35-53. DOI ; РИНЦ		NOT_KEYWORD_MATCHED	NEEDS_DOI_VERSION_AND_AFFILIATION_REVIEW
2025	182	https://www.itp.nsc.ru/publikacii/2025/2025stati/10.html	Fedyaeva O.N., Grebennikov A.P., Vostrikov A.A. Oxidation of Pb-Bi eutectic in water-oxygen fluid at elevated temperature and pressure // Nuclear Engineering and Design. – 2025. – Vol. 445. – 114537. DOI ; РИНЦ		NOT_KEYWORD_MATCHED	NEEDS_DOI_VERSION_AND_AFFILIATION_REVIEW
2025	183	https://www.itp.nsc.ru/publikacii/2025/2025stati/10.html	Kuznetsov A.V., Butakov E.B. Plasma thermal gasification of mechanical mixtures and composite fuels based on coal washing waste and pine sawdust // Chemistry for Sustainable Development. - 2025. - Vol. 33, iss. 6. - P. 728-732. DOI ; РИНЦ (Кузнецов А.В., Бутаков Е.Б. Плазменно-термическая газификация механических смесей и композитных топлив на основе отходов углеобогащения и опилок сосны // Химия в интересах устойчивого развития. – 2025. – Т. 33, № 6. – C. 808–813. DOI ; РИНЦ )		NOT_KEYWORD_MATCHED	NEEDS_DOI_VERSION_AND_AFFILIATION_REVIEW
2025	184	https://www.itp.nsc.ru/publikacii/2025/2025stati/10.html	Ronshin F.V., Rednikov A., Zorkina A.I., Kabov O.A., Colinet P., Tadrist L. Presumed role of non-condensable residuals in vapor bubble growth at an artificial site in subcooled boiling under microgravity // Applied Thermal Engineering. – 2025. – Vol. 279, part A. – 127333. DOI ; РИНЦ		KEYWORD_CANDIDATE	NEEDS_DOI_VERSION_AND_AFFILIATION_REVIEW
2025	185	https://www.itp.nsc.ru/publikacii/2025/2025stati/10.html	Konstantinov V.O., Shchukin V.G. Purification of metallurgical silicon from metal impurities in electron-beam plasma of water vapor // Plasma Physics Reports. – 2025. – Vol. 51, iss. 7. – P. 860–863. DOI ; РИНЦ (Константинов В.О., Щукин В.Г. Очистка металлургического кремния от металлических примесей в электронно-пучковой плазме паров воды // Успехи прикладной физики. – 2025. – Т. 13, № 3. – С. 251–255. РИНЦ )		NOT_KEYWORD_MATCHED	NEEDS_DOI_VERSION_AND_AFFILIATION_REVIEW
2025	186	https://www.itp.nsc.ru/publikacii/2025/2025stati/10.html	Chirkov D., Lapin V., Esipov D., Skorospelov V., Turuk P., Cherny S. Realizable velocity profiles downstream Francis runner for reduction of part load pressure pulsations // IOP Conference Series: Earth and Environmental Science. – 2025. – Vol. 1483, iss. 1. – 012038. - 6 p. DOI ; РИНЦ		NOT_KEYWORD_MATCHED	NEEDS_DOI_VERSION_AND_AFFILIATION_REVIEW
2025	187	https://www.itp.nsc.ru/publikacii/2025/2025stati/10.html	Gogonin I.I. Role of wipers in heat-and-mass transfer during // Journal of Engineering Thermophysics. – 2025. – Vol. 34, iss. 2. – P. 286–291. DOI ; РИНЦ		NOT_KEYWORD_MATCHED	NEEDS_DOI_VERSION_AND_AFFILIATION_REVIEW
2025	188	https://www.itp.nsc.ru/publikacii/2025/2025stati/10.html	Mokrushnikov P.V., Rudyak V.Ya. Role of β-and α-structures of membrane proteins in plasmalemma structure change // Biochemistry. - 2025. - Vol. 90, iss. 1. - P. 79-98. DOI ; РИНЦ (Мокрушников П.В., Рудяк В.Я. Pоль β - и α-структур мембранных белков в изменении структуры плазмалеммы // Биохимия. - 2025. - Т. 90, № 1. - С. 87-106. DOI; РИНЦ )		NOT_KEYWORD_MATCHED	NEEDS_DOI_VERSION_AND_AFFILIATION_REVIEW
2025	189	https://www.itp.nsc.ru/publikacii/2025/2025stati/10.html	Bogatko T.V., Terekhov V.V., Terekhov V.I. Separated flow and heat transfer behind a single rib in an annular gap between rotating cylinders // Thermophysics and Aeromechanics. - 2025. - Vol. 32, iss. 6. - P. 1187–1193. DOI (Богатко Т.В., Терехов В.В., Терехов В.И. Отрывное течение и теплообмен за одиночным ребром в кольцевом зазоре между вращающимися цилиндрами // Теплофизика и аэромеханика. – 2025. – Т. 32, № 6. – P. 999–1005. DOI ; РИНЦ )		KEYWORD_CANDIDATE	NEEDS_DOI_VERSION_AND_AFFILIATION_REVIEW
2025	190	https://www.itp.nsc.ru/publikacii/2025/2025stati/10.html	Tonini S., Conti P., Cossali G.E., Starinskaya E.M., Miskiv N.B., Rodionov A.A., Starinskiy S.V., Terekhov V.V., Sazhin S.S. Sessile and suspended droplets on a biphilic surface in the presence of natural convection: Experimental studies and modeling // Physics of Fluids. – 2025. – Vol. 37, iss. 3. - 033349. DOI ; РИНЦ		NOT_KEYWORD_MATCHED	NEEDS_DOI_VERSION_AND_AFFILIATION_REVIEW
2025	191	https://www.itp.nsc.ru/publikacii/2025/2025stati/10.html	Tsgoev Ch.A., Sakharov D.I., Bratenkov M.A., Travnikov V.A., Seredkin A.V., Kalinin V.A., Fomichev D.V., Mullyadzhanov R.I. Simulation of flow around a body in a two-dimensional channel using physics-informed neural networks // Journal of Applied Mechanics and Technical Physics. - 2025. - Vol. 66, iss. 3. - P. 487-499. DOI ; РИНЦ (Цгоев Ч.А., Сахаров Д.И., Братенков М.А., Травников В.А., Серёдкин А.В., Калинин В.А., Фомичев Д.В., Мулляджанов Р.И. Моделирование обтекания тела в двумерном канале на основе физически информированных нейронных сетей // Прикладная механика и техническая физика. – 2025. – № 3 (391). – P. 108–121. DOI ; РИНЦ )		NOT_KEYWORD_MATCHED	NEEDS_DOI_VERSION_AND_AFFILIATION_REVIEW
2025	192	https://www.itp.nsc.ru/publikacii/2025/2025stati/10.html	Naumkin V.S., Gorbachev M.V. Simulation of thermally induced deformations of silicon mirrors of synchrotron radiation sources // Technical Physics. - 2025. - Vol. 70, iss. 10. - 1936. - 9 p. (Наумкин В.С., Горбачев М.В. Численное моделирование термоиндуцированных деформаций кремниевых зеркал источников синхротронного излучения // Журнал технической физики. – 2025. – Т. 95, № 10. – С. 2056–2064. РИНЦ )		NOT_KEYWORD_MATCHED	NEEDS_DOI_VERSION_AND_AFFILIATION_REVIEW
2025	193	https://www.itp.nsc.ru/publikacii/2025/2025stati/10.html	Ershov M.I., Abaimov N.A., Osipov P.V., Tuponogov V.G., Alekseenko S.V., Ryzhkov A.F. Some aspects of calculation of processes of hydrogen production from biomass // International Journal of Hydrogen Energy. – 2025. – Vol. 105. – P. 223–233. DOI ; РИНЦ		NOT_KEYWORD_MATCHED	NEEDS_DOI_VERSION_AND_AFFILIATION_REVIEW
2025	194	https://www.itp.nsc.ru/publikacii/2025/2025stati/10.html	Aktershev S., Bobylev A., Cherdantsev A. Stability of a liquid film hanging underneath a large horizontal cylinder // International Journal of Non-Linear Mechanics. – 2025. – Vol. 178. – 105189. DOI ; РИНЦ		KEYWORD_CANDIDATE	NEEDS_DOI_VERSION_AND_AFFILIATION_REVIEW
2025	195	https://www.itp.nsc.ru/publikacii/2025/2025stati/10.html	Ilyushin B.B. Statistical analysis of coherent vortex structures in turbulent flows // Journal of Engineering Thermophysics. – 2025 – Vol. 34, iss. 4. – P. 760–773. DOI ; РИНЦ		NOT_KEYWORD_MATCHED	NEEDS_DOI_VERSION_AND_AFFILIATION_REVIEW
2025	196	https://www.itp.nsc.ru/publikacii/2025/2025stati/10.html	Mungalov A.S., Kochkin D.Y., Ronshin F.V., Karchevskiy A.L., Kabov O.A. Stratified to annular flow transition due to drop entrainment in a flat minichannel // Physics of Fluids. – 2025. – Vol. 37, iss. 9. – 094104. DOI ; РИНЦ		NOT_KEYWORD_MATCHED	NEEDS_DOI_VERSION_AND_AFFILIATION_REVIEW
2025	197	https://www.itp.nsc.ru/publikacii/2025/2025stati/10.html	Zdornikov S.A., Isaenkov S.V., Cherdantsev A.V. S. Stratified-to-annular transition in a horizontal pipe for different liquids // Journal of Flow Visualization and Image Processing. –2025. – Vol. 32, iss. 4. – P. 19–27. DOI ; РИНЦ		NOT_KEYWORD_MATCHED	NEEDS_DOI_VERSION_AND_AFFILIATION_REVIEW
2025	198	https://www.itp.nsc.ru/publikacii/2025/2025stati/10.html	Bocharov A.A., Tsvelodub O.Yu. Structural features of steady-state traveling solutions of the Ginzburg–Landau equation in the phase approximation // The European Physical Journal Plus. – 2025. – Vol. 140, iss. 1. – 17. - 7 p. DOI ; РИНЦ		NOT_KEYWORD_MATCHED	NEEDS_DOI_VERSION_AND_AFFILIATION_REVIEW
2025	199	https://www.itp.nsc.ru/publikacii/2025/2025stati/10.html	Knyazkov D.A., Shmakov A.G., Osipova K.N., Dmitriev A.M., Bolshova T.A. Structure of premixed n-heptane/oxygen/argon flames at 2–6 atm: a mass spectrometric and numerical study // Kinetics and Catalysis. - 2025. - Vol. 66, iss. 1. - P. 1-14. DOI ; РИНЦ		NOT_KEYWORD_MATCHED	NEEDS_DOI_VERSION_AND_AFFILIATION_REVIEW
2025	200	https://www.itp.nsc.ru/publikacii/2025/2025stati/10.html	Kashkarova M.V., Skripkin S.G., Tsoy M.A., Kravtsova A.Yu. Study of cavitation in a slit channel on a hydrofoil with a smooth and textured surface // Thermophysics and Aeromechanics. - 2025. - Vol. 32, iss. 3. - P. 559–566. DOI ; РИНЦ (Кашкарова М.В., Скрипкин С.Г., Цой М.А., Кравцова А.Ю. Развитие кавитации в щелевом зазоре на крыле с гладкой и текстурированной поверхностью // Теплофизика и аэромеханика. – 2025. – Т. 32, № 3. – С. 437–445. DOI ; РИНЦ )		NOT_KEYWORD_MATCHED	NEEDS_DOI_VERSION_AND_AFFILIATION_REVIEW
2025	201	https://www.itp.nsc.ru/publikacii/2025/2025stati/11.html	Kopyev E.P., Sadkin I.S., Shadrin E.Yu. Study of characteristics of substandard liquid fuel combustion using steam atomization and diluent gases // Energy Sources, part A. - 2025. - Vol. 47, iss. 2. - 2586122. DOI ; РИНЦ (Копьев Е.П., Садкин И.С., Шадрин Е.Ю. Исследование влияния подачи газов-разбавителей на процесс горения жидкого топлива, распыляемого перегретым водяным паром // Доклады Академии наук высшей школы Российской Федерации. – 2025. – № 1 (66). – С. 35–50. DOI ; РИНЦ )		NOT_KEYWORD_MATCHED	NEEDS_DOI_VERSION_AND_AFFILIATION_REVIEW
2025	202	https://www.itp.nsc.ru/publikacii/2025/2025stati/11.html	Abdurakipov S.S., Butakov E.B. Study of dross formation in hot dip galvanizing line using machine learning // Optoelectronics, Instrumentation and Data Processing. - 2025. - Vol. 61, iss. 2. - P. 193-201. DOI ; РИНЦ (Абдуракипов С.С., Бутаков Е.Б. Исследование возникновения дросса на линии горячего цинкования с использованием машинного обучения // Автометрия. - 2025. - Т. 61, № 2. - С. 21-30. DOI ; РИНЦ )		NOT_KEYWORD_MATCHED	NEEDS_DOI_VERSION_AND_AFFILIATION_REVIEW
2025	203	https://www.itp.nsc.ru/publikacii/2025/2025stati/11.html	Lukashov V.V., Tupikin A.V., Dubnishchev Yu.N., Zolotukhina O.S. Study of electro-chemical properties and conditions of flame stabilization of promising fuel mixtures CH 4 /H 2 and NH 3 /H 2 // Energies. - 2025. - Vol. 18, iss. 19. - 5198. DOI ; РИНЦ		NOT_KEYWORD_MATCHED	NEEDS_DOI_VERSION_AND_AFFILIATION_REVIEW
2025	204	https://www.itp.nsc.ru/publikacii/2025/2025stati/11.html	Kabardin I.K., Meledin V.G., Dvoynishnikov S.V., Gordienko M.R., Zubanov K.S., Yanchat A.T., Rakhmanov V.V., Kakaulin S.V., Shurshin D.V. , Zuev V.O. , Kraev I.M., Sergeev D. A., Troitskaya Yu.I. Study of flow aerodynamics using the LDA method as part of laboratory modeling of wind-wave interaction // Thermophysics and Aeromechanics. - 2025. - Vol. 32, iss. 5. - P. 1181–1186. DOI (Кабардин И.К., Меледин В.Г., Двойнишников С.В., Гордиенко М.Р., Зубанов К.С., Янчат А.Т., Рахманов В.В., Какаулин С.В., Шуршин Д.В., Зуев В.О., Краев И.М., Сергеев Д.А., Троицкая Ю.И. Исследование аэродинамики потока методом ЛДА в рамках лабороторного моделирования ветроволнового взаимодействия. – 2025. – Т. 32, № 5. – С. 993–998. DOI ; РИНЦ )		NOT_KEYWORD_MATCHED	NEEDS_DOI_VERSION_AND_AFFILIATION_REVIEW
2025	205	https://www.itp.nsc.ru/publikacii/2025/2025stati/11.html	Kuznetsov V.A., Dekterev A.A., Minakov A.V. Study of the influence of a jet of superheated steam on the processes of afterburning anode gas and the level of harmful emissions during the electrolysis of aluminum oxide // Thermal Science and Engineering Progress. – 2025. – Vol. 59. - 103323. DOI ; РИНЦ		NOT_KEYWORD_MATCHED	NEEDS_DOI_VERSION_AND_AFFILIATION_REVIEW
2025	206	https://www.itp.nsc.ru/publikacii/2025/2025stati/11.html	Yanovskiy L.S., Tarasov G.A., Ezhov V.M., Il’ina M.A., Chervonnaya N.A., Novakovskiy D.V. Study of thermophysical parameters of new-generation “green” hydrocarbon fuel for reusable aerospace systems // Thermophysics and Aeromechanics. - 2025. - Vol. 32, iss. 2. - P. 297-301. DOI ; РИНЦ (Яновский Л.С., Тарасов Г.А., Ежов В.М., Ильина М.А., Червонная Н.А., Новаковский Д.В. Исследование теплофизических характеристик «зеленого» углеводородного горючего нового поколения для аэрокосмических систем многоразового применения // Теплофизика и аэромеханика. - 2025. - Т. 32, № 2. - С. 241-246. DOI ; РИНЦ )		NOT_KEYWORD_MATCHED	NEEDS_DOI_VERSION_AND_AFFILIATION_REVIEW
2025	207	https://www.itp.nsc.ru/publikacii/2025/2025stati/11.html	Yanovskiy L.S., Borovik I.N., Tyulkov K.V., Bindiman A.P., Mukambetov R.Ya., Rebrov S.G. Study on methane plasma-chemical pyrolysis // Thermophysics and Aeromechanics. - 2025. - Vol. 32, iss. 1. - P. 179-182. DOI ; РИНЦ (Яновский Л.С., Боровик И.Н., Тюльков К.В., Биндиман А.П., Мукамбетов Р.Я., Ребров С.Г. Исследование плазмохимического пиролиза метана // Теплофизика и аэромеханика. - 2025. - Т. 32, № 1. - С. 193-197. DOI ; РИНЦ )		NOT_KEYWORD_MATCHED	NEEDS_DOI_VERSION_AND_AFFILIATION_REVIEW
2025	208	https://www.itp.nsc.ru/publikacii/2025/2025stati/11.html	Kuznetsov A.V., Shadrin E.Yu., Lomovsky I.O. Studying the processes of flame combustion of composite fuel samples made of low-reactivity coal and biomass // Thermophysics and Aeromechanics. – 2025. – Vol. 32, iss. 4. - P. 957–961. DOI ; РИНЦ (Кузнецов А.В., Шадрин Е.Ю., Ломовский И.О. Исследование процессов факельного сжигания образцов композитного топлива из низкореакционного угля и биомассы // Теплофизика и аэромеханика. – 2025. – Т. 32, № 4. – С. 777–782. DOI ; РИНЦ )		NOT_KEYWORD_MATCHED	NEEDS_DOI_VERSION_AND_AFFILIATION_REVIEW
2025	209	https://www.itp.nsc.ru/publikacii/2025/2025stati/11.html	Starinskiy S.V., Giannakis T., Chouchoumi N., Sulyaeva V.S., Tsilipakos O., Kandyla M. Subwavelength photonic nanojet processing of thin metal films using optical tweezers // Surfaces and Interfaces. – 2025. – Vol. 72. – 107192. DOI ; РИНЦ		NOT_KEYWORD_MATCHED	NEEDS_DOI_VERSION_AND_AFFILIATION_REVIEW
2025	210	https://www.itp.nsc.ru/publikacii/2025/2025stati/11.html	Fedyaeva O.N., Alekhin S.A., Morozov S.V., Vostrikov A.A. Supercritical water co-oxidation of swine manure with methane and lignite in the flow mode // The Journal of Supercritical Fluids. – 2025. – Vol. 222. – 106602. DOI ; РИНЦ		NOT_KEYWORD_MATCHED	NEEDS_DOI_VERSION_AND_AFFILIATION_REVIEW
2025	211	https://www.itp.nsc.ru/publikacii/2025/2025stati/11.html	Shebelev A.V., Minakov A.V., Gavrilov A.A. Systematic numerical study of cuttings transport using drilling fluids modified with single-walled carbon nanotubes // Particuology. – 2025. – Vol. 104. – P. 229–244. DOI ; РИНЦ		NOT_KEYWORD_MATCHED	NEEDS_DOI_VERSION_AND_AFFILIATION_REVIEW
2025	212	https://www.itp.nsc.ru/publikacii/2025/2025stati/11.html	Lobanov P.D., Svetonosov A.I., Tokarev M.P. Temperature distribution in the model of the peripheral region of a fuel assembly with a liquid metal coolant // Thermophysics and Aeromechanics. - 2025. - Vol. 32, iss. 1. - P. 81-85. DOI ; РИНЦ (Лобанов П.Д., Светоносов А.И., Токарев М.П. Распределение температуры в модели периферийной области тепловыделяющей сборки с жидкометаллическим теплоносителем // Теплофизика и аэромеханика. - 2025. - Т. 32, № 1. - С. 89-94. DOI ; РИНЦ )		NOT_KEYWORD_MATCHED	NEEDS_DOI_VERSION_AND_AFFILIATION_REVIEW
2025	213	https://www.itp.nsc.ru/publikacii/2025/2025stati/11.html	Cherny S.G., Zeziulin I.V., Tarraf D., Pochuev A.P., Boronenko I.S. The direct and inverse problems of modeling the carbon black furnace production process // Eurasian Journal of Mathematical and Computer Applications. – 2025. – Vol. 13, iss. 2. – Р. 13–42. DOI ; РИНЦ		NOT_KEYWORD_MATCHED	NEEDS_DOI_VERSION_AND_AFFILIATION_REVIEW
2025	214	https://www.itp.nsc.ru/publikacii/2025/2025stati/11.html	Misyura S.Y., Egorov R.I., Zaitsev A.S., Morozov V.S. The effect of binary solution concentration and laser heating configuration on non-isothermal heat transfer and evaporation rate // Experimental Thermal and Fluid Science. – 2025. – Vol. 169. – 111529. DOI ; РИНЦ		KEYWORD_CANDIDATE	NEEDS_DOI_VERSION_AND_AFFILIATION_REVIEW
2025	215	https://www.itp.nsc.ru/publikacii/2025/2025stati/11.html	Petrova A.V., Lyapustin I.N., Sulyaeva V.S., Safonov A.I. The effect of diluting the precursor gas with an inert gas on the structure, composition, and wettability of coating deposited by the HW CVD method // Thermophysics and Aeromechanics. - 2025. - Vol. 32, iss. 4. - P. 891-895. DOI ; РИНЦ (Петрова А.В., Ляпустин И.Н., Суляева В.С., Сафонов А.И. Влияние разбавления газа-предшественника инертным газом на строение, состав и смачиваемость покрытий при осаждении методом HW CVD // Теплофизика и аэромеханика. – 2025. – Т. 32, № 4. – С. 709–714. DOI ; РИНЦ )		NOT_KEYWORD_MATCHED	NEEDS_DOI_VERSION_AND_AFFILIATION_REVIEW
2025	216	https://www.itp.nsc.ru/publikacii/2025/2025stati/11.html	Pukhovoy M.V., Kochkin D.Y., Korepanova E.M., Arkhipov V.E., Zaitsev D.V., Kabov O.A. The effect of graphene and porous coatings on flow boiling in flat microchannels under intense localized heating // Journal of Flow Visualization and Image Processing. – 2025. – Vol. 32, iss. 4. – P. 29–40. DOI ; РИНЦ		KEYWORD_CANDIDATE	NEEDS_DOI_VERSION_AND_AFFILIATION_REVIEW
2025	217	https://www.itp.nsc.ru/publikacii/2025/2025stati/11.html	Misyura S.Ya., Morozov V.S., Nagibin P.S., Podgornaya E.R., Shlegel N.E., Strizhak P.A. The effect of powder aggregates, carbon nanotubes and surfactants on the kinetics of synthesis and dissociation of gas hydrates // Energy. – 2025. – Vol. 325. – 136156. DOI ; РИНЦ		NOT_KEYWORD_MATCHED	NEEDS_DOI_VERSION_AND_AFFILIATION_REVIEW
2025	218	https://www.itp.nsc.ru/publikacii/2025/2025stati/11.html	Boyarshinov B.F. The limits of mass transfer intensity during ethanol evaporation and combustion in the boundary layer (review) // Thermophysics and Aeromechanics. - 2025. - Vol. 32, iss. 3. - P. 543–554. DOI ; РИНЦ (Бояршинов Б.Ф. О пределах интенсивности массообмена при испарении и горении этанола в пограничном слое (обзор) // Теплофизика и аэромеханика. – 2025. – Т. 32, № 3. – С. 419–430. DOI ; РИНЦ )		KEYWORD_CANDIDATE	NEEDS_DOI_VERSION_AND_AFFILIATION_REVIEW
2025	219	https://www.itp.nsc.ru/publikacii/2025/2025stati/11.html	Kuznetsov G.V., Romanov D.S., Strizhak P.A. The possibility of using liquid biofuels with additives of vegetable oils and fatty acid esters // Thermophysics and Aeromechanics. - 2025. - Vol. 32, iss. 2. - P. 435-447. DOI ; РИНЦ (Кузнецов Г.В., Романов Д.С., Стрижак П.А. О возможности использования жидких биотоплив с добавками растительных масел и эфиров жирных кислот // Теплофизика и аэромеханика. - 2025. - Т. 32, № 2. - С. 387-400. РИНЦ )		NOT_KEYWORD_MATCHED	NEEDS_DOI_VERSION_AND_AFFILIATION_REVIEW
2025	220	https://www.itp.nsc.ru/publikacii/2025/2025stati/11.html	Epifanov R., Fedotova Y., Dyachuk S., Gostev A., Karpenko A., Mullyadzhanov R. The robust vessel segmentation and centerline extraction: one-stage deep learning approach // Journal of Imaging. – 2025. – Vol. 11, iss. 7. – 209. DOI ; РИНЦ		NOT_KEYWORD_MATCHED	NEEDS_DOI_VERSION_AND_AFFILIATION_REVIEW
2025	221	https://www.itp.nsc.ru/publikacii/2025/2025stati/12.html	Fedyaeva O.N., Grebennikov A.P., Vostrikov A.A. The role of water in the oxidation of lead and bismuth by high-density water-oxygen fluid // The Journal of Supercritical Fluids. –2025. – Vol. 218. – 106509. DOI ; РИНЦ		NOT_KEYWORD_MATCHED	NEEDS_DOI_VERSION_AND_AFFILIATION_REVIEW
2025	222	https://www.itp.nsc.ru/publikacii/2025/2025stati/12.html	Ponomareva T.V., Litvintsev K.Yu., Finnikov K.A., Yakimov N.D., Ponomarev G.E., Ponomarev E.I. The variability in the thermophysical properties of soils for sustainability of the industrial-affected zone of the Siberian Arctic // Sustainability. – 2025. – Vol. 17, iss. 19. – 8892. - 23 p. DOI ; РИНЦ		NOT_KEYWORD_MATCHED	NEEDS_DOI_VERSION_AND_AFFILIATION_REVIEW
2025	223	https://www.itp.nsc.ru/publikacii/2025/2025stati/12.html	Kuznetsov G.V., Kravchenko E.V., Pribaturin N.A. Thermal conditions of the battery cell of an electrochemical energy storage system under intense electrochemical and chemical reactions // Journal of the Brazilian Society of Mechanical Sciences and Engineering. - 2025. - Vol. 47, iss. 4. - 254. DOI ; РИНЦ		NOT_KEYWORD_MATCHED	NEEDS_DOI_VERSION_AND_AFFILIATION_REVIEW
2025	224	https://www.itp.nsc.ru/publikacii/2025/2025stati/12.html	Isaenko L.I., Xu B., Korzhneva K.E., Gong P., Samoshkin D.A., Kurus A.F., Lin Z. Thermal conductivity and balanced performance in infrared nonlinear optical multicomponent chalcogenides Li x Ag 1-x Ga y In 1-y Se 2- // Inorganic Chemistry Frontiers. – 2025. – Vol. 12, iss. 5. – P. 1867–1873. DOI ; РИНЦ		NOT_KEYWORD_MATCHED	NEEDS_DOI_VERSION_AND_AFFILIATION_REVIEW
2025	225	https://www.itp.nsc.ru/publikacii/2025/2025stati/12.html	Agazhanov A.Sh., Abdullaev R.N., Samoshkin D.A., Nepomnyashchikh V.A. Thermal conductivity and thermal diffusivity of magnesium-lithium alloys // Thermophysics and Aeromechanics. - 2025. - Vol. 32, iss. 2. - P. 303–309. DOI ; РИНЦ (Агажанов А.Ш., Абдуллаев Р.Н., Самошкин Д.А., Непомнящих В.А. Теплопроводность и температуропроводность магний-литиевых сплавов // Теплофизика и аэромеханика. - 2025. - Т. 32, № 2. - С. 247-253. DOI ; РИНЦ )		NOT_KEYWORD_MATCHED	NEEDS_DOI_VERSION_AND_AFFILIATION_REVIEW
2025	226	https://www.itp.nsc.ru/publikacii/2025/2025stati/12.html	Baidildina A.D., Nurgaliyeva A.T., Kopyev E.P., Kuznetsov A.V., Butakov E.B., Shadrin E.Yu., Domarov P.V., Alekseenko S.V., Lomovskiy I.O. Thermal decomposition, ignition, combustion and gasification of coal and biomass composite // Energies. – 2025. – Vol. 18, iss. 24. – 6379. DOI ; РИНЦ		NOT_KEYWORD_MATCHED	NEEDS_DOI_VERSION_AND_AFFILIATION_REVIEW
2025	227	https://www.itp.nsc.ru/publikacii/2025/2025stati/12.html	Boyko E.V., Smovzh D.V., Sorokin D.V., Pilnik A.A., Khomyakov M.N. Thermoacoustics of CVD graphene // Applied Acoustics. - 2025. - Vol. 240. - 110920. - 9 p. DOI ; РИНЦ		NOT_KEYWORD_MATCHED	NEEDS_DOI_VERSION_AND_AFFILIATION_REVIEW
2025	228	https://www.itp.nsc.ru/publikacii/2025/2025stati/12.html	Shestakov M.V. Three-dimensional flow structure in a narrow gap of a peripheral subchannel model of a fuel assembly: time-resolved tomographic velocity measurements // Thermophysics and Aeromechanics. - 2025. - Vol. 32, iss. 5. - P. 1169–1173. DOI (Шестаков М.В. Трехмерная структура течения в узком зазоре модели периферийной ячейки тепловыделяющей сборки: томографические измерения скорости с высоким временным разрешением // Теплофизика и аэромеханика. – 2025. – Т. 32, № 5. – С. 979–983. DOI ; РИНЦ )		NOT_KEYWORD_MATCHED	NEEDS_DOI_VERSION_AND_AFFILIATION_REVIEW
2025	229	https://www.itp.nsc.ru/publikacii/2025/2025stati/12.html	Cherdantsev A., Isaenkov S., Markovich D. Transition to entrainment in downward annular gas-liquid flow: study through flow control // International Journal of Multiphase Flow. – 2025. – Vol. 184. – 105109. DOI ; РИНЦ		NOT_KEYWORD_MATCHED	NEEDS_DOI_VERSION_AND_AFFILIATION_REVIEW
2025	230	https://www.itp.nsc.ru/publikacii/2025/2025stati/12.html	Terekhov V.I., Chokhar I.A., Lun N.Ya. Turbulent flow structure in a hemicylindrical dimple on the wall of a flat channel // Journal of Applied Mechanics and Technical Physics. - 2025. - Vol. 66, iss. 1. - P. 51-60. DOI ; РИНЦ (Терехов В.И., Чохар И.А., Ян Лун Н. Структура турбулентного течения в полуцилиндрической траншее, расположенной на стенке плоского канала // Прикладная механика и техническая физика. - 2025. - № 1 (389). - С. 60-72. DOI ; РИНЦ )		NOT_KEYWORD_MATCHED	NEEDS_DOI_VERSION_AND_AFFILIATION_REVIEW
2025	231	https://www.itp.nsc.ru/publikacii/2025/2025stati/12.html	Ignatenko Ya., Gavrilov A., Bocharov O.B., Aragall R. Turbulent spiral flow of power-law fluid in annular channel // European Journal of Mechanics – B/Fluids. – 2025. – Vol. 109. – P. 354–366. DOI ; РИНЦ		NOT_KEYWORD_MATCHED	NEEDS_DOI_VERSION_AND_AFFILIATION_REVIEW
2025	232	https://www.itp.nsc.ru/publikacii/2025/2025stati/12.html	Vozhakov I.S., Hrebtov M.Yu., Yavorskii N.I., Mullyadzhanov R.I. Two-component swirling jet atomization with static vortex generators // Physics of Fluids. – 2025. – Vol. 37, iss. 7. - 073305. - 10 p. DOI ; РИНЦ		NOT_KEYWORD_MATCHED	NEEDS_DOI_VERSION_AND_AFFILIATION_REVIEW
2025	233	https://www.itp.nsc.ru/publikacii/2025/2025stati/12.html	Misyura S.Y., Morozov V.S., Strizhak P.A. Using CO 2 hydrate and air flow to extinguish flame from wood materials // Journal of Engineering Thermophysics. - 2025. - Vol. 34, iss.1. - P. 62-73. DOI ; РИНЦ		NOT_KEYWORD_MATCHED	NEEDS_DOI_VERSION_AND_AFFILIATION_REVIEW
2025	234	https://www.itp.nsc.ru/publikacii/2025/2025stati/12.html	Serdyukov V., Kosovskikh I., Malakhov I. Using LED interferometry technique to study pressure reduction effect on microlayer thickness during pool boiling // Journal of Engineering Thermophysics. - 2025. - Vol. 34, iss.1. - P. 1-11. DOI ; РИНЦ		KEYWORD_CANDIDATE	NEEDS_DOI_VERSION_AND_AFFILIATION_REVIEW
2025	235	https://www.itp.nsc.ru/publikacii/2025/2025stati/12.html	Ponomarev A., Mullyadzhanov R. Validation of the simplified and detailed models of mixed polymer combustion in a small fire in a cargo compartment // Fire. – 2025. – Vol. 8, iss. 10. – 403. - 23 p. DOI ; РИНЦ		NOT_KEYWORD_MATCHED	NEEDS_DOI_VERSION_AND_AFFILIATION_REVIEW
2025	236	https://www.itp.nsc.ru/publikacii/2025/2025stati/12.html	Meleshkin A.V., Morozov V.S., Klimov B.A., Knyazkov V.A., Marasanov N.V. Visualization of the HFC 134a hydrate grows by the boiling and condensation method of hydrate-forming gas in an aqueous solution of NaCl salt // Journal of Flow Visualization and Image Processing. – 2025. – Vol. 32, iss. 4. – P. 63–74. DOI ; РИНЦ		KEYWORD_CANDIDATE	NEEDS_DOI_VERSION_AND_AFFILIATION_REVIEW
2025	237	https://www.itp.nsc.ru/publikacii/2025/2025stati/12.html	Khairulin R.A., Abdullaev R.N., Stankus S.V. Volumetric properties of liquid rubidium–lead alloy of equiatomic composition // Thermophysics and Aeromechanics. - 2025. - Vol. 32, iss. 4. - P. 975-982. DOI ; РИНЦ (Хайрулин Р.А., Абдуллаев Р.Н., Станкус С.В. Термические свойства жидкого сплава рубидий–свинец эквиатомного состава // Теплофизика и аэромеханика. – 2025. – Т. 32, № 4. – С. 795–802. DOI ; РИНЦ )		NOT_KEYWORD_MATCHED	NEEDS_DOI_VERSION_AND_AFFILIATION_REVIEW
2025	238	https://www.itp.nsc.ru/publikacii/2025/2025stati/12.html	Nurgaliyeva A., Baidildina A., Butakov E., Aliyarov B. Vortex combustion characteristics of mechanoactivated coal-biomass composite fuels // E3S Web of Conferences. – 2025. – Vol. 646. – 00028. - 5 p. DOI ; РИНЦ		NOT_KEYWORD_MATCHED	NEEDS_DOI_VERSION_AND_AFFILIATION_REVIEW
2025	239	https://www.itp.nsc.ru/publikacii/2025/2025stati/12.html	Ярыгин В.Н., Приходько В.Г., Ярыгин И.В. Адаптация газодинамических защитных технологий для минимизации аэротехногенного загрязнения агроэкосистем // Аграрная наука. – 2025. – № 11. – С. 209–214. DOI ; РИНЦ		NOT_KEYWORD_MATCHED	NEEDS_DOI_VERSION_AND_AFFILIATION_REVIEW
2025	240	https://www.itp.nsc.ru/publikacii/2025/2025stati/12.html	Литвинцев К.Ю., Финников К.А., Пономарёва Т.В. Анализ теплофизических свойств почв криолитозоны по данным мониторинга вертикального профиля температуры // Журнал Сибирского федерального университета. Серия: Техника и технологии. - 2025. - Т. 18, № 8. - С. 1013-1025. РИНЦ		NOT_KEYWORD_MATCHED	NEEDS_DOI_VERSION_AND_AFFILIATION_REVIEW
2025	241	https://www.itp.nsc.ru/publikacii/2025/2025stati/13.html	Литвинцев К.Ю., Мешкова В.Д., Филимонов С.А. Влияние метеоусловий на формирование пешеходной комфортности на примере городского квартала Красноярска // Географический вестник. – 2025. – № 4 (75). – С. 105–118. DOI ; РИНЦ		NOT_KEYWORD_MATCHED	NEEDS_DOI_VERSION_AND_AFFILIATION_REVIEW
2025	242	https://www.itp.nsc.ru/publikacii/2025/2025stati/13.html	Леманов В.В., Лукашов В.В., Шаров К.А. Влияние начальных возмущений в импактной струе Хагена—Пуазейля на интенсификацию пристенного теплообмена // Письма в Журнал технической физики. - 2025. - Т. 51, № 4. - С. 19-22. РИНЦ		KEYWORD_CANDIDATE	NEEDS_DOI_VERSION_AND_AFFILIATION_REVIEW
2025	243	https://www.itp.nsc.ru/publikacii/2025/2025stati/13.html	Константинов В.О., Самохвалов Ф.А., Морозова М.А., Баранов Е.А. Влияние толщины затравочного слоя аморфного германия на золото-индуцированную кристаллизацию тонких пленок германия // Успехи прикладной физики. – 2025. – Т. 13, № 2. – С. 141–148. РИНЦ		NOT_KEYWORD_MATCHED	NEEDS_DOI_VERSION_AND_AFFILIATION_REVIEW
2025	244	https://www.itp.nsc.ru/publikacii/2025/2025stati/13.html	Огуречников Л. А. Выработка электроэнергии и теплоснабжение в области низких температур тепловых источников // Промышленная энергетика. – 2025. – Т. 13, № 2. – С. 28–36. DOI ; РИНЦ		NOT_KEYWORD_MATCHED	NEEDS_DOI_VERSION_AND_AFFILIATION_REVIEW
2025	245	https://www.itp.nsc.ru/publikacii/2025/2025stati/13.html	Шахрай М.С., Антонов Д.В., Стрижак П.А., Сажин С.С. Высокотемпературное испарение капель воды с твердыми нерастворимыми примесями // Письма в Журнал технической физики. - 2025. - Т. 51, № 4. - С. 3-7. РИНЦ		KEYWORD_CANDIDATE	NEEDS_DOI_VERSION_AND_AFFILIATION_REVIEW
2025	246	https://www.itp.nsc.ru/publikacii/2025/2025stati/13.html	Алексеев М.М., Семенов О.Ю., Рашковский С.А., Якуш С.Е. Горизонтальная установка Хеле-Шоу для исследования ламинарных ячеистых пламен // Научное приборостроение. - 2025. - Т. 35, № 1. - С. 56-63. РИНЦ		NOT_KEYWORD_MATCHED	NEEDS_DOI_VERSION_AND_AFFILIATION_REVIEW
2025	247	https://www.itp.nsc.ru/publikacii/2025/2025stati/13.html	Андрющенко В.А., Бетке И.А., Богомолова А.И., Сорокин Д.В. Изучение динамики высыхающих капель графеновым датчиком // Журнал технической физики. - 2025. - Т. 95, № 2. - С. 247-257. РИНЦ		NOT_KEYWORD_MATCHED	NEEDS_DOI_VERSION_AND_AFFILIATION_REVIEW
2025	248	https://www.itp.nsc.ru/publikacii/2025/2025stati/13.html	Пахомов М.А. Исследование локальной структуры течения и сопротивления при вдуве кольцевой газокапельной струи в поперечный поток // Теплофизика высоких температур. - 2025. - Т. 63, № 2. - С. 277-286. РИНЦ		NOT_KEYWORD_MATCHED	NEEDS_DOI_VERSION_AND_AFFILIATION_REVIEW
2025	249	https://www.itp.nsc.ru/publikacii/2025/2025stati/13.html	Яновский Л.С., Ежов В.М., Ильина М.А., Червонная Н.А., Новаковский Д.В. Исследование пожаровзрывобезопасности авиационных смазочных масел // Новое в российской электроэнергетике. - 2025. - № 1. - С. 14-20. РИНЦ		NOT_KEYWORD_MATCHED	NEEDS_DOI_VERSION_AND_AFFILIATION_REVIEW
2025	250	https://www.itp.nsc.ru/publikacii/2025/2025stati/13.html	Воеводин В. В., Коржова О. И., Хомич В. Ю., Ямщиков В. А. Исследование распределения вытягиваемого ионного тока при встречном развитии каналов поверхностного барьерного разряда // Письма в Журнал технической физики. - 2025. - Т. 51, № 3. - С. 38-41. РИНЦ		NOT_KEYWORD_MATCHED	NEEDS_DOI_VERSION_AND_AFFILIATION_REVIEW
2025	251	https://www.itp.nsc.ru/publikacii/2025/2025stati/13.html	Янкова В.Г., Гобызов О.А., Рябов М.Н., Григорьева В.Ю., Удянская И.Л., Жукова А.А., Слонская Т.К., Плахотная О.Н., Эпштейн Н.Б., Помазкина М.П., Грибанова С.В. Качество распыления дозированных спреев: сравнительное исследование бензидаминсодержащих препаратов // Вопросы практической педиатрии. – 2025. – Т. 20, № 5. – С. 39–48. DOI ; РИНЦ		NOT_KEYWORD_MATCHED	NEEDS_DOI_VERSION_AND_AFFILIATION_REVIEW
2025	252	https://www.itp.nsc.ru/publikacii/2025/2025stati/13.html	Пинаев В.А., Константинов В.О., Щукин В.Г. Методика составления материального баланса при конверсии метана в электронно-пучковой плазме // Известия высших учебных заведений. Физика. - 2025. - Т. 68, № 9 (814). – С. 61–65. DOI ; РИНЦ		NOT_KEYWORD_MATCHED	NEEDS_DOI_VERSION_AND_AFFILIATION_REVIEW
2025	253	https://www.itp.nsc.ru/publikacii/2025/2025stati/13.html	Низовцев М.И., Стерлягов А.Н. Методология определения температуры воздуха в неотапливаемом техподполье при эксплуатации системы отопления «теплый пол» // Известия Высших учебных заведений. Строительство. – 2025. – № 11 (803). – С. 85–93. DOI ; РИНЦ		NOT_KEYWORD_MATCHED	NEEDS_DOI_VERSION_AND_AFFILIATION_REVIEW
2025	254	https://www.itp.nsc.ru/publikacii/2025/2025stati/13.html	Пономарев А.А., Мулляджанов Р.И., Дулин В.М. Моделирование бунзеновского пламени метана в слабом поперечном электрическом поле // Горение и взрыв. – 2025. – Т. 18, № 2 (47). – С. 3–12. DOI ; РИНЦ		NOT_KEYWORD_MATCHED	NEEDS_DOI_VERSION_AND_AFFILIATION_REVIEW
2025	255	https://www.itp.nsc.ru/publikacii/2025/2025stati/13.html	Дектерев А.А., Дектерев А.А. Моделирование метано-водородного пламени на примере вихревой горелки // Сибирский аэрокосмический журнал. – 2025. – Т. 26, № 4. – С. 518–531. DOI ; РИНЦ		NOT_KEYWORD_MATCHED	NEEDS_DOI_VERSION_AND_AFFILIATION_REVIEW
2025	256	https://www.itp.nsc.ru/publikacii/2025/2025stati/13.html	Дектерев, А.А., Дектерев, А.А. Моделирование метановоздушных пламен // Журнал Сибирского федерального университета. Серия: Техника и технологии. – 2025. – Т. 18, № 2. – С. 272–294. РИНЦ		NOT_KEYWORD_MATCHED	NEEDS_DOI_VERSION_AND_AFFILIATION_REVIEW
2025	257	https://www.itp.nsc.ru/publikacii/2025/2025stati/13.html	Киверин А.Д., Смыгалина А.Е. О газодинамическом подобии в задаче истечения водорода под высоким давлением в воздух // Химическая физика. - 2025. - Т. 44, № 4. - С. 63-68. РИНЦ		NOT_KEYWORD_MATCHED	NEEDS_DOI_VERSION_AND_AFFILIATION_REVIEW
2025	258	https://www.itp.nsc.ru/publikacii/2025/2025stati/13.html	Яворский Н.И. О поле течения затопленной закрученной неавтомодельной струи вязкой несжимаемой жидкости, определяемом точными интегралами движения // Прикладная математика и механика. – 2025. – Т. 89, № 5. – С. 765–783. DOI ; РИНЦ		NOT_KEYWORD_MATCHED	NEEDS_DOI_VERSION_AND_AFFILIATION_REVIEW
2025	259	https://www.itp.nsc.ru/publikacii/2025/2025stati/13.html	Чёрный С.Г., Тарраф Д. Об особенностях моделирования распада струи жидкости на капли в потоке газа // Вестник Новосибирского государственного университета. Серия: Информационные технологии. - 2025. - Т. 23, № 1. - С. 67-87. DOI ; РИНЦ		NOT_KEYWORD_MATCHED	NEEDS_DOI_VERSION_AND_AFFILIATION_REVIEW
2025	260	https://www.itp.nsc.ru/publikacii/2025/2025stati/13.html	Зайченко А.Ю., Подлесный Д.Н., Полианчик Е.В., Салганская М.В., Тарасов Г.А., Цветков М.В. Окислительная конверсия этанола в синтез-газ в реакторе с подвижным слоем инертного теплоносителя. Влияние газодинамических факторов // Химическая физика. - 2025. - Т. 44, № 7. - С. 15-25. РИНЦ		NOT_KEYWORD_MATCHED	NEEDS_DOI_VERSION_AND_AFFILIATION_REVIEW
2025	261	https://www.itp.nsc.ru/publikacii/2025/2025stati/14.html	Георгиевский П.Ю., Левин В.А., Сутырин О.Г. Особенности сверхзвукового обтекания тел при мгновенном энерговкладе в газовом пузыре перед головной ударной волной // Известия Российской академии наук. Механика жидкости и газа. - 2025. - № 2. - С. 122-134. РИНЦ		NOT_KEYWORD_MATCHED	NEEDS_DOI_VERSION_AND_AFFILIATION_REVIEW
2025	262	https://www.itp.nsc.ru/publikacii/2025/2025stati/14.html	Мунгалов А.С., Кочкин Д.Ю., Карчевский А.Л., Кабов О.А. Переход от расслоенного течения к кольцевому в плоском миниканале при высоких скоростях жидкости и газа // Доклады Российской академии наук. Физика, технические науки. – 2025. – Т. 524, № 1. – С. 69–75. DOI ; РИНЦ		NOT_KEYWORD_MATCHED	NEEDS_DOI_VERSION_AND_AFFILIATION_REVIEW
2025	263	https://www.itp.nsc.ru/publikacii/2025/2025stati/14.html	Константинов В.О., Щукин В.Г. Плазмохимическое получение углеводородов группы С 2 из метана // Успехи прикладной физики. – 2025. – Т. 13, № 5. – С. 429–436. РИНЦ		NOT_KEYWORD_MATCHED	NEEDS_DOI_VERSION_AND_AFFILIATION_REVIEW
2025	264	https://www.itp.nsc.ru/publikacii/2025/2025stati/14.html	Филимонов С.А., Минаков А.В., Гузей Д.В. Поросетевое моделирование процесса вытеснения нефти из микрофлюидного чипа водными растворами, модифицированными различными добавками // Автоматизация и информатизация ТЭК. – 2025. – № 5 (622). – С. 51–57. РИНЦ		NOT_KEYWORD_MATCHED	NEEDS_DOI_VERSION_AND_AFFILIATION_REVIEW
2025	265	https://www.itp.nsc.ru/publikacii/2025/2025stati/14.html	Кочарина А.Р., Чирков Д.В. Схема Годунова для решения уравнений движения несжимаемой жидкости // Вычислительные технологии. – 2025. – Т. 30, № 6. – С. 76–97. DOI ; РИНЦ		NOT_KEYWORD_MATCHED	NEEDS_DOI_VERSION_AND_AFFILIATION_REVIEW
2025	266	https://www.itp.nsc.ru/publikacii/2025/2025stati/14.html	Прибатурин Н.А., Лобанов П.Д., Курдюмов А.С., Светоносов А.И., Чинак А.В. Тестирование многопетлевого контура в режиме естественной циркуляции свинцово-висмутового теплоносителя // Труды Новосибирского государственного технического университета им. Р.Е. Алексеева. - 2025. - № 1 (148). - С. 50-58. РИНЦ		NOT_KEYWORD_MATCHED	NEEDS_DOI_VERSION_AND_AFFILIATION_REVIEW
2025	267	https://www.itp.nsc.ru/publikacii/2025/2025stati/14.html	Терехов В.И., Чохар И.А., Ян Лун Н. Турбулентное течение в узком канале при наличии на одной из стенок однорядного пакета наклонных траншейных лунок // Известия Российской академии наук. Механика жидкости и газа. – 2025. – № 4. – С. 105–116. DOI ; РИНЦ		NOT_KEYWORD_MATCHED	NEEDS_DOI_VERSION_AND_AFFILIATION_REVIEW
2025	268	https://www.itp.nsc.ru/publikacii/2025/2025stati/14.html	Дорохов В.В., Вершинина К.Ю., Романов Д.С., Стрижак П.А. Характеристики сжигания топливных композиций на основе нефтяного и угольного шламов // Химическая физика. - 2025. - Т. 44, № 10. - С. 34-45. РИНЦ		NOT_KEYWORD_MATCHED	NEEDS_DOI_VERSION_AND_AFFILIATION_REVIEW
2025	269	https://www.itp.nsc.ru/publikacii/2025/2025stati/14.html	Дектерев А.А., Дектерев А.А., Дектерев Д.А., Кретинин В.В., Сентябов А.В., Филимонов С.А., Финников К.А. Численное моделирование аэродинамики циклического движителя в режиме полета // Вычислительная механика сплошных сред. – 2025. – Т. 18, № 2. – С. 202–213. DOI ; РИНЦ		NOT_KEYWORD_MATCHED	NEEDS_DOI_VERSION_AND_AFFILIATION_REVIEW
2025	270	https://www.itp.nsc.ru/publikacii/2025/2025stati/14.html	Копьев Е. П., Садкин И. С., Шадрин Е. Ю. Экспериментальное исследование горения углеводородного топлива модифицированного наночастицами оксида алюминия в среде перегретого водяного пара // Доклады Академии наук высшей школы Российской Федерации. – 2025. – № 2 (67). – С. 35–50. DOI ; РИНЦ		NOT_KEYWORD_MATCHED	NEEDS_DOI_VERSION_AND_AFFILIATION_REVIEW
